1DB2FD28618BC79; 1466
1DB2FD28728B27E; 1460
1DB2FD2883A43AB; 1466
1DB2FD2986CFB2A; 1466
1DB2FD35211C7D3; 1466
1DB2FD3FE5ECC69; 1462
1DB2FD4A5DD5582; 1462
1DB2FD55229FC7B; 1489
1DB2FD563919F56; 1484
1DB2FD5759443DB; 1466
1DB2FD58796BD49; 1483
1DB2FD59999D43D; 1465
1DB2FD5B24D13F6; 1459
1DB2FD5BDA82DA1; 1465
1DB2FD5CFAA71DF; 1465
1DB2FD6829E3DA3; 1465
1DB2FD734F7FBDC; 1459
1DB2FD7C4D5C435; 1465
1DB3081571F8524; 1584
1DB3081582FC430; 1584
1DB308159424E7F; 1590
1DB308168D87206; 1585
1DB30817ADB20C0; 1590
1DB30818CDDB3B5; 1584
1DB30819EDFA461; 1591
1DB3081B0E2BEDE; 1585
1DB3081D045ADEB; 1591
1DB3081D4F8427E; 1584
1DB3081E6FAD324; 1591
1DB3081F8FD50CF; 1584
1DB30820AFFCA9A; 1591
1DB30821D01D5FE; 1563
1DB308235B4E047; 1584
1DB308247C02B7A; 1591
1DB3082531A629D; 1584
1DB3082651D095A; 1569
1DB308277203A78; 1563
1DB30828921FFDB; 1569
1DB30829B24A0D3; 1584
1DB3082AD26DD07; 1590
1DB3082BF2A7425; 1563
1DB3082D12C57B2; 1585
1DB3082E32E38F3; 1591
1DB3082F495C999; 1584
1DB3083069815E7; 1590
1DB3083189A469E; 1584
1DB3083314DCC00; 1584
1DB3083DE33199A; 1584
1DB30849125B054; 1584
1DB30854AC9377F; 1591
1DB3085CCBA6C54; 1584
1DB3086415BCBDC; 1588
1DB3086D43D8E6D; 1584
1DB3176BDF847B8; 1681
1DB3176BF0A114B; 1659
1DB3176C01BA1AB; 1665
1DB3176C12CF6D5; 1659
1DB3176D1F97C07; 1660
1DB317744CACA78; 1666
1DB3177BD0DBFDD; 1687
1DB3177CF1051F0; 1660
1DB3177E112DF0E; 1659
1DB317859F0DEF0; 1687
1DB31786BF3698C; 1660
1DB317884A6CC85; 1666
1DB31788F664304; 1660
1DB3178A168CF27; 1660
1DB3179545CA1CD; 1666
1DB3179E4D266C7; 1665
1DB317A97C6287D; 1659
1DB317B2706A656; 1666
1DB317BA2509EF7; 1659
1DB317C1350DB9D; 1681
1DB317C2C047BB2; 1666
1DB317C375EB7E3; 1659
1DB317C4962F923; 1660
1DBC45F7622BF36; 1383
1DBC45F9E1222B6; 1398
1DBC45FB3874CB6; 1398
1DBC45FC8FC76B6; 1404
1DBC45FE29DBE36; 1404
1DBC4601AA50136; 1397
1DBC460BF274336; 1406
1DBC461A0DD01D7; 1397
1DBC4622EE9FDB6; 1406
1DBC4622F97F897; 1406
1DBC462455F43D7; 1406
1DBC4625FF05F77; 1406
1DBC463B521FE57; 1406
1DBC463CFB319F7; 1406
1DBC463E8845940; 1406
1DBC46511D1E8D7; 1384
1DBC4652C630477; 1384
1DBC465453443C0; 1384
1DBC4664A25F6D7; 1381
1DBC46664B71277; 1381
1DBC4667D8851C0; 1381
1DBC4676F6734D7; 1413
1DBC46789F85077; 1413
1DBC467A2C98FC0; 1413
1DBC4687B9FC1D7; 1413
1DBC4689630DD77; 1413
1DBC468AF021CC0; 1413
1DBC4696F683457; 1407
1DBC46989F94FF7; 1407
1DBC469A2CA8F40; 1407
1DBC46AD9350DD7; 1392
1DBC46AF3C62977; 1392
1DBC46B0C9768C0; 1392
1DBC46C08984A57; 1392
1DBC46C232965F7; 1392
1DBC46C3BFAA540; 1392
1DBC46D55305557; 1394
1DBC46D6FC170F7; 1394
1DBC46D8892B040; 1394
1DBC46E89479461; 1394
1DBC46EC9B7C3D7; 1396
1DBC46EE448DF77; 1396
1DBC46EFD1A1EC0; 1396
1DBC46FFDCF02E1; 1396
1DBC47020084797; 1396
1DBC47021510F4B; 1396
1DBC4703DA69BD7; 1390
1DBC4705837B777; 1390
1DBC4707108F6C0; 1390
1DBC47171BDDAE1; 1390
1DBC47193F71F97; 1390
1DBC471953FE74B; 1390
1DBC471B22E0A57; 1395
1DBC471B5AFC57F; 1390
1DBC471CCBF25F7; 1395
1DBC471E5906540; 1395
1DBC472E6454961; 1395
1DBC473087E8E17; 1395
1DBC47309C755CB; 1395
1DBC47326B578D7; 1425
1DBC4732A3733FF; 1395
1DBC47341469477; 1425
1DBC4735A17D3C0; 1425
1DBC47433869C57; 1419
1DBC4744E17B7F7; 1419
1DBC47466E8F740; 1419
1DBC4747D05FC97; 1425
1DBC4747E4EC44B; 1425
1DBC4749EBEA27F; 1425
1DBC4757358F5F7; 1398
1DBC47589D72017; 1419
1DBC4758B1FE7CB; 1419
1DBC4758C2A3540; 1398
1DBC475AB8FC5FF; 1419
1DBC476930577C0; 1429
1DBC476AF185E17; 1398
1DBC476B06125CB; 1398
1DBC476D0D103FF; 1398
1DBC47793BA5BE1; 1429
1DBC477B5F3A097; 1429
1DBC477B73C684B; 1429
1DBC477D7AC467F; 1429
1DBC478EA746561; 1428
1DBC4790CADAA17; 1428
1DBC4790DF671CB; 1428
1DBC4792E664FFF; 1428
1DBC479F1E83E61; 1429
1DBC47A14218317; 1429
1DBC47A35DA28FF; 1429
1DBC47B666FACE1; 1432
1DBC47B88A8F197; 1432
1DBC47BAA61977F; 1432
1DBC47CDA5E84E1; 1439
1DBC47CFC97C997; 1439
1DBC47D1E506F7F; 1439
1DBC47E3F66AA61; 1430
1DBC47E619FEF17; 1430
1DBC47E835894FF; 1430
1DBC47FB3EE18E1; 1436
1DBC47FD6275D97; 1436
1DBC47FF7E0037F; 1436
1DBC48127DCF0E1; 1439
1DBC4814A163597; 1439
1DBC4816BCEDB7F; 1439
1DBC482924260E1; 1437
1DBC482B47BA597; 1437
1DBC482D6344B7F; 1437
1DBC484286A7D97; 1437
1DBC48429B3454B; 1437
1DBC4844A23237F; 1437
1DBC485BFDBBEFF; 1443
1DBC4C89B59703F; 1438
1DBC4CA0F48483F; 1445
1DBC4CA30E6647C; 1445
1DBC4CB83CFB6BF; 1447
1DBC4CBA56DD2FC; 1447
1DBC4CBC12CAFBB; 1447
1DBC4CBC1DCE32E; 1447
1DBC4CCEA09093F; 1446
1DBC4CD0BA7257C; 1446
1DBC4CD2766023B; 1446
1DBC4CD281635AE; 1446
1DBC4CD4753E161; 1446
1DBC4CE5DF7E13F; 1438
1DBC4CE7F95FD7C; 1438
1DBC4CE9B54DA3B; 1438
1DBC4CE9C050DAE; 1438
1DBC4CEBB42B961; 1438
1DBC4CEDC48AB84; 1438
1DBC4CFC43133BF; 1441
1DBC4CFE5CF4FFC; 1441
1DBC4D0018E2CBB; 1441
1DBC4D0023E602E; 1441
1DBC4D0217C0BE1; 1441
1DBC4D04281FE04; 1441
1DBC4D064208AB7; 1441
1DBC4D138B8A23F; 1447
1DBC4D15A56BE7C; 1447
1DBC4D176159B3B; 1447
1DBC4D176C5CEAE; 1447
1DBC4D196037A61; 1447
1DBC4D1B7096C84; 1447
1DBC4D1D8A7F937; 1447
1DBC4D29E595E3F; 1444
1DBC4D2BFF77A7C; 1444
1DBC4D2DBB6573B; 1444
1DBC4D2DC668AAE; 1444
1DBC4D2FBA43661; 1444
1DBC4D31CAA2884; 1444
1DBC4D33E48B537; 1444
1DBC4D412E0CCBF; 1450
1DBC4D4347EE8FC; 1450
1DBC4D4503DC5BB; 1450
1DBC4D450EDF92E; 1450
1DBC4D4702BA4E1; 1450
1DBC4D491319704; 1450
1DBC4D4B2D023B7; 1450
1DBC4D587683B3F; 1446
1DBC4D5A906577C; 1446
1DBC4D5C4C5343B; 1446
1DBC4D5C57567AE; 1446
1DBC4D5E4B31361; 1446
1DBC4D605B90584; 1446
1DBC4D627579237; 1446
1DBC4D6FB57133F; 1451
1DBC4D71CF52F7C; 1451
1DBC4D738B40C3B; 1451
1DBC4D739643FAE; 1451
1DBC4D758A1EB61; 1451
1DBC4D779A7DD84; 1451
1DBC4D79B466A37; 1451
1DBC4D86FDE81BF; 1430
1DBC4D8917C9DFC; 1430
1DBC4D8AD3B7ABB; 1430
1DBC4D8ADEBAE2E; 1430
1DBC4D8CD2959E1; 1430
1DBC4D8EE2F4C04; 1430
1DBC4D90FCDD8B7; 1430
1DBC4D9C1D3D73F; 1444
1DBC4D9E371F37C; 1444
1DBC4D9FF30D03B; 1444
1DBC4DA1F1EAF61; 1444
1DBC4DA4024A184; 1444
1DBC4DA61C32E37; 1444
1DBC4DB319691BF; 1423
1DBC4DB5334ADFC; 1423
1DBC4DB6EF38ABB; 1423
1DBC4DB8EE169E1; 1423
1DBC4DBAFE75C04; 1423
1DBC4DBD185E8B7; 1423
1DBC4DCA0C0B5BF; 1450
1DBC4DCC25ED1FC; 1450
1DBC4DCDE1DAEBB; 1450
1DBC4DCFE0B8DE1; 1450
1DBC4DD1F118004; 1450
1DBC4DD40B00CB7; 1450
1DBC4DE11B49D3F; 1424
1DBC4DE3352B97C; 1424
1DBC4DE4F11963B; 1424
1DBC4DE6EFF7561; 1424
1DBC4DE90056784; 1424
1DBC4DEB1A3F437; 1424
1DBC4DFA741917C; 1424
1DBC4DFC3006E3B; 1424
1DBC4DFE2EE4D61; 1424
1DBC4E003F43F84; 1424
1DBC4E02592CC37; 1424
1DBC4E0ED06603B; 1430
1DBC4E0EDB693AE; 1430
1DBC4E10CF43F61; 1430
1DBC4E12DFA3184; 1430
1DBC4E14F98BE37; 1430
1DBC4E27DE826E1; 1423
1DBC4E29B2ECD0D; 1430
1DBC4E29EEE1904; 1423
1DBC4E2C08CA5B7; 1423
1DBC4E40C22B48D; 1423
1DBC4E413758784; 1429
1DBC4E435141437; 1429
1DBC4E580AA230D; 1429
1DBC4E5A902EC37; 1429
1DBC4E6F498FB0D; 1429
1DBC4E86920698D; 1428
1DBC4E9DD0F418D; 1428
1DBC4EB50FE198D; 1476
1DBC4EC311B258D; 1483
1DBC4ECC61E1E8D; 1486
1DBC4EE08942B0D; 1482
1DBC4EF7D1B998D; 1462
1DBC4F0ABE63F8D; 1479
1DBC4F22106448D; 1484
1DBC4F354959E8D; 1513
1DBC4F45744C38D; 1512
1DBC4F55EB89C8D; 1512
1DBC53C7FB79611; 1541
1DBC53C80686EFC; 1541
1DBC53DF4D79B11; 1544
1DBC53E15F67C64; 1544
1DBC53F695F0991; 1545
1DBC53F8A7DEAE4; 1545
1DBC53FAC1D142A; 1545
1DBC53FACCDF0F4; 1545
1DBC540DD4DE191; 1548
1DBC540FE6CC2E4; 1548
1DBC541200BEC2A; 1548
1DBC54120BCC8F4; 1548
1DBC54141C3D17E; 1548
1DBC541427416FE; 1548
1DBC54251D55011; 1554
1DBC54272F43164; 1554
1DBC54294935AAA; 1554
1DBC54295443774; 1554
1DBC542B64B3FFE; 1554
1DBC542B6FB857E; 1554
1DBC542D80293F2; 1554
1DBC542D8B2F352; 1554
1DBC543BC3AC011; 1555
1DBC543DD59A164; 1555
1DBC543FEF8CAAA; 1555
1DBC543FFA9A774; 1555
1DBC54420B0AFFE; 1555
1DBC5442160F57E; 1555
1DBC544426803F2; 1555
1DBC54443186352; 1555
1DBC54462FAE2AD; 1555
1DBC5452C961111; 1565
1DBC5454DB4F264; 1565
1DBC5456F541BAA; 1565
1DBC5457004F874; 1565
1DBC545910C00FE; 1565
1DBC54591BC467E; 1565
1DBC545B2C354F2; 1565
1DBC545B373B452; 1565
1DBC545D35633AD; 1565
1DBC5468EA34611; 1567
1DBC546AFC22764; 1567
1DBC546D16150AA; 1567
1DBC546D2122D74; 1567
1DBC546F31935FE; 1567
1DBC546F3C97B7E; 1567
1DBC54714D089F2; 1567
1DBC5471580E952; 1567
1DBC547356368AD; 1567
1DBC547E9896D11; 1551
1DBC5480AA84E64; 1551
1DBC5482C4777AA; 1551
1DBC5482CF85474; 1551
1DBC5484DFF5CFE; 1551
1DBC5484EAFA27E; 1551
1DBC5486FB6B0F2; 1551
1DBC54870671052; 1551
1DBC54890498FAD; 1551
1DBC5493B7EC291; 1569
1DBC5495C9DA3E4; 1569
1DBC5497E3CCD2A; 1569
1DBC5497EEDA9F4; 1569
1DBC5499FF4B27E; 1569
1DBC549A0A4F7FE; 1569
1DBC549C1AC0672; 1569
1DBC549C25C65D2; 1569
1DBC549E23EE52D; 1569
1DBC54AB0063111; 1570
1DBC54AD1251264; 1570
1DBC54AF2C43BAA; 1570
1DBC54AF3751874; 1570
1DBC54B147C20FE; 1570
1DBC54B152C667E; 1570
1DBC54B363374F2; 1570
1DBC54B36E3D452; 1570
1DBC54B56C653AD; 1570
1DBC54BF3AD6A91; 1577
1DBC54C14CC4BE4; 1577
1DBC54C366B752A; 1577
1DBC54C371C51F4; 1577
1DBC54C58235A7E; 1577
1DBC54C58D39FFE; 1577
1DBC54C79DAAE72; 1577
1DBC54C7A8B0DD2; 1577
1DBC54C9A6D8D2D; 1577
1DBC54D5E12DA91; 1571
1DBC54D7F31BBE4; 1571
1DBC54DA0D0E52A; 1571
1DBC54DC288CA7E; 1571
1DBC54DC3390FFE; 1571
1DBC54DE4401E72; 1571
1DBC54DE4F07DD2; 1571
1DBC54E04D2FD2D; 1571
1DBC54ED29A4911; 1577
1DBC54EF3B92A64; 1577
1DBC54F155853AA; 1577
1DBC54F371038FE; 1577
1DBC54F37C07E7E; 1577
1DBC54F58C78CF2; 1577
1DBC54F5977EC52; 1577
1DBC54F795A6BAD; 1577
1DBC5504721B791; 1581
1DBC550684098E4; 1581
1DBC55089DFC22A; 1581
1DBC550AB97A77E; 1581
1DBC550CD4EFB72; 1581
1DBC550CDFF5AD2; 1581
1DBC550EDE1DA2D; 1581
1DBC551ACC27391; 1575
1DBC551AD734C7C; 1575
1DBC551CDE154E4; 1575
1DBC551EF807E2A; 1575
1DBC5521138637E; 1575
1DBC55232EFB772; 1575
1DBC5525382962D; 1575
1DBC5534399F064; 1578
1DBC553653919AA; 1578
1DBC55386F0FEFE; 1578
1DBC553A8A852F2; 1578
1DBC553C93B31AD; 1578
1DBC554D9C0882A; 1578
1DBC554DA7164F4; 1578
1DBC554FB786D7E; 1578
1DBC5551D2FC172; 1578
1DBC5553DC2A02D; 1578
1DBC5567098727E; 1578
1DBC5567148B7FE; 1578
1DBC556924FC672; 1578
1DBC556B2E2A52D; 1578
1DBC558076FCB72; 1579
1DBC55808202AD2; 1579
1DBC5582802AA2D; 1579
1DBC5599DBB45AD; 1578
1DBC590826C225D; 1591
1DBC591F6F390DD; 1591
1DBC5936B7AFF5D; 1588
1DBC594E0026DDD; 1591
1DBC59653F145DD; 1585
1DBC597CA4277DD; 1591
1DBC5993F627CDD; 1587
1DBC59AB3E9EB5D; 1582
1DBC59C1DB6C4DD; 1582
1DBC59D923E335D; 1588
1DBC59F062D0B5D; 1588
1DBC5A07AB479DD; 1584
1DBC5A1EEA351DD; 1590
1DBC5A3632AC05D; 1584
1DBC5A36C92282F; 1590
1DBC5A4D719985D; 1581
1DBC5A4FE96A379; 1584
1DBC5A4FF475CE3; 1584
1DBC5A640E671DD; 1591
1DBC5A655086EAF; 1581
1DBC5A672857B79; 1581
1DBC5A6733634E3; 1581
1DBC5A683C039D1; 1581
1DBC5A7BED5482F; 1591
1DBC5A7DC5254F9; 1591
1DBC5A7DD030E63; 1591
1DBC5A7ED8D1351; 1591
1DBC5A7F9FC0CD8; 1591
1DBC5A92E9802AF; 1560
1DBC5A94C150F79; 1560
1DBC5A94CC5C8E3; 1560
1DBC5A95D4FCDD1; 1560
1DBC5A969BEC758; 1560
1DBC5A97B7A87C9; 1560
1DBC5AA6C495B2F; 1559
1DBC5AA89C667F9; 1559
1DBC5AA8A772163; 1559
1DBC5AA9B012651; 1559
1DBC5AAA7701FD8; 1559
1DBC5AAB92BE049; 1559
1DBC5AACA4F1AE1; 1559
1DBC5AB791A7EAF; 1553
1DBC5AB96978B79; 1553
1DBC5AB974844E3; 1553
1DBC5ABA7D249D1; 1553
1DBC5ABB4414358; 1553
1DBC5ABC5FD03C9; 1553
1DBC5ABD7203E61; 1553
1DBC5ABF3732A53; 1553
1DBC5ACE37FEEAF; 1560
1DBC5AD00FCFB79; 1560
1DBC5AD01ADB4E3; 1560
1DBC5AD1237B9D1; 1560
1DBC5AD1EA6B358; 1560
1DBC5AD306273C9; 1560
1DBC5AD4185AE61; 1560
1DBC5AD5DD89A53; 1560
1DBC5AD76DA3010; 1560
1DBC5AE589FF3AF; 1553
1DBC5AE761D0079; 1553
1DBC5AE76CDB9E3; 1553
1DBC5AE8757BED1; 1553
1DBC5AE93C6B858; 1553
1DBC5AEA58278C9; 1553
1DBC5AEB6A5B361; 1553
1DBC5AED2F89F53; 1553
1DBC5AEEBFA3510; 1553
1DBC5AEFBF7EE7E; 1553
1DBC5AFCD27622F; 1551
1DBC5AFEAA46EF9; 1551
1DBC5B0084E26D8; 1551
1DBC5B01A09E749; 1551
1DBC5B02B2D21E1; 1551
1DBC5B047800DD3; 1551
1DBC5B06081A390; 1551
1DBC5B0707F5CFE; 1551
1DBC5B07D7F0356; 1551
1DBC5B1378CD22F; 1550
1DBC5B15509DEF9; 1550
1DBC5B172B396D8; 1550
1DBC5B1846F5749; 1550
1DBC5B1959291E1; 1550
1DBC5B1B1E57DD3; 1550
1DBC5B1CAE71390; 1550
1DBC5B1DAE4CCFE; 1550
1DBC5B1E7E47356; 1550
1DBC5B205F99591; 1550
1DBC5B2AB7BAA2F; 1557
1DBC5B2C8F8B6F9; 1557
1DBC5B2E6A26ED8; 1557
1DBC5B2F85E2F49; 1557
1DBC5B3098169E1; 1557
1DBC5B325D455D3; 1557
1DBC5B33ED5EB90; 1557
1DBC5B34ED3A4FE; 1557
1DBC5B35BD34B56; 1557
1DBC5B379E86D91; 1557
1DBC5B38E9C49B7; 1557
1DBC5B38FE5A583; 1557
1DBC5B41D08282F; 1551
1DBC5B43A8534F9; 1551
1DBC5B4582EECD8; 1551
1DBC5B469EAAD49; 1551
1DBC5B47B0DE7E1; 1551
1DBC5B49760D3D3; 1551
1DBC5B4B0626990; 1551
1DBC5B4C06022FE; 1551
1DBC5B4CD5FC956; 1551
1DBC5B4EB74EB91; 1551
1DBC5B50028C7B7; 1551
1DBC5B501722383; 1551
1DBC5B5201C783C; 1551
1DBC5B5918F96AF; 1557
1DBC5B5AF0CA379; 1557
1DBC5B5CCB65B58; 1557
1DBC5B5EF955661; 1557
1DBC5B60BE84253; 1557
1DBC5B624E9D810; 1557
1DBC5B634E7917E; 1557
1DBC5B641E737D6; 1557
1DBC5B65FFC5A11; 1557
1DBC5B674B03637; 1557
1DBC5B675F99203; 1557
1DBC5B694A3E6BC; 1557
1DBC5B6AFCA5DFB; 1557
1DBC5B7057E6EAF; 1553
1DBC5B722FB7B79; 1553
1DBC5B740A53358; 1553
1DBC5B763842E61; 1553
1DBC5B77FD71A53; 1553
1DBC5B798D8B010; 1553
1DBC5B7A8D6697E; 1553
1DBC5B7B5D60FD6; 1553
1DBC5B7D3EB3211; 1553
1DBC5B7E89F0E37; 1553
1DBC5B7E9E86A03; 1553
1DBC5B80892BEBC; 1553
1DBC5B823B935FB; 1553
1DBC5B842FC8795; 1553
1DBC5B87A05DD2F; 1540
1DBC5B89782E9F9; 1540
1DBC5B8B52CA1D8; 1540
1DBC5B8D80B9CE1; 1540
1DBC5B8F45E88D3; 1540
1DBC5B90D601E90; 1540
1DBC5B91D5DD7FE; 1540
1DBC5B92A5D7E56; 1540
1DBC5B94872A091; 1540
1DBC5B95D267CB7; 1540
1DBC5B95E6FD883; 1540
1DBC5B97D1A2D3C; 1540
1DBC5B99840A47B; 1540
1DBC5B9B783F615; 1540
1DBC5B9DAF24913; 1540
1DBC5B9E4B38B79; 1501
1DBC5B9E56444E3; 1501
1DBC5BA025D4358; 1501
1DBC5BA253C3E61; 1501
1DBC5BA418F2A53; 1501
1DBC5BA5A90C010; 1501
1DBC5BA6A8E797E; 1501
1DBC5BA778E1FD6; 1501
1DBC5BA95A34211; 1501
1DBC5BAAA571E37; 1501
1DBC5BAABA07A03; 1501
1DBC5BABE33D1D1; 1490
1DBC5BACA4ACEBC; 1501
1DBC5BADC5E8BC9; 1490
1DBC5BAE57145FB; 1501
1DBC5BB04B49795; 1501
1DBC5BB09D4B253; 1490
1DBC5BB22D64810; 1490
1DBC5BB2822EA93; 1501
1DBC5BB3FD3A7D6; 1490
1DBC5BB47632196; 1501
1DBC5BB5B79A6D8; 1476
1DBC5BB5DE8CA11; 1490
1DBC5BB729CA637; 1490
1DBC5BB73E60203; 1490
1DBC5BB7E58A1E1; 1476
1DBC5BB929056BC; 1490
1DBC5BB9AAB8DD3; 1476
1DBC5BBADB6CDFB; 1490
1DBC5BBB3AD2390; 1476
1DBC5BBCCFA1F95; 1490
1DBC5BBD0AA8356; 1476
1DBC5BBEEBFA591; 1476
1DBC5BBF0687293; 1490
1DBC5BC037381B7; 1476
1DBC5BC04BCDD83; 1476
1DBC5BC0FA8A996; 1490
1DBC5BC2367323C; 1476
1DBC5BC3016178B; 1490
1DBC5BC3449C249; 1465
1DBC5BC3E8DA97B; 1476
1DBC5BC5DD0FB15; 1476
1DBC5BC61BFE8D3; 1465
1DBC5BC7AC17E90; 1465
1DBC5BC813F4E13; 1476
1DBC5BC97BEDE56; 1465
1DBC5BCA07F8516; 1476
1DBC5BCB5D40091; 1465
1DBC5BCC0ECF30B; 1476
1DBC5BCCA87DCB7; 1465
1DBC5BCCBD13883; 1465
1DBC5BCEA7B8D3C; 1465
1DBC5BD05A2047B; 1465
1DBC5BD0D19EE61; 1465
1DBC5BD24E55615; 1465
1DBC5BD296CDA53; 1465
1DBC5BD426E7010; 1465
1DBC5BD4853A913; 1465
1DBC5BD5F6BCFD6; 1465
1DBC5BD6793E016; 1465
1DBC5BD7D80F211; 1465
1DBC5BD88014E0B; 1465
1DBC5BD9234CE37; 1465
1DBC5BD937E2A03; 1465
1DBC5BDB2287EBC; 1465
1DBC5BDCD4EF5FB; 1465
1DBC5BDEC924795; 1465
1DBC5BE10009A93; 1465
1DBC5BE2F40D196; 1465
1DBC5BE4FAE3F8B; 1465
1DBC5BE671E32D3; 1441
1DBC5BE801FC890; 1441
1DBC5BE9D1D2856; 1441
1DBC5BEBB324A91; 1441
1DBC5BECFE626B7; 1441
1DBC5BEEFD9D73C; 1441
1DBC5BF0B004E7B; 1441
1DBC5BF2A43A015; 1441
1DBC5BF4DB1F313; 1441
1DBC5BF6CF22A16; 1441
1DBC5BF8CF0EC10; 1413
1DBC5BF8D5F980B; 1441
1DBC5BFA9EE4BD6; 1413
1DBC5BFC8036E11; 1413
1DBC5BFDCB74A37; 1413
1DBC5BFFCAAFABC; 1413
1DBC5C017D171FB; 1413
1DBC5C03714C395; 1413
1DBC5C03CAC337E; 1405
1DBC5C05A831693; 1413
1DBC5C067C0FC11; 1405
1DBC5C079C34D96; 1413
1DBC5C07C74D837; 1405
1DBC5C09A30BB8B; 1413
1DBC5C09C6888BC; 1405
1DBC5C0B78EFFFB; 1405
1DBC5C0D6D25195; 1405
1DBC5C0F55529D6; 1420
1DBC5C0FA40A493; 1405
1DBC5C1136A4C11; 1420
1DBC5C11980DB96; 1405
1DBC5C1281E2837; 1420
1DBC5C139EE498B; 1405
1DBC5C14811D8BC; 1420
1DBC5C163384FFB; 1420
1DBC5C1827BA195; 1420
1DBC5C1A5E9F493; 1420
1DBC5C1C52A2B96; 1420
1DBC5C1E597998B; 1420
1DBC5C2655FA191; 1435
1DBC5C27A137DB7; 1435
1DBC5C29A072E3C; 1435
1DBC5C2B52DA57B; 1435
1DBC5C2D470F715; 1435
1DBC5C2F7DF4A13; 1435
1DBC5C3171F8116; 1435
1DBC5C3378CEF0B; 1435
1DBC5C369173C37; 1430
1DBC5C36A609803; 1430
1DBC5C3890AECBC; 1430
1DBC5C3A43163FB; 1430
1DBC5C3C374B595; 1430
1DBC5C3E6E30893; 1430
1DBC5C406233F96; 1430
1DBC5C42690AD8B; 1430
1DBC5C4414FEC4D; 1435
1DBC5C4E52240BC; 1416
1DBC5C50048B7FB; 1416
1DBC5C51F8C0995; 1416
1DBC5C53053AACD; 1430
1DBC5C542FA5C93; 1416
1DBC5C54F000122; 1430
1DBC5C5623A9396; 1416
1DBC5C582A8018B; 1416
1DBC5C63470A87B; 1419
1DBC5C653B3FA15; 1419
1DBC5C677224D13; 1419
1DBC5C68C6AFECD; 1416
1DBC5C696628416; 1419
1DBC5C6AB175522; 1416
1DBC5C6B6CFF20B; 1419
1DBC5C6CA5CE0AD; 1416
1DBC5C7AF32B795; 1416
1DBC5C7C092EF4D; 1419
1DBC5C7D2A10A93; 1416
1DBC5C7DF3F45A2; 1419
1DBC5C7F1E14196; 1416
1DBC5C7FE84D12D; 1419
1DBC5C8124EAF8B; 1416
1DBC5C81E5DDD26; 1419
1DBC5C91C11ACCD; 1416
1DBC5C93ABE0322; 1416
1DBC5C9468FE293; 1410
1DBC5C95A038EAD; 1416
1DBC5C965D01996; 1410
1DBC5C979DC9AA6; 1416
1DBC5C9863D878B; 1410
1DBC5C999B7CA10; 1416
1DBC5CA900084CD; 1410
1DBC5CAAEACDB22; 1410
1DBC5CACD3A9916; 1416
1DBC5CACDF266AD; 1410
1DBC5CAEDA8070B; 1416
1DBC5CAEDCB72A6; 1410
1DBC5CB0DA6A210; 1410
1DBC5CB2EACB8B3; 1410
1DBC5CBF76B044D; 1416
1DBC5CC16175AA2; 1416
1DBC5CC355CE62D; 1416
1DBC5CC5535F226; 1416
1DBC5CC62C80C0B; 1415
1DBC5CC75112190; 1416
1DBC5CC96173833; 1416
1DBC5CCB7B64A4B; 1416
1DBC5CD6C8B094D; 1415
1DBC5CD8B375FA2; 1415
1DBC5CDAA7CEB2D; 1415
1DBC5CDCA55F726; 1415
1DBC5CDEA312690; 1415
1DBC5CE0B373D33; 1415
1DBC5CE2CD64F4B; 1415
1DBC5CE4DDC46C8; 1415
1DBC5CEE11277CD; 1413
1DBC5CEFFBECE22; 1413
1DBC5CF1F0459AD; 1413
1DBC5CF3EDD65A6; 1413
1DBC5CF5EB89510; 1413
1DBC5CF7FBEABB3; 1413
1DBC5CFA15DBDCB; 1413
1DBC5CFC263B548; 1413
1DBC5CFE402DE32; 1413
1DBC5D055014FCD; 1415
1DBC5D073ADA622; 1415
1DBC5D092F331AD; 1415
1DBC5D0B2CC3DA6; 1415
1DBC5D0D2A76D10; 1415
1DBC5D0F3AD83B3; 1415
1DBC5D1154C95CB; 1415
1DBC5D136528D48; 1415
1DBC5D157F1B632; 1415
1DBC5D178F9BD93; 1415
1DBC5D1C8F027CD; 1408
1DBC5D1E79C7E22; 1408
1DBC5D206E209AD; 1408
1DBC5D226BB15A6; 1408
1DBC5D246964510; 1408
1DBC5D2679C5BB3; 1408
1DBC5D2893B6DCB; 1408
1DBC5D2AA416548; 1408
1DBC5D2CBE08E32; 1408
1DBC5D2ECE89593; 1408
1DBC5D30A67BC29; 1408
1DBC5D33D77964D; 1415
1DBC5D35C23ECA2; 1415
1DBC5D37B69782D; 1415
1DBC5D39B428426; 1415
1DBC5D3BB1DB390; 1415
1DBC5D3DC23CA33; 1415
1DBC5D3FDC2DC4B; 1415
1DBC5D41EC8D3C8; 1415
1DBC5D44067FCB2; 1415
1DBC5D461700413; 1415
1DBC5D47EEF2AA9; 1415
1DBC5D49FF5431C; 1415
1DBC5D4B1666E4D; 1412
1DBC5D4D012C4A2; 1412
1DBC5D4EF58502D; 1412
1DBC5D50F315C26; 1412
1DBC5D52F0C8B90; 1412
1DBC5D55012A233; 1412
1DBC5D571B1B44B; 1412
1DBC5D592B7ABC8; 1412
1DBC5D5B456D4B2; 1412
1DBC5D5D55EDC13; 1412
1DBC5D5F2DE02A9; 1412
1DBC5D613E41B1C; 1412
1DBC5D62555464D; 1426
1DBC5D62B844492; 1412
1DBC5D644019CA2; 1426
1DBC5D66347282D; 1426
1DBC5D683203426; 1426
1DBC5D6A2FB6390; 1426
1DBC5D6C4017A33; 1426
1DBC5D6E5A08C4B; 1426
1DBC5D706A683C8; 1426
1DBC5D72845ACB2; 1426
1DBC5D7494DB413; 1426
1DBC5D766CCDAA9; 1426
1DBC5D786314E4D; 1416
1DBC5D787D2F31C; 1426
1DBC5D79F731C92; 1426
1DBC5D7A4DDA4A2; 1416
1DBC5D7A98A2B21; 1426
1DBC5D7C423302D; 1416
1DBC5D7E3FC3C26; 1416
1DBC5D803D76B90; 1416
1DBC5D824DD8233; 1416
1DBC5D8467C944B; 1416
1DBC5D867828BC8; 1416
1DBC5D88921B4B2; 1416
1DBC5D8AA29BC13; 1416
1DBC5D8C7A8E2A9; 1416
1DBC5D8E8AEFB1C; 1416
1DBC5D8FA20264D; 1412
1DBC5D9004F2492; 1416
1DBC5D90A663321; 1416
1DBC5D90BA8AA7E; 1416
1DBC5D918CC7CA2; 1412
1DBC5D93812082D; 1412
1DBC5D957EB1426; 1412
1DBC5D977C64390; 1412
1DBC5D998CC5A33; 1412
1DBC5D9BA6B6C4B; 1412
1DBC5D9DB7163C8; 1412
1DBC5D9FD108CB2; 1412
1DBC5DA1E189413; 1412
1DBC5DA3B97BAA9; 1412
1DBC5DA5C9DD31C; 1412
1DBC5DA6F868622; 1402
1DBC5DA743DFC92; 1412
1DBC5DA7E550B21; 1412
1DBC5DA7F97827E; 1412
1DBC5DA8ECC11AD; 1402
1DBC5DA9D16C111; 1412
1DBC5DAAEA51DA6; 1402
1DBC5DACE804D10; 1402
1DBC5DAEF8663B3; 1402
1DBC5DB112575CB; 1402
1DBC5DB322B6D48; 1402
1DBC5DB53CA9632; 1402
1DBC5DB74D29D93; 1402
1DBC5DB9251C429; 1402
1DBC5DBB357DC9C; 1402
1DBC5DBCAF80612; 1402
1DBC5DBD50F14A1; 1402
1DBC5DBD6518BFE; 1402
1DBC5DBE4ED84AD; 1403
1DBC5DBF3D0CA91; 1402
1DBC5DC04C690A6; 1403
1DBC5DC0B6EFED7; 1402
1DBC5DC0C255CE9; 1402
1DBC5DC24A1C010; 1403
1DBC5DC45A7D6B3; 1403
1DBC5DC6746E8CB; 1403
1DBC5DC884CE048; 1403
1DBC5DCA9EC0932; 1403
1DBC5DCCAF41093; 1403
1DBC5DCE8733729; 1403
1DBC5DD09794F9C; 1403
1DBC5DD21197912; 1403
1DBC5DD2B3087A1; 1403
1DBC5DD2C72FEFE; 1403
1DBC5DD49F23D91; 1403
1DBC5DD619071D7; 1403
1DBC5DD6246CFE9; 1403
1DBC5DD6A674CA6; 1392
1DBC5DD7E9AB55B; 1403
1DBC5DD8A427C10; 1392
1DBC5DDAB4892B3; 1392
1DBC5DDCCE7A4CB; 1392
1DBC5DDEDED9C48; 1392
1DBC5DE0F8CC532; 1392
1DBC5DE3094CC93; 1392
1DBC5DE4E13F329; 1392
1DBC5DE6F1A0B9C; 1392
1DBC5DE86BA3512; 1392
1DBC5DE90D143A1; 1392
1DBC5DE9213BAFE; 1392
1DBC5DEAF92F991; 1392
1DBC5DEC7312DD7; 1392
1DBC5DEC7E78BE9; 1392
1DBC5DEE43B715B; 1392
1DBC5DEEA85ED90; 1399
1DBC5DEFA161E76; 1392
1DBC5DF0B8C0433; 1399
1DBC5DF2D2B164B; 1399
1DBC5DF4E310DC8; 1399
1DBC5DF6FD036B2; 1399
1DBC5DF90D83E13; 1399
1DBC5DFAE5764A9; 1399
1DBC5DFCF5D7D1C; 1399
1DBC5DFE6FDA692; 1399
1DBC5DFF114B521; 1399
1DBC5DFF2572C7E; 1399
1DBC5E00FD66B11; 1399
1DBC5E027749F57; 1399
1DBC5E0282AFD69; 1399
1DBC5E0447EE2DB; 1399
1DBC5E05A598FF6; 1399
1DBC5E0732547C1; 1399
1DBC5E0801372B3; 1398
1DBC5E0A1B284CB; 1398
1DBC5E0C2B87C48; 1398
1DBC5E0E457A532; 1398
1DBC5E1055FAC93; 1398
1DBC5E122DED329; 1398
1DBC5E143E4EB9C; 1398
1DBC5E15B851512; 1398
1DBC5E1659C23A1; 1398
1DBC5E166DE9AFE; 1398
1DBC5E1845DD991; 1398
1DBC5E19BFC0DD7; 1398
1DBC5E19CB26BE9; 1398
1DBC5E1B906515B; 1398
1DBC5E1CEE0FE76; 1398
1DBC5E1E7ACB641; 1398
1DBC5E208BDE63E; 1398
1DBC5E215A15CCB; 1395
1DBC5E236A75448; 1395
1DBC5E258467D32; 1395
1DBC5E2794E8493; 1395
1DBC5E296CDAB29; 1395
1DBC5E2B7D3C39C; 1395
1DBC5E2CF73ED12; 1395
1DBC5E2D98AFBA1; 1395
1DBC5E2DACD72FE; 1395
1DBC5E2F84CB191; 1395
1DBC5E30FEAE5D7; 1395
1DBC5E310A143E9; 1395
1DBC5E32CF5295B; 1395
1DBC5E342CFD676; 1395
1DBC5E35B9B8E41; 1395
1DBC5E37CACBE3E; 1395
1DBC5E39E4CB081; 1395
1DBC5E3AB2EC2C8; 1398
1DBC5E3CCCDEBB2; 1398
1DBC5E3EDD5F313; 1398
1DBC5E40B5519A9; 1398
1DBC5E42C5B321C; 1398
1DBC5E443FB5B92; 1398
1DBC5E44E126A21; 1398
1DBC5E44F54E17E; 1398
1DBC5E46CD42011; 1398
1DBC5E484725457; 1398
1DBC5E48528B269; 1398
1DBC5E4A17C97DB; 1398
1DBC5E4B75744F6; 1398
1DBC5E4D022FCC1; 1398
1DBC5E4F1342CBE; 1398
1DBC5E512D41F01; 1398
1DBC5E540BCC3B2; 1388
1DBC5E561C4CB13; 1388
1DBC5E57F43F1A9; 1388
1DBC5E5A04A0A1C; 1388
1DBC5E5B7EA3392; 1388
1DBC5E5E0C2F811; 1388
1DBC5E5F8612C57; 1388
1DBC5E5F9178A69; 1388
1DBC5E6156B6FDB; 1388
1DBC5E62B461CF6; 1388
1DBC5E64411D4C1; 1388
1DBC5E6652304BE; 1388
1DBC5E686C2F701; 1388
1DBC5E6D0EEEF13; 1381
1DBC5E6EE6E15A9; 1381
1DBC5E70F742E1C; 1381
1DBC5E727145792; 1381
1DBC5E74FED1C11; 1381
1DBC5E7678B5057; 1381
1DBC5E76841AE69; 1381
1DBC5E7849593DB; 1381
1DBC5E79A7040F6; 1381
1DBC5E7B33BF8C1; 1381
1DBC5E7D44D28BE; 1381
1DBC5E7F5ED1B01; 1381
1DBC5E83B9EB729; 1389
1DBC5E85CA4CF9C; 1389
1DBC5E87444F912; 1389
1DBC5E89D1DBD91; 1389
1DBC5E8B4BBF1D7; 1389
1DBC5E8D1C6355B; 1389
1DBC5E8E7A0E276; 1389
1DBC5E9006C9A41; 1389
1DBC5E9217DCA3E; 1389
1DBC5E9431DBC81; 1389
1DBC5E9D12C3E1C; 1417
1DBC5E9E8CC6792; 1417
1DBC5EA11A52C11; 1417
1DBC5EA29436057; 1417
1DBC5EA464DA3DB; 1417
1DBC5EA5C2850F6; 1417
1DBC5EA74F408C1; 1417
1DBC5EA960538BE; 1417
1DBC5EAB7A52B01; 1417
1DBC5EAEAE2F612; 1455
1DBC5EB13BBBA91; 1455
1DBC5EB2B59EED7; 1455
1DBC5EB4864325B; 1455
1DBC5EB5E3EDF76; 1455
1DBC5EB68037B21; 1483
1DBC5EB770A9741; 1455
1DBC5EB7EBB1C7E; 1458
1DBC5EB981BC73E; 1455
1DBC5EB9C3A5B11; 1458
1DBC5EBB3D88F57; 1458
1DBC5EBB9BBB981; 1455
1DBC5EBD0E2D2DB; 1458
1DBC5EBE6BD7FF6; 1458
1DBC5EBEA140DC1; 1483
1DBC5EBFF8937C1; 1458
1DBC5EC0B253DBE; 1483
1DBC5EC209A67BE; 1458
1DBC5EC2CC53001; 1483
1DBC5EC423A5A01; 1458
1DBC5ECE96AFC91; 1466
1DBC5ED010930D7; 1466
1DBC5ED1E13745B; 1466
1DBC5ED33EE2176; 1466
1DBC5ED4CB9D941; 1466
1DBC5ED6DCB093E; 1466
1DBC5ED8F6AFB81; 1466
1DBC5EE087D09D7; 1476
1DBC5EE093367E9; 1476
1DBC5EE25874D5B; 1476
1DBC5EE3B61FA76; 1476
1DBC5EE542DB241; 1476
1DBC5EE753EE23E; 1476
1DBC5EE96DED481; 1476
1DBC5EF5E73F1DB; 1498
1DBC5EF744E9EF6; 1498
1DBC5EF8D1A56C1; 1498
1DBC5EFAE2B86BE; 1498
1DBC5EFCFCB7901; 1498
1DBC5F068171176; 1500
1DBC5F080E2C941; 1500
1DBC5F0A1F3F93E; 1500
1DBC5F0C393EB81; 1500
1DBC5F1973D54C1; 1500
1DBC5F1B84E84BE; 1500
1DBC5F1D9EE7701; 1500
1DBC5F32CD5F33E; 1504
1DBC5F34E75E581; 1504
1DBC5F4C264BD81; 1492
1DBC5FE14402ED4; 1469
1DBC5FF3E4620D4; 1475
1DBC5FF5CF252DB; 1475
1DBC6009F2228D4; 1469
1DBC600BDCE5ADB; 1469
1DBC600DED3C591; 1469
1DBC602131100D4; 1479
1DBC60231BD32DB; 1479
1DBC60252C29D91; 1479
1DBC60273C7F7B8; 1479
1DBC60388C99C54; 1472
1DBC603A775CE5B; 1472
1DBC603C87B3911; 1472
1DBC603E9809338; 1472
1DBC6040B1F2771; 1472
1DBC604FD510AD4; 1472
1DBC6051BFD3CDB; 1472
1DBC6053D02A791; 1472
1DBC6055E0801B8; 1472
1DBC6057FA695F1; 1472
1DBC605A0AC8416; 1472
1DBC6066D13C554; 1477
1DBC6068BBFF75B; 1477
1DBC606ACC56211; 1477
1DBC606CDCABC38; 1477
1DBC606EF695071; 1477
1DBC607106F3E96; 1477
1DBC60730DF6E25; 1477
1DBC607E233CA54; 1483
1DBC60800DFFC5B; 1483
1DBC60821E56711; 1483
1DBC60842EAC138; 1483
1DBC60864895571; 1483
1DBC608858F4396; 1483
1DBC608A5FF7325; 1483
1DBC608C8CE574D; 1483
1DBC608C97E9F15; 1483
1DBC6094014E1D4; 1476
1DBC6095EC113DB; 1476
1DBC6097FC67E91; 1476
1DBC609A0CBD8B8; 1476
1DBC609C26A6CF1; 1476
1DBC609E3705B16; 1476
1DBC60A03E08AA5; 1476
1DBC60A26AF6ECD; 1476
1DBC60A275FB695; 1476
1DBC60A4604B0E4; 1476
1DBC60AB49C5054; 1483
1DBC60AD348825B; 1483
1DBC60AF44DED11; 1483
1DBC60B15534738; 1483
1DBC60B36F1DB71; 1483
1DBC60B57F7C996; 1483
1DBC60B7867F925; 1483
1DBC60B9B36DD4D; 1483
1DBC60B9BE72515; 1483
1DBC60BBA8C1F64; 1483
1DBC60BDB917CD9; 1483
1DBC60C2C1EAF54; 1485
1DBC60C4ACAE15B; 1485
1DBC60C6BD04C11; 1485
1DBC60C8CD5A638; 1485
1DBC60CAE743A71; 1485
1DBC60CCF7A2896; 1485
1DBC60CEFEA5825; 1485
1DBC60D12B93C4D; 1485
1DBC60D13698415; 1485
1DBC60D320E7E64; 1485
1DBC60D5313DBD9; 1485
1DBC60D95EB88D4; 1490
1DBC60DB497BADB; 1490
1DBC60DD59D2591; 1490
1DBC60DF6A27FB8; 1490
1DBC60E184113F1; 1490
1DBC60E39470216; 1490
1DBC60E59B731A5; 1490
1DBC60E7C8615CD; 1490
1DBC60E7D365D95; 1490
1DBC60E9BDB57E4; 1490
1DBC60EBCE0B559; 1490
1DBC60F0515ACD4; 1491
1DBC60F23C1DEDB; 1491
1DBC60F44C74991; 1491
1DBC60F65CCA3B8; 1491
1DBC60F876B37F1; 1491
1DBC60FA8712616; 1491
1DBC60FC8E155A5; 1491
1DBC60FEBB039CD; 1491
1DBC60FEC608195; 1491
1DBC6100B057BE4; 1491
1DBC6102C0AD959; 1491
1DBC610799D1B54; 1494
1DBC61098494D5B; 1494
1DBC610B94EB811; 1494
1DBC610DA541238; 1494
1DBC610FBF2A671; 1494
1DBC6111CF89496; 1494
1DBC6113D68C425; 1494
1DBC6116037A84D; 1494
1DBC61160E7F015; 1494
1DBC6117F8CEA64; 1494
1DBC611A09247D9; 1494
1DBC611ED8BF354; 1501
1DBC6120C38255B; 1501
1DBC6122D3D9011; 1501
1DBC6124E42EA38; 1501
1DBC6126FE17E71; 1501
1DBC61290E76C96; 1501
1DBC612B1579C25; 1501
1DBC612D426804D; 1501
1DBC612D4D6C815; 1501
1DBC612F37BC264; 1501
1DBC61314811FD9; 1501
1DBC613529418D4; 1508
1DBC61371404ADB; 1508
1DBC6139245B591; 1508
1DBC613B34B0FB8; 1508
1DBC613D4E9A3F1; 1508
1DBC613F5EF9216; 1508
1DBC614165FC1A5; 1508
1DBC614392EA5CD; 1508
1DBC61439DEED95; 1508
1DBC6145883E7E4; 1508
1DBC61479894559; 1508
1DBC614C7FA545B; 1502
1DBC614E8FFBF11; 1502
1DBC6150A051938; 1502
1DBC6152BA3AD71; 1502
1DBC6154CA99B96; 1502
1DBC6156D19CB25; 1502
1DBC6158FE8AF4D; 1502
1DBC6159098F715; 1502
1DBC615AF3DF164; 1502
1DBC615D0434ED9; 1502
1DBC6165D872D91; 1508
1DBC6167E8C87B8; 1508
1DBC616A02B1BF1; 1508
1DBC616C1310A16; 1508
1DBC616E1A139A5; 1508
1DBC61704701DCD; 1508
1DBC61705206595; 1508
1DBC61723C55FE4; 1508
1DBC61744CABD59; 1508
1DBC617F313F638; 1502
1DBC61814B28A71; 1502
1DBC61835B87896; 1502
1DBC6185628A825; 1502
1DBC61878F78C4D; 1502
1DBC618984CCE64; 1502
1DBC618B9522BD9; 1502
1DBC61988A16271; 1505
1DBC619A9A75096; 1505
1DBC619CA178025; 1505
1DBC619ECE6644D; 1505
1DBC61A0C3BA664; 1505
1DBC61A2D4103D9; 1505
1DBC61B1E2EBF16; 1511
1DBC61B3E9EEEA5; 1511
1DBC61B616DD2CD; 1511
1DBC61B80C314E4; 1511
1DBC61BA1C87259; 1511
1DBC61CA9045EA5; 1502
1DBC61CCBD342CD; 1502
1DBC61CEB2884E4; 1502
1DBC61D0C2DE259; 1502
1DBC61E3FC21ACD; 1505
1DBC61E40726295; 1505
1DBC61E5F175CE4; 1505
1DBC61E801CBA59; 1505
1DBC61FD0A3DAE4; 1506
1DBC61FF1A93859; 1506
1DBC6216630A6D9; 1508
1DBC66D08D033AE; 1494
1DBC66E7CBF0BAE; 1493
1DBC66E9E5BDE6E; 1493
1DBC66FF0154D2E; 1490
1DBC67011B21FEE; 1490
1DBC67030F44AC2; 1490
1DBC671636B8EAE; 1494
1DBC6718508616E; 1494
1DBC671A44A8C42; 1494
1DBC671BD12D1C1; 1494
1DBC672D6C1D02E; 1493
1DBC672F85EA2EE; 1493
1DBC67317A0CDC2; 1493
1DBC67330691341; 1493
1DBC67350D6C99A; 1493
1DBC6744AB0A82E; 1502
1DBC6746C4D7AEE; 1502
1DBC6748B8FA5C2; 1502
1DBC674A457EB41; 1502
1DBC674C4C5A19A; 1502
1DBC674E1B7B391; 1502
1DBC675BE06E9AE; 1492
1DBC675DFA3BC6E; 1492
1DBC675FEE5E742; 1492
1DBC67617AE2CC1; 1492
1DBC676381BE31A; 1492
1DBC676550DF511; 1492
1DBC67674E7CD12; 1492
1DBC677315D2B2E; 1492
1DBC67752F9FDEE; 1492
1DBC677723C28C2; 1492
1DBC6778B046E41; 1492
1DBC677AB72249A; 1492
1DBC677C8643691; 1492
1DBC677E83E0E92; 1492
1DBC67809DD4B8E; 1492
1DBC6780A8D6929; 1492
1DBC678A4B36CAE; 1507
1DBC678C6503F6E; 1507
1DBC678E5926A42; 1507
1DBC678FE5AAFC1; 1507
1DBC6791EC8661A; 1507
1DBC6793BBA7811; 1507
1DBC6795B945012; 1507
1DBC6797D338D0E; 1507
1DBC6797DE3AAA9; 1507
1DBC6799D1F4B17; 1507
1DBC67A18A244AE; 1523
1DBC67A3A3F176E; 1523
1DBC67A59814242; 1523
1DBC67A724987C1; 1523
1DBC67A92B73E1A; 1523
1DBC67AAFA95011; 1523
1DBC67ACF832812; 1523
1DBC67AF122650E; 1523
1DBC67AF1D282A9; 1523
1DBC67B110E2317; 1523
1DBC67B32AC1DFA; 1523
1DBC67B8BF8862E; 1515
1DBC67BAD9558EE; 1515
1DBC67BCCD783C2; 1515
1DBC67BE59FC941; 1515
1DBC67C060D7F9A; 1515
1DBC67C22FF9191; 1515
1DBC67C42D96992; 1515
1DBC67C6478A68E; 1515
1DBC67C6528C429; 1515
1DBC67C84646497; 1515
1DBC67CA6025F7A; 1515
1DBC67CC707A7EC; 1515
1DBC67CFF4EC7AE; 1522
1DBC67D20EB9A6E; 1522
1DBC67D402DC542; 1522
1DBC67D58F60AC1; 1522
1DBC67D7963C11A; 1522
1DBC67D9655D311; 1522
1DBC67DB62FAB12; 1522
1DBC67DD7CEE80E; 1522
1DBC67DD87F05A9; 1522
1DBC67DF7BAA617; 1522
1DBC67E1958A0FA; 1522
1DBC67E3A5DE96C; 1522
1DBC67E5BFBD65E; 1522
1DBC67E72A5092E; 1515
1DBC67E9441DBEE; 1515
1DBC67EB38406C2; 1515
1DBC67ECC4C4C41; 1515
1DBC67EECBA029A; 1515
1DBC67F09AC1491; 1515
1DBC67F2985EC92; 1515
1DBC67F4B25298E; 1515
1DBC67F4BD54729; 1515
1DBC67F6B10E797; 1515
1DBC67F8CAEE27A; 1515
1DBC67FADB42AEC; 1515
1DBC67FCF5217DE; 1515
1DBC67FE5FB4AAE; 1521
1DBC67FF0F00A03; 1515
1DBC68007981D6E; 1521
1DBC68026DA4842; 1521
1DBC6803FA28DC1; 1521
1DBC6806010441A; 1521
1DBC6807D025611; 1521
1DBC6809CDC2E12; 1521
1DBC680BE7B6B0E; 1521
1DBC680BF2B88A9; 1521
1DBC680DE672917; 1521
1DBC681000523FA; 1521
1DBC681210A6C6C; 1521
1DBC68142A8595E; 1521
1DBC68159EA22AE; 1510
1DBC68164464B83; 1521
1DBC6817B86F56E; 1510
1DBC68181C7AF7F; 1521
1DBC6819AC92042; 1510
1DBC681B39165C1; 1510
1DBC681D3FF1C1A; 1510
1DBC681F0F12E11; 1510
1DBC68210CB0612; 1510
1DBC682326A430E; 1510
1DBC682331A60A9; 1510
1DBC68252560117; 1510
1DBC68273F3FBFA; 1510
1DBC68294F9446C; 1510
1DBC682B697315E; 1510
1DBC682CD40642E; 1515
1DBC682D8352383; 1510
1DBC682EEDD36EE; 1515
1DBC682F5B6877F; 1510
1DBC6830E1F61C2; 1515
1DBC68316310177; 1510
1DBC68326E7A741; 1515
1DBC68347555D9A; 1515
1DBC68364476F91; 1515
1DBC68384214792; 1515
1DBC683A5C0848E; 1515
1DBC683A670A229; 1515
1DBC683C5AC4297; 1515
1DBC683E74A3D7A; 1515
1DBC684084F85EC; 1515
1DBC68429ED72DE; 1515
1DBC6844B8B6503; 1515
1DBC68462CC0EEE; 1523
1DBC684690CC8FF; 1515
1DBC684820E39C2; 1523
1DBC684898742F7; 1515
1DBC6849AD67F41; 1523
1DBC684BB44359A; 1523
1DBC684D8364791; 1523
1DBC684F8101F92; 1523
1DBC68519AF5C8E; 1523
1DBC6851A5F7A29; 1523
1DBC685399B1A97; 1523
1DBC6855B39157A; 1523
1DBC6857C3E5DEC; 1523
1DBC6859DDC4ADE; 1523
1DBC685BF7A3D03; 1523
1DBC685DCFBA0FF; 1523
1DBC685DD8CF742; 1544
1DBC685F6553CC1; 1544
1DBC685FD761AF7; 1523
1DBC68616C2F31A; 1544
1DBC68633B50511; 1544
1DBC686538EDD12; 1544
1DBC686752E1A0E; 1544
1DBC68675DE37A9; 1544
1DBC6869519D817; 1544
1DBC686B6B7D2FA; 1544
1DBC686D7BD1B6C; 1544
1DBC686F95B085E; 1544
1DBC687120D12C1; 1529
1DBC6871AF8FA83; 1544
1DBC687327AC91A; 1529
1DBC687387A5E7F; 1544
1DBC6874F6CDB11; 1529
1DBC68758F4D877; 1544
1DBC6876F46B312; 1529
1DBC68790E5F00E; 1529
1DBC687B0D1AE17; 1529
1DBC687D26FA8FA; 1529
1DBC687F374F16C; 1529
1DBC6881512DE5E; 1529
1DBC68836B0D083; 1529
1DBC6885432347F; 1529
1DBC68874ACAE77; 1529
1DBC688A23D839A; 1528
1DBC688BF2F9591; 1528
1DBC688DF096D92; 1528
1DBC68900A8AA8E; 1528
1DBC68920946897; 1528
1DBC6894232637A; 1528
1DBC6896337ABEC; 1528
1DBC68984D598DE; 1528
1DBC689A6738B03; 1528
1DBC689C3F4EEFF; 1528
1DBC689E46F68F7; 1528
1DBC68A0702EC91; 1519
1DBC68A26DCC492; 1519
1DBC68A487C018E; 1519
1DBC68A6867BF97; 1519
1DBC68A8A05BA7A; 1519
1DBC68AAB0B02EC; 1519
1DBC68ACCA8EFDE; 1519
1DBC68AEE46E203; 1519
1DBC68B0BC845FF; 1519
1DBC68B2C42BFF7; 1519
1DBC68B87203612; 1521
1DBC68BA8BF730E; 1521
1DBC68BC8AB3117; 1521
1DBC68BEA492BFA; 1521
1DBC68C0B4E746C; 1521
1DBC68C2CEC615E; 1521
1DBC68C4E8A5383; 1521
1DBC68C6C0BB77F; 1521
1DBC68C8C863177; 1521
1DBC68D18822D8E; 1519
1DBC68D19324B29; 1519
1DBC68D386DEB97; 1519
1DBC68D5A0BE67A; 1519
1DBC68D7B112EEC; 1519
1DBC68D9CAF1BDE; 1519
1DBC68DBE4D0E03; 1519
1DBC68DDBCE71FF; 1519
1DBC68DFC48EBF7; 1519
1DBC68EAEBF1D97; 1521
1DBC68ED05D187A; 1521
1DBC68EF16260EC; 1521
1DBC68F13004DDE; 1521
1DBC68F349E4003; 1521
1DBC68F521FA3FF; 1521
1DBC68F729A1DF7; 1521
1DBC690444BF07A; 1521
1DBC690655138EC; 1521
1DBC69086EF25DE; 1521
1DBC690A88D1803; 1521
1DBC690C60E7BFF; 1521
1DBC690E688F5F7; 1521
1DBC691D9D8A76C; 1521
1DBC691FB76945E; 1521
1DBC6921D148683; 1521
1DBC6921E8592A8; 1521
1DBC6923A95EA7F; 1521
1DBC6925B106477; 1521
1DBC6936F656C5E; 1521
1DBC69391035E83; 1521
1DBC693930D0128; 1521
1DBC693AE84C27F; 1521
1DBC693AFF909B0; 1521
1DBC693CEFF3C77; 1521
1DBC69504F23683; 1540
1DBC69506FBD928; 1521
1DBC69522739A7F; 1540
1DBC69523E7E1B0; 1521
1DBC69542EE1477; 1540
1DBC695432C6446; 1521
1DBC695447523B5; 1521
1DBC69665823D7F; 1519
1DBC69685FCB777; 1519
1DBC69697D6B9B0; 1540
1DBC696B71B3C46; 1540
1DBC696B863FBB5; 1540
1DBC696D96A72C0; 1540
1DBC697BDF95428; 1519
1DBC697DAE55CB0; 1519
1DBC697FA29DF46; 1519
1DBC697FB1CBC77; 1549
1DBC697FB729EB5; 1519
1DBC6981C7915C0; 1519
1DBC6983D8119BA; 1519
1DBC69933195928; 1549
1DBC699500561B0; 1549
1DBC6996F49E446; 1549
1DBC6997092A3B5; 1549
1DBC69991991AC0; 1549
1DBC699B2A11EBA; 1549
1DBC699CEF413DA; 1549
1DBC69A98217EA8; 1523
1DBC69AB50D8730; 1523
1DBC69AD45209C6; 1523
1DBC69AD59AC935; 1523
1DBC69AF6A14040; 1523
1DBC69B17A9443A; 1523
1DBC69B33FC395A; 1523
1DBC69C0C1056A8; 1543
1DBC69C28FC5F30; 1543
1DBC69C4840E1C6; 1543
1DBC69C4989A135; 1543
1DBC69C6A901840; 1543
1DBC69C8B981C3A; 1543
1DBC69CA7EB115A; 1543
1DBC69D7D043E28; 1543
1DBC69D99F046B0; 1543
1DBC69DB934C946; 1543
1DBC69DBA7D88B5; 1543
1DBC69DDB83FFC0; 1543
1DBC69DFC8C03BA; 1543
1DBC69E18DEF8DA; 1543
1DBC69EBF7A4AA8; 1570
1DBC69EDC665330; 1570
1DBC69EFBAAD5C6; 1570
1DBC69EFCF39535; 1570
1DBC69F1DFA0C40; 1570
1DBC69F3F02103A; 1570
1DBC69F5B55055A; 1570
1DBC69FDFF6D4A8; 1548
1DBC69FFCE2DD30; 1548
1DBC6A01C275FC6; 1548
1DBC6A01D701F35; 1548
1DBC6A03E769640; 1548
1DBC6A05F7E9A3A; 1548
1DBC6A07BD18F5A; 1548
1DBC6A1505225A8; 1552
1DBC6A16D3E2E30; 1552
1DBC6A18C82B0C6; 1552
1DBC6A18DCB7035; 1552
1DBC6A1AED1E740; 1552
1DBC6A1CFD9EB3A; 1552
1DBC6A1EC2CE05A; 1552
1DBC6A28E9C14A8; 1555
1DBC6A2AB881D30; 1555
1DBC6A2CACC9FC6; 1555
1DBC6A2ED1BD640; 1555
1DBC6A30E23DA3A; 1555
1DBC6A32A76CF5A; 1555
1DBC6A3F99A1B28; 1559
1DBC6A4168623B0; 1559
1DBC6A435CAA646; 1559
1DBC6A45819DCC0; 1559
1DBC6A47921E0BA; 1559
1DBC6A49574D5DA; 1559
1DBC6A5649821A8; 1566
1DBC6A581842A30; 1566
1DBC6A5A0C8ACC6; 1566
1DBC6A5C317E340; 1566
1DBC6A5E41FE73A; 1566
1DBC6A60072DC5A; 1566
1DBC6A6C6A556A8; 1580
1DBC6A6E3915F30; 1580
1DBC6A702D5E1C6; 1580
1DBC6A725251840; 1580
1DBC6A7462D1C3A; 1580
1DBC6A76280115A; 1580
1DBC6A81BE56D30; 1556
1DBC6A83B29EFC6; 1556
1DBC6A85D792640; 1556
1DBC6A87E812A3A; 1556
1DBC6A89AD41F5A; 1556
1DBC6A99C05F7C6; 1581
1DBC6A99D4EB735; 1581
1DBC6A9BE552E40; 1581
1DBC6A9DF5D323A; 1581
1DBC6A9FBB0275A; 1581
1DBC6AB33753340; 1562
1DBC6AB547D373A; 1562
1DBC6AB70D02C5A; 1562
1DBC6ACC43FF1BA; 1560
1DBC6ACE092E6DA; 1560
1DBC6AE1EDCD5DA; 1566
1DBCA6F2D36103B; 1381
1DBCA70A08C51BB; 1387
1DBCA7213E2933B; 1401
1DBCA738738D4BB; 1378
1DBCA74FB27ACBB; 1378
1DBCA766E7DEE3B; 1390
1DBCA77E1D42FBB; 1371
1DBCA79552A713B; 1325
1DBCA7AC880B2BB; 1357
1DBCA7B6ECCB83B; 1342
1DBCA7C092CFBBB; 1346
1DBCA7D4C3B9EBB; 1377
1DBCA7DD7B52FBB; 1380
1DBCA7F29AA853B; 1363
1DBCA802C59AA3B; 1367
1DBCA818D35B23B; 1389
1DBCA81A261787E; 1389
1DBCA8286AAA1FE; 1376
1DBCA83889B40CD; 1369
1DBCA83A5D00F4D; 1369
1DBCA84E38167CD; 1370
1DBCA8506AC174D; 1370
1DBCA8673160D01; 1403
1DBCA8688E90B4D; 1403
1DBCA87293F2FCD; 1395
1DBCA874116B3CD; 1395
1DBCA883BA86001; 1372
1DBCA88517B5E4D; 1372
1DBCA88EE3DFBCD; 1393
1DBCA891A597CCD; 1393
1DBCA893CEB95CD; 1393
1DBCA8A9D17E72F; 1394
1DBCA8AB173044D; 1394
1DBCA8ABFAA002F; 1394
1DBCA8AD4051D4D; 1394
1DBCA8C34316EAF; 1372
1DBCA8C348CDB3B; 1372
1DBCA8C488C8BCD; 1372
1DBCA8C5E9A4C4D; 1372
1DBCA8D3942EDAF; 1432
1DBCA8D4D9E0ACD; 1432
1DBCA8D64DCF84D; 1414
1DBCA8D7B834F4D; 1421
1DBCA8D9229A64D; 1420
1DBCA8D9552291C; 1420
1DBCA8DAA99C0CD; 1420
1DBCA8E9DB27CAF; 1417
1DBCA8EB20D99CD; 1417
1DBCA8EBE539C6A; 1417
1DBCA8ED4071C4D; 1417
1DBCA902A116F2F; 1425
1DBCA903DACBB55; 1425
1DBCA903DBAD385; 1425
1DBCA903DE370AB; 1425
1DBCA903E6C8C4D; 1425
1DBCA90554DA581; 1425
1DBCA919EE6AD74; 1453
1DBCA91B2962681; 1453
1DBCA925BDD1C81; 1462
1DBCA9272837381; 1462
1DBCA936C41C701; 1468
1DBCA938B405901; 1468
1DBCA94D27B1981; 1485
1DBCA94E9BA0701; 1485
1DBCA95DB66D3AF; 1513
1DBCA95EFFCB301; 1513
1DBCA96487A692F; 1525
1DBCA965C77B201; 1525
1DBCA96AC567901; 1512
1DBCA96D019BF01; 1512
1DBCA96E58EE901; 1512
1DBCA985A165781; 1495
1DBCA98731F0881; 1495
1DBCA9984B4E001; 1499
1DBCA99A57D3581; 1499
1DBCA9B05C0A701; 1491
1DBCA9B2426A281; 1491
1DBCA9C65199FAF; 1523
1DBCA9C7E743301; 1523
1DBCA9D09EDC401; 1527
1DBCA9D27229281; 1527
1DBCA9E656C8181; 1524
1DBCA9E87660401; 1524
1DBCA9FF728BE81; 1533
1DBCAA0158EBA01; 1533
1DBCAA15DFAA781; 1529
1DBCAA1808CC081; 1529
1DBCAA2EAF23081; 1508
1DBCAA300675A81; 1508
1DBCAA3E3C60B2F; 1532
1DBCAA3FBEF7181; 1532
1DBCAA479B37D01; 1529
1DBCAA49780E201; 1529
1DBCAA5D3AF2B2F; 1497
1DBCAA5EC712801; 1497
1DBCAA673260501; 1501
1DBCAA6905AD381; 1501
1DBCAA7C9477801; 1521
1DBCAA7DD8B7501; 1521
1DBCAA8BDA88101; 1520
1DBCAA8E03A9A01; 1520
1DBCAAA55F33581; 1526
1DBCAAA76AEC4B5; 1526
1DBCAABD194EBB5; 1501
1DBCAACACF5F774; 1533
1DBCAACC39C4E74; 1536
1DBCAACD60D6A9C; 1533
1DBCAACE7F82AF4; 1533
1DBCAAD41F8F074; 1502
1DBCAAD589F4774; 1508
1DBCAAD6F459E74; 1499
1DBCAAD85EBF574; 1505
1DBCAAD9C924C74; 1498
1DBCAADB338A374; 1505
1DBCAADCB102774; 1504
1DBCAADE24F14F4; 1504
1DBCAAEF0516574; 1513
1DBCAAF0CED9D74; 1513
1DBCAB03BB84374; 1534
1DBCAB04ECB1374; 1534
1DBCAB120016CF4; 1534
1DBCAB1432C1C74; 1534
1DBCAB2B71AF474; 1532
1DBCAB2D9AD0D74; 1532
1DBCAB44E347BF4; 1539
1DBCAB46DCBA474; 1539
1DBCAB5C485ADF4; 1535
1DBCAB5E16CACAF; 1535
1DBCAB74BD21CAF; 1537
1DBCAB7699F81AF; 1537
1DBCAB8DCF5C32F; 1535
1DBCAB8FF87DC2F; 1535
1DBCABA7376B42F; 1537
1DBCABA9739FA2F; 1537
1DBCABC0B28D22F; 1544
1DBCABC28F6372F; 1544
1DBCABD7DE67D2F; 1526
1DBCABD95256AAF; 1526
1DBCABE930FDBAF; 1532
1DBCABEB20E6DAF; 1532
1DBCABFFA7A5B2F; 1533
1DBCAC01BDB472F; 1533
1DBCAC190FB4C2F; 1526
1DBCAC1B12B0B2F; 1526
1DBCAC3074C7E2F; 1532
1DBCAC3277C3D2F; 1532
1DBCAC482FAFAAF; 1532
1DBCAC4A4F47D2F; 1532
1DBCAC6197BEBAF; 1535
1DBCAC63C0E04AF; 1535
1DBCAC7BA1EDB2F; 1574
1DBCAC82E597EAF; 1569
1DBCAC848935CAF; 1569
1DBCAC95E5551AF; 1575
1DBCAC97C22B6AF; 1575
1DBCACAC953582F; 1569
1DBCACAE983172F; 1569
1DBCACC3FA48A2F; 1575
1DBCACC5EA31C2F; 1575
1DBCACDB76B9B9C; 1600
1DBCACDC9A122AF; 1600
1DBCACE9317D7AF; 1603
1DBCACEB3E02D2F; 1603
1DBCAD014239EAF; 1594
1DBCAD031586D2F; 1594
1DBCAD17467102F; 1573
1DBCAD1881276AF; 1573
1DBCAD2636ACEAF; 1590
1DBCAD33201A43B; 1583
1DBCAD34C777D3E; 1583
1DBCAD471B8BB3E; 1583
1DBCAD493D56878; 1583
1DBCAD608F56D78; 1582
1DBCAD629E0799C; 1582
1DBCAD79F007E9C; 1583
1DBCAD7BFF5826A; 1583
1DBCAD93515876A; 1589
1DBCAD954CF181B; 1589
1DBCADAAFB53F1B; 1583
1DBCAEDAEDB1901; 1584
1DBCAEDC1EDE901; 1584
1DBCAEE97E8F681; 1590
1DBCAEEB5B65B81; 1590
1DBCAEFF367B401; 1583
1DBCAF0109C8281; 1583
1DBCAF15E65BA81; 1590
1DBCAF17CCBB601; 1590
1DBCAF2CEC10B81; 1584
1DBCAF2EE583401; 1584
1DBCAF449D6F181; 1608
1DBCAF45C512B01; 1608
1DBCAF534AE9281; 1583
1DBCAF57DDDAF44; 1589
1DBCAF58FE08501; 1589
1DBCAF64E9CA501; 1607
1DBCAF6D08CCE01; 1589
1DBCAF6EC906F81; 1607
1DBCAF70336C681; 1583
1DBCAF719DD1D81; 1589
1DBCAF730837481; 1583
1DBCAF753AE2401; 1583
1DBCAF769234E01; 1583
1DBCAF8DD122601; 1608
1DBCAF8F024F601; 1608
1DBCAF9C7E9C701; 1608
1DBCAF9E9E34981; 1608
1DBCAFB5DD22181; 1613
1DBCAFB7E01E081; 1613
1DBCAFCE3A29C81; 1608
1DBCAFD046AF201; 1608
1DBCAFE69731781; 1589
1DBCAFE80196E81; 1589
1DBCAFF7C18E944; 1608
1DBCAFF8F4CEC01; 1608
1DBCB00519C9301; 1583
1DBCB008872A901; 1608
1DBCB009F190001; 1614
1DBCB00B7891A81; 1583
1DBCB00DAB3CA01; 1583
1DBCB00EF905D81; 1583
1DBCB026417CC01; 1607
1DBCB0277C33281; 1607
1DBCB0357E03E81; 1607
1DBCB0379D9C101; 1607
1DBCB04EDC89901; 1608
1DBCB050F298501; 1608
1DBCB0684E22081; 1590
1DBCB069D523B01; 1590
1DBCB07A42D7D81; 1584
1DBCB07C1FAE281; 1584
1DBCB090F2B8401; 1589
1DBCB092F5B4301; 1589
1DBCB0A8E4C54C4; 1614
1DBCB0AA1805781; 1614
1DBCB0B6E8A9381; 1584
1DBCB0B8530EA81; 1589
1DBCB0B9BD74181; 1583
1DBCB0BBE695A81; 1583
1DBCB0BD3DE8481; 1583
1DBCB0D4A2FB681; 1590
1DBCB0D69C6DF01; 1590
1DBCB0EBFE85201; 1585
1DBCB0EDF7F7A81; 1585
1DBCB10405B8281; 1583
1DBCB1061BC6E81; 1583
1DBCB11E5C32601; 1614
1DBCB1294676681; 1608
1DBCB12AF39DB01; 1608
1DBCB13EE1C6081; 1583
1DBCB149CC0A101; 1590
1DBCB14B661E881; 1590
1DBCB15D6DE7281; 1608
1DBCB15EBBB0601; 1608
1DBCB16D0042F81; 1614
1DBCB16ECA06781; 1614
1DBCB182FAF0A81; 1614
1DBCB1851A88D01; 1614
1DBCB19C5976501; 1588
1DBCB19D7790801; 1588
1DBCB1AA5B47101; 1590
1DBCB1AC67CC681; 1590
1DBCB1C363F8101; 1608
1DBCB1C4EAF9B81; 1608
1DBCB1D558ADE01; 1590
1DBCB1D689DAE01; 1590
1DBCB1E3E98BB81; 1584
1DBCB1E5A9C5D01; 1584
1DBCB1F98E64C01; 1594
1DBCB1FB4E9ED81; 1594
1DBCB20E8794781; 1593
1DBCB2109DA3381; 1593
1DBCB227E61A201; 1586
1DBCB229DF8CA81; 1586
1DBCB23F41A3D81; 1592
1DBCB2413B16601; 1592
1DBCB256F302381; 1586
1DBCB258EC74C01; 1586
1DBCB26EA460981; 1592
1DBCB270A75C881; 1592
1DBCB28655BEF81; 1586
1DBCB2884F31801; 1586
1DBCB29E071D581; 1583
1DBCB2A01D2C181; 1583
1DBCB2B70FCE581; 1612
1DBCB2B82DE8881; 1612
1DBCB2C3B0C3101; 1588
1DBCB2C6C84FC81; 1606
1DBCB2C832B5381; 1607
1DBCB2C9B02D781; 1607
1DBCB2DA276B081; 1607
1DBCB2DC508C981; 1607
1DBCB2F38F7A181; 1592
1DBCB2F53317F81; 1592
1DBCB3073AE0981; 1592
1DBCB3095A78C01; 1592
1DBCB320B602781; 1603
1DBCB3227FC5F81; 1603
1DBCB3360E90401; 1606
1DBCB3382E28681; 1606
1DBCB34F33DD781; 1585
1DBCB350760A1C4; 1585
1DBCB35FBC1AAC4; 1585
1DBCB361DBB2D44; 1585
1DBCB3792429BC4; 1606
1DBCB37A8505C44; 1606
1DBCB388D4D2C44; 1578
1DBCB38A3D87344; 1578
1DBCB38FE71CF44; 1598
1DBCB3915182644; 1574
1DBCB3938DB6C44; 1574
1DBCB394DB7FFC4; 1574
1DBCB3AC23F6E44; 1600
1DBCB3AD511C4FC; 1600
1DBCB3BA6481E7C; 1600
1DBCB3BA657548D; 1600
1DBCB3BB9B677C4; 1600
1DBCB3D2ED67CC4; 1596
1DBCB3D503768C4; 1596
1DBCB3EC6889AC4; 1633
1DBCB3F43B40FC4; 1725
1DBCB3F5A5A66C4; 1714
1DBCB3F7100BDC4; 1749
1DBCB3F87A714C4; 1735
1DBCB3FAB6A5AC4; 1735
1DBCB3FC046EE44; 1735
1DBCB4134CE5CC4; 1738
1DBCB4156C7DF44; 1738
1DBCB42D5714C44; 1699
1DBCB434A448644; 1726
1DBCB436E07CC44; 1726
1DBCB4382E45FC4; 1726
1DBCB44F76BCE44; 1714
1DBCB4514080644; 1714
1DBCB4647976044; 1713
1DBCB466990E2C4; 1713
1DBCB47DE185144; 1713
1DBCB4800AA6A44; 1713
1DBCB4974994244; 1707
1DBCB4994C90144; 1707
1DBCB4AF047BEC4; 1704
1DBCB4B11A8AAC4; 1704
1DBCB4C816B6544; 1705
1DBCB4CA3FD7E44; 1705
1DBCB4E17EC5644; 1759
1DBCB4E2E92AD44; 1760
1DBCB4E479B5E44; 1760
1DBCB4F53D3EB44; 1780
1DBCB4F65B58E44; 1780
1DBCB5028053544; 1774
1DBCB50453A03C4; 1774
1DBCB517E26A844; 1795
1DBCB5191D20EC4; 1795
1DBCB5267CD1C44; 1795
1DBCB528A5F3544; 1795
1DBCB53FEE6A3C4; 1793
1DBCB542178BCC4; 1793
1DBCB5596002B44; 1801
1DBCB55B59753C4; 1801
1DBCB56F9AB50F3; 1836
1DBCB5711AEA7C4; 1836
1DBCB578A1568C4; 1835
1DBCB57AC0EEB44; 1835
1DBCB591BD1A5C4; 1855
1DBCB5933109344; 1855
1DBCB5A2B9DB9C4; 1895
1DBCB5A424410C4; 1894
1DBCB5A5AB42B44; 1894
1DBCB5B62280444; 1961
1DBCB5B78CE5B44; 1967
1DBCB5B8F74B244; 1978
1DBCB5BA61B0944; 1985
1DBCB5BBCC16044; 1988
1DBCB5BD367B744; 1996
1DBCB5BF7C393C4; 1996
1DBCB5C0D38BDC4; 1996
1DBCB5D8258C2C4; 2083
1DBCB5D98FF19C4; 2090
1DBCB5DAFA570C4; 2100
1DBCB5DC64BC7C4; 2107
1DBCB5DDE234BC4; 2114
1DBCB5DF4C9A2C4; 2125
1DBCB5E0B6FF9C4; 2132
1DBCB5E30646CC4; 2132
1DBCB5E45410044; 2132
1DBCB5FB9C86EC4; 2129
1DBCB5FDC5A87C4; 2129
1DBCB614CB5D8C4; 2132
1DBCB616F47F1C4; 2132
1DBCB62DFA342C4; 2140
1DBCB62FEA1D4C4; 2140
1DBCB644BD27644; 2116
1DBCB645EE54644; 2116
1DBCB652B56EBC4; 2121
1DBCB654A557DC4; 2121
1DBCB6684E012F3; 2152
1DBCB66A076F0C4; 2152
1DBCB6730B535C4; 2132
1DBCB674F1B3144; 2133
1DBCB676BB76944; 2133
1DBCB6888749973; 2159
1DBCB68A4A40DC4; 2159
1DBCB6944619BC4; 2136
1DBCB695B07F2C4; 2135
1DBCB6974A93A44; 2135
1DBCB6A8212F444; 2135
1DBCB6AA53DA3C4; 2135
1DBCB6C19C51244; 2138
1DBCB6C3CEFC1C4; 2138
1DBCB6DB1773044; 2139
1DBCB6DD4F1D2E2; 2139
1DBCB6F48E0AAE2; 2133
1DBCB6F5CA8E1F3; 2133
1DBCB70B8279F73; 2157
1DBCB70CC6B9C73; 2157
1DBCB71A397D6F3; 2132
1DBCB71EF4A8073; 2153
1DBCB7205F0D773; 2152
1DBCB721EF98873; 2152
1DBCB733C7B21F3; 2128
1DBCB73DBA01973; 2133
1DBCB73F8D4E7F3; 2133
1DBCB752CFCD873; 2134
1DBCB75502787F3; 2134
1DBCB76C4AEF673; 2136
1DBCB76E7D9A5F3; 2136
1DBCB785C611473; 2146
1DBCB787AC70FF3; 2146
1DBCB79BDD5B2F3; 2143
1DBCB79E067CBF3; 2143
1DBCB7B50C31CF3; 2147
1DBCB7B735535F3; 2147
1DBCB7CDDBAA5F3; 2171
1DBCB7CF1FEA2F3; 2171
1DBCB7DCD56FAF3; 2175
1DBCB7DED86B9F3; 2175
1DBCB7F4440C373; 2187
1DBCB7F60DCFB73; 2187
1DBCB80959D8273; 2217
1DBCB8112C8F773; 2217
1DBCB81368C3D73; 2217
1DBCB82AA7B1573; 2191
1DBCB82BD8DE573; 2191
1DBCB838FF56BF3; 2196
1DBCB83AEF3FDF3; 2196
1DBCB84F8911873; 2193
1DBCB851A8A9AF3; 2193
1DBCB868A4D5573; 2204
1DBCB86A81ABA73; 2204
1DBCB87E06EC873; 2204
1DBCB88039977F3; 2204
1DBCB8977884FF3; 2206
1DBCB899A1A68F3; 2206
1DBCB8B0EA1D773; 2206
1DBCB8B31CC86F3; 2206
1DBCB8CA5BB5EF3; 2208
1DBCB8CCA173B73; 2208
1DBCB8E3CC4B2F8; 2236
1DBCB8E4EB68973; 2236
1DBCB8F12375D73; 2240
1DBCB8F31CE85F3; 2240
1DBCB90832B44F3; 2235
1DBCB90A3F39A73; 2235
1DBCB9204CFA273; 2240
1DBCB922597F7F3; 2240
1DBCB938673FFF3; 2242
1DBCB93A90618F3; 2242
1DBCB951E261DF3; 2245
1DBCB9540B836F3; 2245
1DBCB96B53FA573; 2244
1DBCB96D7D1BE73; 2244
1DBCB984C592CF3; 2245
1DBCB986E52AF73; 2245
1DBCB99E372B473; 2245
1DBCB9A06EB092F; 2245
1DBCB9B7AD9E12F; 2260
1DBCB9B93813277; 2260
1DBCB9CAFD19EF7; 2260
1DBCB9CD157242E; 2260
1DBCB9E45DE92AE; 2260
1DBCB9E67FC8983; 2260
1DBCB9FDBEB6183; 2284
1DBCB9FEFE9D7F8; 2284
1DBCBA0D006E3F8; 2266
1DBCBA1935075E0; 2265
1DBCBA79F1490BB; 2271
1DBCBA7C0757CBB; 2271
1DBCBA930D0CDBB; 2271
1DBCBA952CA503B; 2271
1DBCBAAC751BEBB; 2266
1DBCBAAE81A143B; 2266
1DBCBAC5F03DCBB; 2292
1DBCBAD2FA19FBB; 2270
1DBCBAD93C463BB; 2295
1DBCBADB6EF133B; 2295
1DBCBADCC643D3B; 2295
1DBCBAF40EBABBB; 2272
1DBCBAF55C83F3B; 2272
1DBCBB03AA9FF3B; 2272
1DBCBB05CA381BB; 2272
1DBCBB1D12AF03B; 2273
1DBCBB1F32472BB; 2273
1DBCBB367ABE13B; 2293
1DBCBB37E52383B; 2293
1DBCBB4878FD4BB; 2271
1DBCBB526B4CC3B; 2272
1DBCBB54815B83B; 2272
1DBCBB6BC9D26BB; 2272
1DBCBB6DE96A93B; 2272
1DBCBB8531E17BB; 2294
1DBCBB867FAAB3B; 2294
1DBCBB96120683B; 2272
1DBCBB9F1F743BB; 2272
1DBCBBA13582FBB; 2272
1DBCBBB8A41F83B; 2269
1DBCBBBAC3B7ABB; 2269
1DBCBBD202A52BB; 2265
1DBCBBD40F2A83B; 2265
1DBCBBEBB6FF7BB; 2295
1DBCBBF6AACCEBB; 2273
1DBCBBFB8293BBB; 2279
1DBCBC03980CE3B; 2280
1DBCBC05AE1BA3B; 2280
1DBCBC1CF6928BB; 2279
1DBCBC1F162AB3B; 2279
1DBCBC36551833B; 2276
1DBCBC3874B05BB; 2276
1DBCBC4FB39DDBB; 2294
1DBCBC5131161BB; 2294
1DBCBC61A853ABB; 2276
1DBCBC62E30A13B; 2276
1DBCBC70393183B; 2270
1DBCBC7202F503B; 2270
1DBCBC869CC6ABB; 2301
1DBCBC8F119DE3B; 2280
1DBCBC907C0353B; 2301
1DBCBC91E668C3B; 2295
1DBCBC9350CE33B; 2273
1DBCBC94BB33A3B; 2280
1DBCBC96259913B; 2295
1DBCBC9858440BB; 2295
1DBCBC99AF96ABB; 2295
1DBCBCB0EE842BB; 2301
1DBCBCB2E7F6B3B; 2301
1DBCBCC89FE28BB; 2300
1DBCBCCAB5F14BB; 2300
1DBCBCE1FE6833B; 2301
1DBCBCE431132BB; 2301
1DBCBCFACF8B523; 2274
1DBCBCFC7B080BB; 2274
1DBCBD085EEB323; 2295
1DBCBD09A18073B; 2295
1DBCBD10D217DBB; 2273
1DBCBD123C7D4BB; 2293
1DBCBD13A6E2BBB; 2273
1DBCBD1511482BB; 2294
1DBCBD167BAD9BB; 2273
1DBCBD17E6130BB; 2278
1DBCBD1A18BE03B; 2278
1DBCBD1B66873BB; 2278
1DBCBD32CB9A5BB; 2300
1DBCBD3422ECFBB; 2300
1DBCBD431328E3B; 2303
1DBCBD451624D3B; 2303
1DBCBD5B79B9FBB; 2299
1DBCBD5D863F53B; 2299
1DBCBD742C9653B; 2300
1DBCBD764C2E7BB; 2300
1DBCBD8D8B1BFBB; 2299
1DBCBD8FA12ABBB; 2299
1DBCBDA6E9A1A3B; 2279
1DBCBDA85D907BB; 2279
1DBCBDB73C64223; 2301
1DBCBDB8C1BB3BB; 2301
1DBCBDC2BD941BB; 2300
1DBCBDC4D3A2DBB; 2300
1DBCBDDC25A32BB; 2306
1DBCBDDE1F15B3B; 2306
1DBCBDF3D7018BB; 2304
1DBCBDF5ED104BB; 2304
1DBCBE0D358733B; 2282
1DBCBE0E83506BB; 2282
1DBCBE1D738C53B; 2286
1DBCBE1F768843B; 2286
1DBCBE3537FD83B; 2285
1DBCBE374E0C43B; 2285
1DBCBE4E96832BB; 2285
1DBCBE50B61B53B; 2285
1DBCBE67F508D3B; 2288
1DBCBE6A0B1793B; 2288
1DBCBE80B319223; 2317
1DBCBE82681F43B; 2317
1DBCBE8D96CFB23; 2298
1DBCBE8EE2EE5BB; 2298
1DBCBE96B5A5ABB; 2299
1DBCBE98D53DD3B; 2299
1DBCBEB0142B53B; 2298
1DBCBEB233C37BB; 2298
1DBCBEC97C3A63B; 2291
1DBCBECB6C2383B; 2291
1DBCBEE0D7C41BB; 2299
1DBCBEE2BE23D3B; 2299
1DBCBEF787A483B; 2303
1DBCBEF9B00D576; 2303
1DBCBF104CDAEF6; 2303
1DBCBF125B830A0; 2303
1DBCBF29B70CC20; 2331
1DBCBF36ECBF09E; 2306
1DBCBF3AAF47033; 2304
1DBCBF3BD228BA3; 2304
1DBCBF4E68FE723; 2305
1DBCBF5088969A3; 2305
1DBCBF67C5658DF; 2333
1DBCBF68E59E4A3; 2333
1DBCBF750A98BA3; 2307
1DBCBF77CC50CA3; 2307
1DBCBF79EBE8F23; 2307
1DBCBF91345FDA3; 2304
1DBCBF9353F8023; 2304
1DBCBFAA9C6EEA3; 2300
1DBCBFACBC07123; 2300
1DBCBFC36BE77A3; 2303
1DBCBFC581F63A3; 2303
1DBCBFDCADD0EA3; 2306
1DBCBFDEE07BE23; 2306
1DBCBFF628F2CA3; 2330
1DBCBFF75A1FCA3; 2330
1DBCC005BB4E9A3; 2307
1DBCC00CEBE6023; 2302
1DBCC00E85FA7A3; 2302
1DBCC01FC57D923; 2302
1DBCC021E515BA3; 2302
1DBCC0392D8CA23; 2327
1DBCC03A71CC723; 2327
1DBCC047C7F3E23; 2321
1DBCC04991B7623; 2321
1DBCC05D7656523; 2327
1DBCC05F7952423; 2327
1DBCC074E4F2DA3; 2327
1DBCC077048B023; 2327
1DBCC08E4D01EA3; 2329
1DBCC0907FACE23; 2329
1DBCC0A7C823CA3; 2328
1DBCC0A9E7BBF23; 2328
1DBCC0C139BC423; 2327
1DBCC0C362DDD23; 2327
1DBCC0DAB4DE223; 2307
1DBCC0DC28CCFA3; 2307
1DBCC0EBCE3B9A3; 2310
1DBCC0EDDAC0F23; 2310
1DBCC104C3D9CA3; 2350
1DBCC10B0F8F723; 2411
1DBCC10C79F4E23; 2415
1DBCC10EB629423; 2415
1DBCC1100D7BE23; 2415
1DBCC12755F2CA3; 2396
1DBCC128D7DCF58; 2396
1DBCC138F945DD8; 2402
1DBCC13AD9151DF; 2402
1DBCC14FAC1F35F; 2399
1DBCC199E2B9E1A; 2387
1DBCC19BBF9031A; 2387
1DBCC1AF44D111A; 2374
1DBCC1B0DEE589A; 2374
1DBCC1C388CE11A; 2398
1DBCC1CE26C6D9A; 2398
1DBCC1D05971D1A; 2398
1DBCC1E7985F51A; 2405
1DBCC1E991D1D9A; 2405
1DBCC1FEFD7271A; 2428
1DBCC20041B241A; 2428
1DBCC20D97D9B1A; 2434
1DBCC20F6B2699A; 2434
1DBCC2234FC589A; 2440
1DBCC225493811A; 2440
1DBCC23AB4D8A9A; 2439
1DBCC23CE783A1A; 2439
1DBCC254267121A; 2437
1DBCC2564F92B1A; 2437
1DBCC26DA19301A; 2443
1DBCC26FA48EF1A; 2443
1DBCC2855C7AC9A; 2442
1DBCC2878F25C1A; 2442
1DBCC29EE12611A; 2463
1DBCC2A04B8B81A; 2463
1DBCC2AF8812A9A; 2463
1DBCC2B1B13439A; 2463
1DBCC2C8F9AB21A; 2457
1DBCC2CB063079A; 2457
1DBCC2E0BE1C51A; 2459
1DBCC2E2E73DE1A; 2459
1DBCC2FA4C5101A; 2459
1DBCC2FC7EFBF9A; 2459
1DBCC313BDE979A; 2453
1DBCC315CA6ED1A; 2453
1DBCC32B825AA9A; 2454
1DBCC32DAB7C39A; 2454
1DBCC344F3F321A; 2456
1DBCC3471D14B1A; 2456
1DBCC35E658B99A; 2457
1DBCC360983691A; 2457
1DBCC377D72411A; 2456
1DBCC37A0045A1A; 2456
1DBCC39148BC89A; 2437
1DBCC392CFBE31A; 2437
1DBCC3A2F12719A; 2445
1DBCC3A4BAEA99A; 2445
1DBCC3B7FD69A1A; 2443
1DBCC3BA268B31A; 2443
1DBCC3D16F0219A; 2466
1DBCC3D2CFDE21A; 2466
1DBCC3E11470B9A; 2471
1DBCC3E2FAD071A; 2471
1DBCC3F7EA76C1A; 2470
1DBCC3FA139851A; 2470
1DBCC41178AB71A; 2463
1DBCC413721DF9A; 2463
1DBCC428DDBE91A; 2439
1DBCC42A1874F9A; 2439
1DBCC437225129A; 2445
1DBCC438FF2779A; 2445
1DBCC44D8F6FB9A; 2477
1DBCC455622709A; 2511
1DBCC456CC8C79A; 2485
1DBCC4584A04B9A; 2486
1DBCC459C77CF9A; 2486
1DBCC46AA7A201A; 2496
1DBCC46C5E52B1A; 2496
1DBCC47EB26691A; 2510
1DBCC480396839A; 2510
1DBCC490CD4201A; 2509
1DBCC492FFECF9A; 2509
1DBCC4AA3EDA79A; 2510
1DBCC4AC67FC09A; 2510
1DBCC4C3B072F1A; 2505
1DBCC4C5C681B1A; 2505
1DBCC4DCFBE5C9A; 2537
1DBCC4E6AB7369A; 2515
1DBCC4E8F13131A; 2515
1DBCC4EA3EFA69A; 2515
1DBCC501877151A; 2514
1DBCC503B092E1A; 2514
1DBCC51AF909C9A; 2524
1DBCC51CD5E019A; 2524
1DBCC53106CA49A; 2517
1DBCC532ED2A01A; 2517
1DBCC547C03419A; 2514
1DBCC549E955A9A; 2514
1DBCC560DBF7E9A; 2514
1DBCC563051979A; 2514
1DBCC57A4D9061A; 2515
1DBCC57C76B1F1A; 2515
1DBCC593BF28D9A; 2518
1DBCC595E84A69A; 2518
1DBCC5AD30C151A; 2518
1DBCC5AF59E2E1A; 2518
1DBCC5C6A259C9A; 2519
1DBCC5C8CB7B59A; 2519
1DBCC5E013F241A; 2498
1DBCC5E174CE49A; 2498
1DBCC5EF4F94C38; 2523
1DBCC5F00E50E38; 2523
1DBCC5F1799AF9A; 2523
1DBCC5F7D46BC15; 2498
1DBCC5F7D77ECB8; 2498
1DBCC5F93ED1315; 2523
1DBCC5F941E43B8; 2523
1DBCC5F942C8E1A; 2498
1DBCC5FAA936A15; 2523
1DBCC5FAAC49AB8; 2523
1DBCC5FAAD2E51A; 2523
1DBCC5FAE77510F; 2523
1DBCC5FB717C295; 2523
1DBCC5FB748F338; 2523
1DBCC5FBAFBA98F; 2523
1DBCC5FCC8CEC95; 2523
1DBCC5FCCBE1D38; 2523
1DBCC5FCDFD949A; 2523
1DBCC5FCFFD384C; 2523
1DBCC5FD070D38F; 2523
1DBCC5FE372BE9A; 2523
1DBCC6141145B15; 2523
1DBCC6141458BB8; 2523
1DBCC614484A6CC; 2523
1DBCC6144F8420F; 2523
1DBCC6157FA2D1A; 2523
1DBCC6163A67415; 2523
1DBCC6166B20AB3; 2523
1DBCC616716BFCC; 2523
1DBCC61678A5B0F; 2523
1DBCC617A8C461A; 2523
1DBCC62D7C67CB8; 2523
1DBCC62DAA0E2B3; 2523
1DBCC62DB0597CC; 2523
1DBCC62DB79330F; 2523
1DBCC62EE7B1E1A; 2523
1DBCC62FC28B70D; 2523
1DBCC62FC9A6533; 2523
1DBCC62FCFF1A4C; 2523
1DBCC631074A09A; 2523
1DBCC646E476DB8; 2507
1DBCC6470B0258D; 2507
1DBCC647121D3B3; 2507
1DBCC6484FC0F1A; 2507
1DBCC6489D11165; 2507
1DBCC648A740B04; 2507
1DBCC648AEA038D; 2507
1DBCC648B5BB1B3; 2507
1DBCC649F35ED1A; 2507
1DBCC659E4340B8; 2507
1DBCC659F930665; 2507
1DBCC65A0360004; 2507
1DBCC65A0ABF88D; 2507
1DBCC65B4F7E21A; 2507
1DBCC65C18C88E5; 2507
1DBCC65C1C17397; 2507
1DBCC65C22F8284; 2507
1DBCC65D6F1649A; 2507
1DBCC6734C431B8; 2502
1DBCC673613F765; 2502
1DBCC673648E217; 2502
1DBCC674B78D31A; 2502
1DBCC6756A3201C; 2502
1DBCC6757113797; 2502
1DBCC676C41289A; 2502
1DBCC68BC43DC1C; 2532
1DBCC68CA13F5B8; 2532
1DBCC68CAB53A26; 2532
1DBCC68CB2A8E9C; 2532
1DBCC68E0C8971A; 2532
1DBCC6973F38238; 2527
1DBCC697494C6A6; 2527
1DBCC698AA8239A; 2527
1DBCC6990BEA8B0; 2527
1DBCC699130FEA6; 2527
1DBCC69A7445B9A; 2527
1DBCC6AC97C5EB8; 2528
1DBCC6AC9AB4D30; 2528
1DBCC6AE031001A; 2528
1DBCC6AEB1DB45C; 2528
1DBCC6AEBCB922E; 2528
1DBCC6B02C3191A; 2528
1DBCC6C5F0C8C5C; 2540
1DBCC6C5FFD4FB8; 2540
1DBCC6C76B1F11A; 2540
1DBCC6C7B71BBDA; 2540
1DBCC6C9310912A; 2540
1DBCC6DB028E1B8; 2546
1DBCC6DC73881AA; 2546
1DBCC6DE5CB6144; 2546
1DBCC6F25E17D38; 2549
1DBCC6F3C856AC4; 2549
1DBCC70B70523B8; 2555
1DBCC70D69C4C38; 2555
1DBCC72321B09B8; 2550
1DBCC7251B23238; 2550
1DBCC73B28E3A38; 2552
1DBCC73D5205338; 2552
1DBCC75490F2B38; 2553
1DBCC756B08ADB8; 2553
1DBCC76DF901C38; 2553
1DBCC7701899EB8; 2553
1DBCC7876110D38; 2531
1DBCC788AEDA0B8; 2531
1DBCC7982499A38; 2553
1DBCC7A13B90C38; 2556
1DBCC7A321F07B8; 2556
1DBCC7B84145D38; 2556
1DBCC7BA6A67638; 2556
1DBCC7D1A954E38; 2554
1DBCC7D3C8ED0B8; 2554
1DBCC7EB1AED5B8; 2560
1DBCC7ED0AD67B8; 2560
1DBCC802CC4BBB8; 2556
1DBCC804E25A7B8; 2556
1DBCC81B7F28138; 2561
1DBCC81D8BAD6B8; 2561
1DBCC833DC2FC38; 2556
1DBCC835DF2BB38; 2556
1DBCC84C3937738; 2557
1DBCC84E6259038; 2557
1DBCC865A146838; 2563
1DBCC8679AB90B8; 2563
1DBCC87D6F411B8; 2557
1DBCC87F68B3A38; 2557
1DBCC895209F7B8; 2556
1DBCC89749C10B8; 2556
1DBCC8AE88AE8B8; 2563
1DBCC8B07897AB8; 2563
1DBCC8C5EDC1AB8; 2555
1DBCC8C7CA97FB8; 2555
1DBCC8DC9DA2138; 2555
1DBCC8DEBD3A3B8; 2555
1DBCC8F605B1238; 2562
1DBCC8F7F59A438; 2562
1DBCC90D6AC4438; 2562
1DBCC90F93E5D38; 2562
1DBCC926D2D3538; 2555
1DBCC928AFA9A38; 2555
1DBCC93DF5249B8; 2557
1DBCC94014BCC38; 2557
1DBCC95753AA438; 2559
1DBCC95973426B8; 2559
1DBCC970B22FEB8; 2566
1DBCC972A2190B8; 2566
1DBCC9880DB9A38; 2556
1DBCC989E1068B8; 2556
1DBCC99D66476B8; 2565
1DBCC99F300AEB8; 2565
1DBCC9B314A9DB8; 2559
1DBCC9B50492FB8; 2559
1DBCC9CA7033938; 2556
1DBCC9CC8FCBBB8; 2556
1DBCC9E38BF7638; 2562
1DBCC9E57BE0838; 2562
1DBCC9FB3D55C38; 2562
1DBCC9FD5364838; 2562
1DBCCA149BDB6B8; 2556
1DBCCA169ED75B8; 2556
1DBCCA2C4D39CB8; 2562
1DBCCA2E46AC538; 2562
1DBCCA43FE982B8; 2556
1DBCCA4601941B8; 2556
1DBCCA5BAFF68B8; 2561
1DBCCA5DA969138; 2561
1DBCCA73B729938; 2561
1DBCCA75E04B238; 2561
1DBCCA8D1F38A38; 2561
1DBCCA8F3ED0CB8; 2561
1DBCCAA690D11B8; 2556
1DBCCAA893CD0B8; 2556
1DBCCABEEDD8CB8; 2556
1DBCCAC10D70F38; 2556
1DBCCAD855E7DB8; 2562
1DBCCADA58E3CB8; 2562
1DBCCAF007463B8; 2557
1DBCCAF200B8C38; 2557
1DBCCB080E79438; 2554
1DBCCB0A2E116B8; 2554
1DBCCB2120B3AB8; 2561
1DBCCB23109CCB8; 2561
1DBCCB387C3D638; 2554
1DBCCB3A6C26838; 2554
1DBCCB4F81F2738; 2561
1DBCCB5168522B8; 2561
1DBCCB6687A7838; 2571
1DBCCB685AF46B8; 2571
1DBCCB7BE0354B8; 2565
1DBCCB7DD9A7D38; 2565
1DBCCB9345486B8; 2596
1DBCCB9DCD1B595; 2609
1DBCCB9EF9C4F0F; 2609
1DBCCBA997BDB8F; 2607
1DBCCBABB01C2CC; 2607
1DBCCBC24CE9C4C; 2617
1DBCCBC41061F33; 2617
1DBCCBD7F500E33; 2613
1DBCCBD9FA6B58D; 2613
1DBCCBF0547718D; 2610
1DBCCBF27639204; 2610
1DBCCC09AAF7065; 2616
1DBCCC09B526A04; 2616
1DBCCC0BB141A17; 2616
1DBCCC21692D797; 2610
1DBCCC236547F1C; 2610
1DBCCC391D33C9C; 2609
1DBCCC3B3576AA6; 2609
1DBCCC527DED926; 2605
1DBCCC5496605B0; 2605
1DBCCC6B332DF30; 2601
1DBCCC6D421F72E; 2601
1DBCCC83DD9895C; 2605
1DBCCC83E87672E; 2605
1DBCCC8603499DA; 2605
1DBCCC9CA01735A; 2601
1DBCCDACA532850; 2900
1DBCCDADC34CB50; 2900
1DBCCDBA3E1BCD0; 2884
1DBCCDC587BDE50; 2898
1DBCCDD025B6AD0; 2896
1DBCCDD2454ED50; 2896
1DBCCDE8BBF6CD0; 2877
1DBCCDEA396F0D0; 2877
1DBCCDFA18161D0; 2917
1DBCCDFB827B8D0; 2917
1DBCCE1291BA050; 2942
1DBCCE13DF833D0; 2942
1DBCCE221103050; 2922
1DBCCE2B27FA250; 2918
1DBCCE2D04D0750; 2918
1DBCCE40F2F8CD0; 2907
1DBCCE42BCBC4D0; 2907
1DBCCE55B2F0150; 2888
1DBCCE571D55850; 2888
1DBCCE6574FAED0; 2902
1DBCCE66D5D6F50; 2902
1DBCCE752D7C5D0; 2900
1DBCCE77438B1D0; 2900
1DBCCE8E52C9950; 2903
1DBCCE908EFDF50; 2903
1DBCCEA7CDEB750; 2903
1DBCCEAA00966D0; 2903
1DBCCEC1490D550; 2920
1DBCCEC2ECAB350; 2920
1DBCCED3E89A9B8; 2942
1DBCCED50786A50; 2942
1DBCCEE03E15ED0; 3005
1DBCCEE28D5D1D0; 3005
1DBCCEE3DB26550; 3005
1DBCCEFBEBE2C50; 2969
1DBCCF04AD053D0; 2969
1DBCCF06FC4C6D0; 2969
1DBCCF1EA421650; 3012
1DBCCF240AF54D0; 2992
1DBCCF2680621D0; 2990
1DBCCF3072B1950; 2969
1DBCCF3393C7B50; 2969
1DBCCF35C672AD0; 2969
1DBCCF4D0EE9950; 2987
1DBCCF4EA8FE0D0; 2987
1DBCCF5F16B2350; 2974
1DBCCF60B0C6AD0; 2974
1DBCCF7128043D0; 2980
1DBCCF732176C50; 2980
1DBCCF88838DF50; 3020
1DBCCF8D352F250; 3021
1DBCCF8F54C74D0; 3021
1DBCCFA5C1E5DD0; 3009
1DBCCFA78BA95D0; 3009
1DBCCFBA8B668D0; 3016
1DBCCFBC84D9150; 3016
1DBCCFD10B97ED0; 3008
1DBCCFD30E93DD0; 3008
1DBCCFE7823FE50; 3005
1DBCCFE9BE74450; 3005
1DBCD000BA9FED0; 3007
1DBCD002ED4AE50; 3007
1DBCD01A3F4B350; 3016
1DBCD01C38BDBD0; 3016
1DBCD030B5F32D0; 3015
1DBCD0330EC3C50; 3015
1DBCD04A573AAD0; 2997
1DBCD04BCB29850; 2997
1DBCD05D30D23D0; 3023
1DBCD0659C200D0; 3022
1DBCD067D8546D0; 3022
1DBCD07F3D678D0; 2992
1DBCD0805B81BD0; 2992
1DBCD08B9B9A6D0; 3019
1DBCD08DEAE19D0; 3019
1DBCD08F4BBDA50; 3019
1DBCD0A68AAB250; 3020
1DBCD0A8C6DF850; 3020
1DBCD0C00F566D0; 3070
1DBCD0C2DA97E50; 3071
1DBCD0C4D40A6D0; 3071
1DBCD0D95AC9450; 3078
1DBCD0DB5DC5350; 3078
1DBCD0F07D1A8D0; 3081
1DBCD0F2AFC5850; 3081
1DBCD109ABF12D0; 3081
1DBCD10BE8258D0; 3081
1DBCD1233A25DD0; 3080
1DBCD125765A3D0; 3080
1DBCD13CBED1250; 3080
1DBCD13EFB05850; 3080
1DBCD15669A20D0; 3081
1DBCD158A5D66D0; 3081
1DBCD16FF7D6BD0; 3081
1DBCD17220F84D0; 3081
1DBCD1897C82050; 3083
1DBCD18BB8B6650; 3083
1DBCD1A30AB6B50; 3089
1DBCD1A52A4EDD0; 3089
1DBCD1BAD8B14D0; 3089
1DBCD1BD0B5C450; 3089
1DBCD1D453D32D0; 3094
1DBCD1D4DCC615E; 3094
1DBCD1D4E04EBD4; 3094
1DBCD1D67CF4BD0; 3094
1DBCD1EB2D486DE; 3114
1DBCD1EB30D1154; 3114
1DBCD1EC9B26377; 3114
1DBCD1ECA13745E; 3114
1DBCD1ECA4BFED4; 3114
1DBCD1ECCD77150; 3114
1DBCD1EE4165ED0; 3114
1DBCD1FBD7AD5F7; 3110
1DBCD1FBDDBE6DE; 3110
1DBCD1FBE147154; 3110
1DBCD1FD7DED150; 3110
1DBCD1FDF057677; 3110
1DBCD1FDF745877; 3110
1DBCD1FDFD5695E; 3110
1DBCD1FE00DF3D4; 3110
1DBCD1FF9D853D0; 3110
1DBCD213A8433F7; 3137
1DBCD213AF315F7; 3137
1DBCD213B5426DE; 3137
1DBCD213B8CB154; 3137
1DBCD214A9C1377; 3137
1DBCD214B0AF577; 3137
1DBCD214B6C065E; 3137
1DBCD214BA490D4; 3137
1DBCD21532F9D3F; 3137
1DBCD21656EF0D0; 3137
1DBCD2203FAE8F7; 3138
1DBCD220469CAF7; 3138
1DBCD2204CADBDE; 3138
1DBCD2205036654; 3138
1DBCD221ECDC650; 3138
1DBCD2227259877; 3138
1DBCD2227947A77; 3138
1DBCD2227F58B5E; 3138
1DBCD22282E15D4; 3138
1DBCD2241F875D0; 3138
1DBCD239D76CA77; 3151
1DBCD239DE5AC77; 3151
1DBCD239E46BD5E; 3151
1DBCD239E7F47D4; 3151
1DBCD23B849A7D0; 3151
1DBCD23BAAB98F7; 3151
1DBCD23BB1A7AF7; 3151
1DBCD23D57E7650; 3151
1DBCD24E9763EF7; 3154
1DBCD24EA4631DE; 3154
1DBCD2504491C50; 3154
1DBCD250C0857F7; 3154
1DBCD2526DB3550; 3154
1DBCD2677D6515E; 3154
1DBCD2691D93BD0; 3154
1DBCD26B503EB50; 3154
1DBCD280F886F5E; 3166
1DBCD28298B59D0; 3166
1DBCD284654853C; 3166
1DBCD2960E52E5E; 3172
1DBCD297A7C75BC; 3172
1DBCD299A436718; 3172
1DBCD2AD7CEF6DE; 3175
1DBCD2AF0FD7098; 3175
1DBCD2B128D1938; 3175
1DBCD2C698B33DE; 3176
1DBCD2C824FD3B8; 3176
1DBCD2CA59B0766; 3176
1DBCD2E013D51DE; 3175
1DBCD2E1989DF66; 3175
1DBCD2E3BAAE13F; 3175
1DBCD2F98EF6FDE; 3175
1DBCD2FB0A85E12; 3175
1DBCD2FB0CAE63F; 3175
1DBCD313008F75E; 3172
1DBCD315464D3DE; 3172
1DBCD32C853ABDE; 3181
1DBCD32E6B9A75E; 3181
1DBCD342FBE2B5E; 3178
1DBCD34511F175E; 3178
1DBCD35BFB0A4DE; 3185
1DBCD35E078FA5E; 3185
1DBCD37369A6D5E; 3189
1DBCD375893EFDE; 3189
1DBCD38C2F95FDE; 3183
1DBCD38E3C1B55E; 3183
1DBCD3A3F4072DE; 3189
1DBCD3A60A15EDE; 3189
1DBCD3BBC201C5E; 3186
1DBCD3BDD81085E; 3186
1DBCD3D4DDC595E; 3194
1DBCD3D6C4254DE; 3194
1DBCD3EB972F65E; 3192
1DBCD3EDC9DA5DE; 3192
1DBCD4051BDAADE; 3191
1DBCD40744FC3DE; 3191
1DBCD41E8D7325E; 3192
1DBCD420B694B5E; 3192
1DBCD437FF0B9DE; 3192
1DBCD43A282D2DE; 3192
1DBCD45170A415E; 3195
1DBCD45399C5A5E; 3195
1DBCD46AE23C8DE; 3195
1DBCD46D01D4B5E; 3195
1DBCD48466E7D5E; 3199
1DBCD486900965E; 3199
1DBCD49D366065E; 3196
1DBCD49F42E5BDE; 3196
1DBCD4B6489ACDE; 3195
1DBCD4B87B45C5E; 3195
1DBCD4CFC3BCADE; 3196
1DBCD4D1D9CB6DE; 3196
1DBCD4E92BCBBDE; 3190
1DBCD4EB385115E; 3190
1DBCD500E6B385E; 3196
1DBCD502E9AF75E; 3196
1DBCD518A19B4DE; 3197
1DBCD51ADDCFADE; 3197
1DBCD532264695E; 3197
1DBCD53445DEBDE; 3197
1DBCD54BA16875E; 3199
1DBCD54DCA8A05E; 3199
1DBCD56542AFF5E; 3195
1DBCD56745ABE5E; 3195
1DBCD57DFF15B5E; 3198
1DBCD5801EADDDE; 3198
1DBCD5976724C5E; 3198
1DBCD59999CFBDE; 3198
1DBCD5B0E246A5E; 3199
1DBCD5B2EECBFDE; 3199
1DBCD5CA53DF1DE; 3202
1DBCD5CC7D00ADE; 3202
1DBCD5E38C3F25E; 3198
1DBCD5E5A24DE5E; 3198
1DBCD5FC522E4DE; 3199
1DBCD5FE683D0DE; 3199
1DBCD615BA3D5DE; 3199
1DBCD617D9D585E; 3199
1DBCD62F224C6DE; 3199
1DBCD63141E495E; 3199
1DBCD6488A5B7DE; 3200
1DBCD64ABD0675E; 3200
1DBCD661FBF3F5E; 3201
1DBCD6641202B5E; 3201
1DBCD67B640305E; 3200
1DBCD67D8D2495E; 3200
1DBCD694D59B7DE; 3196
1DBCD696EBAA3DE; 3196
1DBCD6AD9B8AA5E; 3200
1DBCD6AFA80FFDE; 3200
1DBCD6C657F065E; 3200
1DBCD6C88111F5E; 3200
1DBCD6DFC988DDE; 3201
1DBCD6E1DF979DE; 3201
1DBCD6F93197EDE; 3200
1DBCD6FB5AB97DE; 3200
1DBCD71299A6FDE; 3201
1DBCD714B93F25E; 3201
1DBCD72C1E5245E; 3196
1DBCD72E2AD79DE; 3196
1DBCD74484E35DE; 3201
1DBCD74687DF4DE; 3201
1DBCD75C959FCDE; 3201
1DBCD75EB537F5E; 3201
1DBCD776073845E; 3200
1DBCD77826D06DE; 3200
1DBCD78F6F4755E; 3200
1DBCD7918EDF7DE; 3200
1DBCD7A8D75665E; 3199
1DBCD7AAF6EE8DE; 3199
1DBCD7C23F6575E; 3200
1DBCD7C45EFD9DE; 3200
1DBCD7DBA77485E; 3208
1DBCD7DDA0E70DE; 3208
1DBCD7F2B6B2FDE; 3200
1DBCD7F2BA3BA54; 3200
1DBCD7F48D783F7; 3200
1DBCD8090AADAF7; 3205
1DBCD80B06BB7F7; 3205
1DBCD821147BFF7; 3203
1DBCD994BDDFE98; 3300
1DBCD9AB5AAD818; 3307
1DBCD9AD5DA9718; 3307
1DBCD9C2C94A098; 3315
1DBCD9C4AFA9C18; 3315
1DBCD9D92CDF318; 3322
1DBCD9DB2FDB218; 3322
1DBCD9F045A7118; 3325
1DBCD9F26EC8A18; 3325
1DBCDA097E07198; 3325
1DBCDA0B9D9F418; 3325
1DBCDA22EF9F918; 3339
1DBCDA24A650418; 3339
1DBCDA36FA64218; 3356
1DBCDA3864C9918; 3356
1DBCDA484370A18; 3376
1DBCDA52EAF2D18; 3373
1DBCDA54F778298; 3373
1DBCDA6AAF64018; 3371
1DBCDA6CEB98618; 3371
1DBCDA842A85E18; 3361
1DBCDA85FDD2C98; 3361
1DBCDA99F584898; 3362
1DBCDA9C282F818; 3362
1DBCDAB37A2FD18; 3362
1DBCDAB5ACDAC98; 3362
1DBCDACCFEDB198; 3355
1DBCDACEF84DA18; 3355
1DBCDAE43DC8998; 3361
1DBCDAE64A4DF18; 3361
1DBCDAFC0239C98; 3365
1DBCDAFE34E4C18; 3365
1DBCDB14D1B2598; 3371
1DBCDB16DE37B18; 3371
1DBCDB2C9623898; 3375
1DBCDB2EBF45198; 3375
1DBCDB45659C198; 3383
1DBCDB475F0EA18; 3383
1DBCDB5C288F518; 3382
1DBCDB5E5B3A498; 3382
1DBCDB75A3B1318; 3384
1DBCDB77D65C298; 3384
1DBCDB8F1ED3118; 3384
1DBCDB915B07718; 3384
1DBCDBA899F4F18; 3392
1DBCDBAAA67A498; 3392
1DBCDBBFC5CFA18; 3400
1DBCDBC1BF42298; 3400
1DBCDBD64601018; 3404
1DBCDBD85C0FC18; 3404
1DBCDBEED2B7B98; 3405
1DBCDBF11875818; 3405
1DBCDC087D88A18; 3405
1DBCDC0AA6AA318; 3405
1DBCDC220BBD518; 3396
1DBCDC23E893A18; 3396
1DBCDC388265498; 3409
1DBCDC3A3915F98; 3409
1DBCDC4C3755318; 3408
1DBCDC4E7389918; 3408
1DBCDC65B277118; 3390
1DBCDC674302218; 3390
1DBCDC7878FBD18; 3416
1DBCDC8097FE618; 3412
1DBCDC8274D4B18; 3412
1DBCDC96039EF98; 3391
1DBCDC975168318; 3391
1DBCDCA54026218; 3415
1DBCDCAB3607218; 3416
1DBCDCAD5F28B18; 3416
1DBCDCC40F09198; 3417
1DBCDCC641B4118; 3417
1DBCDCDD8A2AF98; 3409
1DBCDCDF839D818; 3409
1DBCDCF4A2F2D98; 3395
1DBCDCF64690B98; 3395
1DBCDD08020E198; 3389
1DBCDD0A050A098; 3389
1DBCDD200941218; 3419
1DBCDD2A051A018; 3417
1DBCDD2C1B28C18; 3417
1DBCDD427534818; 3421
1DBCDD44A7DF798; 3421
1DBCDD5B44AD118; 3431
1DBCDD5D2183618; 3431
1DBCDD710FABB98; 3425
1DBCDD73091E418; 3425
1DBCDD8887D1A98; 3429
1DBCDD8AB0F3398; 3429
1DBCDDA14DC0D18; 3431
1DBCDDA376E2618; 3431
1DBCDDBABF59498; 3429
1DBCDDBCF204418; 3429
1DBCDDD430F1C18; 3435
1DBCDDD63D77198; 3435
1DBCDDEBF562F18; 3441
1DBCDDEE0B71B18; 3441
1DBCDE03B9D4218; 3442
1DBCDE05E2F5B18; 3442
1DBCDE1D2B6C998; 3435
1DBCDE1F2E68898; 3435
1DBCDE349A09218; 3444
1DBCDE3676DF718; 3444
1DBCDE4AA7C9A18; 3439
1DBCDE4CBDD8618; 3439
1DBCDE62C20F798; 3442
1DBCDE64E1A7A18; 3442
1DBCDE7BE75CB18; 3461
1DBCDE7D64D4F18; 3461
1DBCDE8D8FC7418; 3462
1DBCDE8FC272398; 3462
1DBCDEA7B692718; 3500
1DBCDEB00ECD718; 3514
1DBCDEB604AE718; 3514
1DBCDEB83759698; 3514
1DBCDECF92E3218; 3514
1DBCDED1BC04B18; 3514
1DBCDEE9047B998; 3525
1DBCDEEAE151E98; 3525
1DBCDEFE701C318; 3530
1DBCDF007318218; 3530
1DBCDF16643C698; 3538
1DBCDF184443DC7; 3538
1DBCDF2CDE15847; 3561
1DBCDF2CE472482; 3561
1DBCDF2E0F5C619; 3561
1DBCDF3B22C1F99; 3573
1DBCDF3C8886E6F; 3573
1DBCDF4B78C2CEF; 3571
1DBCDF4D87C3345; 3571
1DBCDF648D78445; 3571
1DBCDF66A6BEEA1; 3571
1DBCDF7DF8BF3A1; 3574
1DBCDF8023736A6; 3574
1DBCDF95D6FFE5F; 3572
1DBCDF976260EA6; 3572
1DBCDF997B6164E; 3572
1DBCDFAF48985DF; 3577
1DBCDFB0CD35A55; 3577
1DBCDFB0CD61B4E; 3577
1DBCDFC7AF2975F; 3570
1DBCDFC9B22565F; 3570
1DBCDFDF143C95F; 3572
1DBCDFE133D4BDF; 3572
1DBCDFF87C4BA5F; 3577
1DBCDFFAA56D35F; 3577
1DBCE010F5EF8DF; 3574
1DBCE0130BFE4DF; 3574
1DBCE02A1B3CC5F; 3576
1DBCE02C314B85F; 3576
1DBCE043834BD5F; 3578
1DBCE045BF8035F; 3578
1DBCE05CFE6DB5F; 3581
1DBCE05F0169A5F; 3581
1DBCE07610A81DF; 3580
1DBCE07839C9ADF; 3580
1DBCE08F78B72DF; 3587
1DBCE0917229B5F; 3587
1DBCE0A6DDCA4DF; 3582
1DBCE0A8E0C63DF; 3582
1DBCE0BEEE86BDF; 3582
1DBCE0C12ABB1DF; 3582
1DBCE0D869A89DF; 3588
1DBCE0DA5991BDF; 3588
1DBCE0F0249065F; 3582
1DBCE0F2278C55F; 3582
1DBCE107DF782DF; 3588
1DBCE109E2741DF; 3588
1DBCE11F9A5FF5F; 3588
1DBCE121C38185F; 3588
1DBCE139026F05F; 3582
1DBCE13B056AF5F; 3582
1DBCE150BD56CDF; 3590
1DBCE152AD3FEDF; 3590
1DBCE167804A05F; 3587
1DBCE1698CCF5DF; 3587
1DBCE18092846DF; 3587
1DBCE182C52F65F; 3587
1DBCE19A0DA64DF; 3589
1DBCE19C23B50DF; 3589
1DBCE1B375B55DF; 3590
1DBCE1B5954D85F; 3590
1DBCE1CCDDC46DF; 3587
1DBCE1CEFD5C95F; 3587
1DBCE1E645D37DF; 3588
1DBCE1E8656BA5F; 3588
1DBCE1FFADE28DF; 3593
1DBCE201C3F14DF; 3593
1DBCE2181473A5F; 3584
1DBCE219F149F5F; 3584
1DBCE22E6E7F65F; 3586
1DBCE2308E178DF; 3586
1DBCE247D68E75F; 3587
1DBCE249FFB005F; 3587
1DBCE2613E9D85F; 3584
1DBCE2635E35ADF; 3584
1DBCE27AA6AC95F; 3592
1DBCE27CA01F1DF; 3592
1DBCE291BF7475F; 3591
1DBCE293D58335F; 3591
1DBCE2AB278385F; 3586
1DBCE2AD3D9245F; 3586
1DBCE2C38E149DF; 3589
1DBCE2C5ADACC5F; 3589
1DBCE2DCF623ADF; 3586
1DBCE2DF1F453DF; 3586
1DBCE2F62E83B5F; 3591
1DBCE2F81E6CD5F; 3591
1DBCE30E48C98DF; 3585
1DBCE3104BC57DF; 3585
1DBCE32603B155F; 3590
1DBCE32806AD45F; 3590
1DBCE33E146DC5F; 3591
1DBCE3403405EDF; 3591
1DBCE3584E4BC5F; 3555
1DBCE36105E4D5F; 3574
1DBCE3631BF395F; 3579
1DBCE364865905F; 3573
1DBCE365F0BE75F; 3555
1DBCE3675B23E5F; 3554
1DBCE368D89C25F; 3554
1DBCE3794FD9B5F; 3563
1DBCE37B1013CDF; 3563
1DBCE38DFCBE2DF; 3558
1DBCE38FFFBA1DF; 3558
1DBCE3A67FEB7DF; 3525
1DBCE3AF4A975DF; 3545
1DBCE3B0B4FCCDF; 3546
1DBCE3B232750DF; 3546
1DBCE3C2FF8745F; 3545
1DBCE3C528A8D5F; 3545
1DBCE3DC679655F; 3533
1DBCE3DE27D06DF; 3533
1DBCE3F16A4F75F; 3539
1DBCE3F35A3895F; 3539
1DBCE408C5D92DF; 3537
1DBCE40AEEFABDF; 3537
1DBCE4222DE83DF; 3528
1DBCE4240ABE8DF; 3528
1DBCE43887F3FDF; 3545
1DBCE439FBE2D5F; 3545
1DBCE449D1007DF; 3541
1DBCE44BD3FC6DF; 3541
1DBCE461E1BCEDF; 3520
1DBCE4632F8625F; 3520
1DBCE47258FA7DF; 3546
1DBCE478A4B025F; 3518
1DBCE47A0F1595F; 3523
1DBCE47B797B05F; 3539
1DBCE47CE3E075F; 3535
1DBCE47F2014D5F; 3535
1DBCE4806DDE0DF; 3535
1DBCE49891AD4DF; 3501
1DBCE4A1EB6645F; 3492
1DBCE4A3392F7DF; 3492
1DBCE4B1DD2025F; 3478
1DBCE4B33DFC2DF; 3478
1DBCE4C1D8636DF; 3457
1DBCE4CC69C81AC; 3457
1DBCE6CCFF7EB7D; 3630
1DBCE6DF539297D; 3639
1DBCE6E126DF7FD; 3639
1DBCE6F4B5A9C7D; 3633
1DBCE6F6C22F1FD; 3633
1DBCE70C24464FD; 3627
1DBCE70E27423FD; 3627
1DBCE7239C6C3FD; 3607
1DBCE724FD4847D; 3607
1DBCE733F70D97D; 3617
1DBCE73591220FD; 3617
1DBCE7474C9F6FD; 3618
1DBCE74975C0FFD; 3618
1DBCE760BE37E7D; 3627
1DBCE762AE2107D; 3627
1DBCE77721CD0FD; 3623
1DBCE77937DBCFD; 3623
1DBCE78F871E140; 3652
1DBCE790A67857D; 3652
1DBCE79BD37E37D; 3651
1DBCE79DFC9FC7D; 3651
1DBCE7B54516AFD; 3668
1DBCE7B6DF2B27D; 3668
1DBCE7C7F8889FD; 3671
1DBCE7CA1820C7D; 3671
1DBCE7E0DB13FFD; 3697
1DBCE7E202B797D; 3697
1DBCE7EF757B3FD; 3719
1DBCE7F6503DFFD; 3727
1DBCE7F76E582FD; 3727
1DBCE803E92747D; 3733
1DBCE805BC742FD; 3733
1DBCE8194B3E77D; 3747
1DBCE81AE552EFD; 3747
1DBCE82BF526FFD; 3742
1DBCE82DF822EFD; 3742
1DBCE84363C387D; 3739
1DBCE845835BAFD; 3739
1DBCE85C7F8757D; 3731
1DBCE85E78F9DFD; 3731
1DBCE873427A8FD; 3721
1DBCE87528DA47D; 3721
1DBCE888C12DF7D; 3735
1DBCE88A482F9FD; 3735
1DBCE89B749FE7D; 3745
1DBCE89D2B5097D; 3745
1DBCE8AF7F6477D; 3757
1DBCE8B1230257D; 3757
1DBCE8C2DE7FB7D; 3755
1DBCE8C5112AAFD; 3755
1DBCE8DC632AFFD; 3759
1DBCE8DE82C327D; 3759
1DBCE8F545B65FD; 3761
1DBCE8F781EABFD; 3761
1DBCE90EDD7477D; 3737
1DBCE9102B3DAFD; 3737
1DBCE91E3697D7D; 3755
1DBCE91F5E3B6FD; 3755
1DBCE92A94CAB7D; 3753
1DBCE92C97C6A7D; 3753
1DBCE9435AB9DFD; 3734
1DBCE944E1BB87D; 3734
1DBCE954ABF489C; 3756
1DBCE955CB69F7D; 3756
1DBCE9601D177FD; 3759
1DBCE96220136FD; 3759
1DBCE97840E6BFD; 3794
1DBCE980303A47D; 3775
1DBCE981B73BEFD; 3805
1DBCE98334B42FD; 3799
1DBCE9855DD5BFD; 3799
1DBCE986C83B2FD; 3799
1DBCE99E10B217D; 3799
1DBCE9A0435D0FD; 3799
1DBCE9B7824A8FD; 3804
1DBCE9B998594FD; 3804
1DBCE9CFF2650FD; 3786
1DBCE9D16FDD4FD; 3786
1DBCE9E19ACF9FD; 3789
1DBCE9E3C3F12FD; 3789
1DBCE9FA60BEC7D; 3813
1DBCE9FB9B752FD; 3813
1DBCEA0950FAAFD; 3798
1DBCEA0A8BB117D; 3798
1DBCEA17EB61EFD; 3791
1DBCEA19BEAED7D; 3791
1DBCEA2CF7A477D; 3792
1DBCEA2F20C607D; 3792
1DBCEA4654CEE1C; 3822
1DBCEA4774444FD; 3822
1DBCEA52AAD397D; 3821
1DBCEA54D3F527D; 3821
1DBCEA6C1C6C0FD; 3823
1DBCEA6E458D9FD; 3823
1DBCEA85AAA0BFD; 3826
1DBCEA87D3C24FD; 3826
1DBCEA9F1C3937D; 3825
1DBCEAA1455AC7D; 3825
1DBCEAB88DD1AFD; 3826
1DBCEABAB6F33FD; 3826
1DBCEAD1FF6A27D; 3809
1DBCEAD3866BCFD; 3809
1DBCEAE4701A3FD; 3849
1DBCEAE6B5D807D; 3851
1DBCEAEFB9BC57D; 3847
1DBCEAF18D093FD; 3847
1DBCEB0571A82FD; 3824
1DBCEB068FC25FD; 3824
1DBCEB130A9177D; 3850
1DBCEB168B05A7D; 3852
1DBCEB18382CEFD; 3852
1DBCEB2ABBEFD7D; 3884
1DBCEB311AB84FD; 3884
1DBCEB3343D9DFD; 3884
1DBCEB4A82C75FD; 3877
1DBCEB4C7C39E7D; 3877
1DBCEB61E7DA7FD; 3884
1DBCEB63E14D07D; 3884
1DBCEB78678CD4C; 3908
1DBCEB78F718F7D; 3908
1DBCEB7A1EBC8FD; 3908
1DBCEB85383094C; 3918
1DBCEB86AE4BBB8; 3918
1DBCEB86B5A8D4C; 3918
1DBCEB86EF604FD; 3918
1DBCEB886CD88FD; 3918
1DBCEB9725894B8; 3924
1DBCEB972CE664C; 3924
1DBCEB98E4161FD; 3924
1DBCEB99048B9FB; 3924
1DBCEB990BE9038; 3924
1DBCEB9913461CC; 3924
1DBCEB9AC404F79; 3924
1DBCEBADD795B7B; 3903
1DBCEBADDEF31B8; 3903
1DBCEBADE65034C; 3903
1DBCEBAF16F618A; 3903
1DBCEBAF1BD587B; 3903
1DBCEBAF2332EB8; 3903
1DBCEBAF96C9188; 3903
1DBCEBAF970F0F9; 3903
1DBCEBB0D6F6440; 3903
1DBCEBBD18C6D8A; 3922
1DBCEBBD1DA647B; 3922
1DBCEBBD2C60C4C; 3922
1DBCEBBE00B6BD7; 3922
1DBCEBBE0967E1B; 3922
1DBCEBBE10BB68A; 3922
1DBCEBBE159AD7B; 3922
1DBCEBBED8C7040; 3922
1DBCEBC895261D7; 3918
1DBCEBC89DD741B; 3918
1DBCEBC8A52AC8A; 3918
1DBCEBC8B8C4B4C; 3918
1DBCEBCA61E3295; 3918
1DBCEBCA7B85D57; 3918
1DBCEBCA81903D2; 3918
1DBCEBCA8436F9B; 3918
1DBCEBCA8B8A80A; 3918
1DBCEBCC41E619C; 3918
1DBCEBDEF8BB457; 3922
1DBCEBDEFEC5AD2; 3922
1DBCEBDF016C69B; 3922
1DBCEBDF1C59DCC; 3922
1DBCEBE0BF1B89C; 3922
1DBCEBE104009CC; 3922
1DBCEBE105409D7; 3922
1DBCEBE10B4B052; 3922
1DBCEBE2C4B81BB; 3922
1DBCEBF76795C4C; 3922
1DBCEBF76EE02D2; 3922
1DBCEBF78C745CC; 3922
1DBCEBF9284D43B; 3922
1DBCEBF98030EE7; 3922
1DBCEBF9872DECC; 3922
1DBCEBFB40B7762; 3922
1DBCEC10C8A7D67; 3908
1DBCEC10F4836CC; 3908
1DBCEC1275CF1E7; 3908
1DBCEC12892E5E2; 3908
1DBCEC1297559A5; 3908
1DBCEC1430AE79C; 3908
1DBCEC24EB697A5; 3945
1DBCEC24F5BE94C; 3945
1DBCEC2684C259C; 3945
1DBCEC28FBB674C; 3944
1DBCEC2A899C068; 3944
1DBCEC2C7C64E6D; 3944
1DBCEC4086EF34C; 3927
1DBCEC420884FF5; 3927
1DBCEC420E2B1ED; 3927
1DBCEC527BA504C; 3930
1DBCEC5491B3C4C; 3930
1DBCEC6B380AC4C; 3934
1DBCEC6D57A2ECC; 3934
1DBCEC83F47084C; 3942
1DBCEC85D146D4C; 3942
1DBCEC9AA450ECC; 3937
1DBCEC9CA74CDCC; 3937
1DBCECB2B50D5CC; 3938
1DBCECB4DE2EECC; 3938
1DBCECCC1D1C6CC; 3938
1DBCECCE3CB494C; 3938
1DBCECE5852B7CC; 3939
1DBCECE7A4C3A4C; 3939
1DBCECFEED3A8CC; 3938
1DBCED01165C1CC; 3938
1DBCED1855499CC; 3938
1DBCED1A74E1C4C; 3938
1DBCED31BD58ACC; 3942
1DBCED33D3676CC; 3942
1DBCED4A79BE6CC; 3946
1DBCED4C8FCD2CC; 3946
1DBCED6336242CC; 3944
1DBCED6555BC54C; 3944
1DBCED7C9E333CC; 3945
1DBCED7EBDCB64C; 3945
1DBCED9606424CC; 3942
1DBCED9825DA74C; 3942
1DBCEDAF6E515CC; 3947
1DBCEDB184601CC; 3947
1DBCEDC7D4E274C; 3941
1DBCEDC9C4CB94C; 3941
1DBCEDDF8FCA3CC; 3940
1DBCEDE1B8EBCCC; 3940
1DBCEDF8F7D94CC; 3939
1DBCEDFB177174C; 3939
1DBCEE125FE85CC; 3939
1DBCEE147F8084C; 3939
1DBCEE2BC7F76CC; 3945
1DBCEE2DC169F4C; 3945
1DBCEE437955CCC; 3940
1DBCEE4585DB24C; 3940
1DBCEE5BB037DCC; 3939
1DBCEE5DCFD004C; 3939
1DBCEE7534E324C; 3939
1DBCEE77547B4CC; 3939
1DBCEE8E9CF234C; 3937
1DBCEE90BC8A5CC; 3937
1DBCEEA8050144C; 3940
1DBCEEAA24996CC; 3940
1DBCEEC16D1054C; 3938
1DBCEEC39631E4C; 3938
1DBCEEDAD51F64C; 3938
1DBCEEDCF4B78CC; 3938
1DBCEEF43D2E74C; 3939
1DBCEEF65CC69CC; 3939
1DBCEF0DA53D84C; 3938
1DBCEF0FC4D5ACC; 3938
1DBCEF2716D5FCC; 3938
1DBCEF29366E24C; 3938
1DBCEF407EE50CC; 3939
1DBCEF429E7D34C; 3939
1DBCEF59E6F41CC; 3940
1DBCEF5C068C44C; 3940
1DBCEF734F032CC; 3939
1DBCEF757824BCC; 3939
1DBCEF8CC09BA4C; 3946
1DBCEF8EB084C4C; 3946
1DBCEFA425AEC4C; 3940
1DBCEFA61597E4C; 3940
1DBCEFBB944B4CC; 3938
1DBCEFBDBD6CDCC; 3938
1DBCEFD50F6D2CC; 3938
1DBCEFD72F0554C; 3938
1DBCEFEE777C3CC; 3961
1DBCEFEFC54574C; 3961
1DBCEFFF01CC9CC; 3940
1DBCF00851FC2CC; 3939
1DBCF00A719454C; 3939
1DBCF021BA0B3CC; 3939
1DBCF023D9A364C; 3939
1DBCF03B221A4CC; 3942
1DBCF03D41B274C; 3942
1DBCF0548A295CC; 3945
1DBCF056A9C184C; 3945
1DBCF06DF2386CC; 3941
1DBCF07008472CC; 3941
1DBCF086AE9E2CC; 3938
1DBCF088C4ACECC; 3938
1DBCF09FC0D894C; 3938
1DBCF0A1E070BCC; 3938
1DBCF0B804C15F2; 3943
1DBCF0B928E7A4C; 3943
1DBCF0BB356CFCC; 3943
1DBCF0D06B52772; 3937
1DBCF0D18F78BCC; 3937
1DBCF0D39274ACC; 3937
1DBCF0E8263A3F2; 3943
1DBCF0E94A6084C; 3943
1DBCF0EB3A49A4C; 3943
1DBCF0FF9E602F2; 3936
1DBCF100C28674C; 3936
1DBCF102A8E62CC; 3936
1DBCF116AA68C0C; 3970
1DBCF11890810CC; 3970
1DBCF11F3588AF2; 3946
1DBCF12059AEF4C; 3946
1DBCF121C41464C; 3945
1DBCF123549F74C; 3945
1DBCF13349D6A72; 3946
1DBCF1346DFCECC; 3946
1DBCF1368637FB8; 3946
1DBCF14DCEAEE38; 3945
1DBCF14FF0730FB; 3945
1DBCF1672F608FB; 3965
1DBCF16894E690A; 3965
1DBCF1781DB8F8A; 3966
1DBCF17A3F8701B; 3966
1DBCF1902F0D653; 3964
1DBCF1902FA015E; 3964
1DBCF19175C35D7; 3964
1DBCF1917E7481B; 3964
1DBCF193A4EF552; 3964
1DBCF1A9A1388DE; 3964
1DBCF1AAED663D2; 3964
1DBCF1ACFC2A94C; 3964
1DBCF1C309479DE; 3969
1DBCF1C44E2AE4C; 3969
1DBCF1C653B33E7; 3969
1DBCF1DB6FD8B5E; 3954
1DBCF1DCADBEFE7; 3954
1DBCF1DE6959F25; 3954
1DBCF1EEC56A8DE; 3948
1DBCF1F024D7525; 3948
1DBCF206209820C; 3945
1DBCF20849B9B0C; 3945
1DBCF21F45E558C; 3950
1DBCF22148E148C; 3950
1DBCF237AC7670C; 4006
1DBCF23916DBE0C; 4034
1DBCF23A814150C; 4019
1DBCF23BEBA6C0C; 4020
1DBCF23D72A868C; 4020
1DBCF24DF3CB85E; 4041
1DBCF24F544B68C; 4041
1DBCF25B532038C; 4020
1DBCF261063F60C; 4019
1DBCF2631C4E20C; 4019
1DBCF279C2A520C; 4018
1DBCF27BEBC6B0C; 4018
1DBCF293475068C; 4036
1DBCF294D7DB78C; 4036
1DBCF2A5458FA0C; 4035
1DBCF2A76EB130C; 4035
1DBCF2BEB72818C; 4036
1DBCF2C0E049A8C; 4036
1DBCF2D83249F8C; 4058
1DBCF2D9899C98C; 4058
1DBCF2E83716A8C; 4056
1DBCF2EA56AED0C; 4056
1DBCF3015C63E0C; 4047
1DBCF30342C398C; 4047
1DBCF317BFF908C; 4048
1DBCF31A18C9A0C; 4048
1DBCF331614088C; 4048
1DBCF3335AB310C; 4048
1DBCF34AD2D900C; 4019
1DBCF34BF0F330C; 4019
1DBCF357C018F8C; 4012
1DBCF35976C9A8C; 4012
1DBCF36BCADD88C; 4031
1DBCF36D18A6C0C; 4031
1DBCF37B1A7780C; 4026
1DBCF37D0A60A0C; 4026
1DBCF391DD6AB8C; 4022
1DBCF394068C48C; 4022
1DBCF3AAA359E0C; 4026
1DBCF3ACCC7B70C; 4026
1DBCF3C385E540C; 4006
1DBCF3C5035D80C; 4006
1DBCF3D4496E10C; 4002
1DBCF3D64C6A00C; 4002
1DBCF3EB2A1E5AA; 4045
1DBCF3EC76C6B8C; 4045
1DBCF3F0864800C; 4049
1DBCF3F1DD9AA0C; 4049
1DBCF3FFDFC785E; 4031
1DBCF40136BE00C; 4031
1DBCF40CC321F0C; 4035
1DBCF40EBC9478C; 4035
1DBCF4233A260DE; 4063
1DBCF424879320C; 4063
1DBCF42F1C0280C; 4068
1DBCF431026238C; 4068
1DBCF444912C80C; 4074
1DBCF446942870C; 4074
1DBCF45C095270C; 4088
1DBCF45DACF050C; 4088
1DBCF46F686DB0C; 4098
1DBCF4713BBA98C; 4098
1DBCF483D29050C; 4080
1DBCF48529E2F0C; 4080
1DBCF49381E47DE; 4102
1DBCF494B2B558C; 4102
1DBCF49DC02310C; 4101
1DBCF49FE944A0C; 4101
1DBCF4B73B44F0C; 4097
1DBCF4B96DEFE8C; 4097
1DBCF4D00ABD80C; 4094
1DBCF4D23D6878C; 4094
1DBCF4E985DF60C; 4094
1DBCF4EBC213C0C; 4094
1DBCF503010140C; 4096
1DBCF50546BF08C; 4096
1DBCF51C85AC88C; 4086
1DBCF51E6C0C40C; 4086
1DBCF5325A3498C; 4096
1DBCF53423F818C; 4096
1DBCF5477989F0C; 4084
1DBCF54939C408C; 4084
1DBCF55A54425AA; 4118
1DBCF55BB3FD88C; 4118
1DBCF560B1E9F8C; 4121
1DBCF562722410C; 4121
1DBCF574C637F0C; 4116
1DBCF576E5D018C; 4116
1DBCF58C943288C; 4119
1DBCF58ECA13672; 4119
1DBCF5A5BCB5A72; 4114
1DBCF5A796B235E; 4114
1DBCF5BDF0BDF5E; 4107
1DBCF5C006CCB5E; 4107
1DBCF5D568E3E5E; 4095
1DBCF5D732A765E; 4095
1DBCF5E93B34BAA; 4121
1DBCF5EACAFB15E; 4121
1DBCF5F5131F35E; 4119
1DBCF5F745CA2DE; 4119
1DBCF60DE297C5E; 4116
1DBCF6101542BDE; 4116
1DBCF6275DB9A5E; 4113
1DBCF62999EE05E; 4113
1DBCF640D8DB85E; 4127
1DBCF64299159DE; 4127
1DBCF654ED297DE; 4137
1DBCF656B6ECFDE; 4137
1DBCF669AD20C5E; 4145
1DBCF66B9D09E5E; 4145
1DBCF67FC46AADE; 4124
1DBCF6811233E5E; 4124
1DBCF68EC726B53; 4134
1DBCF68EC7B965E; 4134
1DBCF6A0970E4AA; 4134
1DBCF6A2D342AAA; 4134
1DBCF6BA12302AA; 4154
1DBCF6BB8FA86AA; 4154
1DBCF6CB187AD2A; 4220
1DBCF6CC9F7C7AA; 4224
1DBCF6CED22772A; 4224
1DBCF6D03C8CE2A; 4224
1DBCF6E78503CAA; 4278
1DBCF6E8EF693AA; 4279
1DBCF6EA7FF44AA; 4279
1DBCF6FAF731DAA; 4264
1DBCF6FC61974AA; 4264
1DBCF70C49C7C2A; 4289
1DBCF713D9BD3AA; 4271
1DBCF716328DD2A; 4271
1DBCF71789E072A; 4271
1DBCF72F4E51A2A; 4312
1DBCF736329DCAA; 4323
1DBCF73CF0C452A; 4323
1DBCF73F19E5E2A; 4323
1DBCF756625CCAA; 4323
1DBCF7589507C2A; 4323
1DBCF76FD3F542A; 4322
1DBCF77206A03AA; 4322
1DBCF789458DBAA; 4327
1DBCF78B5B9C7AA; 4327
1DBCF7A19FD5B05; 4355
1DBCF7A2C0AF9AA; 4355
1DBCF7AE4D138AA; 4356
1DBCF7B07FBE82A; 4356
1DBCF7C8A38DC2A; 4389
1DBCF7D29F66A2A; 4398
1DBCF7D413557AA; 4398
1DBCF7E33080B05; 4378
1DBCF7E4515A9AA; 4378
1DBCF7EF583ADAA; 4381
1DBCF7F15B36CAA; 4381
1DBCF8071CAC0AA; 4384
1DBCF8093C4432A; 4384
1DBCF820B46A22A; 4426
1DBCF8265DFFE2A; 4424
1DBCF8284DE902A; 4424
1DBCF83D1769B2A; 4427
1DBCF83F3701DAA; 4427
1DBCF856332D82A; 4428
1DBCF8585C4F12A; 4428
1DBCF86FA4C5FAA; 4428
1DBCF871D770F2A; 4428
1DBCF8891FE7DAA; 4421
1DBCF88B1DB6A58; 4421
1DBCF8A089573D8; 4415
1DBCF8A2858F5CD; 4415
1DBCF8B83D7B34D; 4425
1DBCF8BA0AA1DFC; 4425
1DBCF8CDEF40CFC; 4449
1DBCF8CF1329105; 4449
1DBCF8DB2E9A185; 4428
1DBCF8E266B227C; 4431
1DBCF8E420C7455; 4431
1DBCF8F684BBC94; 4453
1DBCF8F81879055; 4453
1DBCF8F945A4357; 4453
1DBCF904C94E614; 4452
1DBCF9065909CD7; 4452
1DBCF9088487A48; 4452
1DBCF91E3AE6D94; 4426
1DBCF91FC375248; 4426
1DBCF91FC49E164; 4426
1DBCF92C8902D94; 4454
1DBCF92F4ABAE94; 4432
1DBCF930B520594; 4454
1DBCF9321F85C94; 4422
1DBCF93389EB394; 4433
1DBCF934F450A94; 4456
1DBCF9365EB6194; 4447
1DBCF937DC2E594; 4455
1DBCF939501D314; 4426
1DBCF93ABA82A14; 4434
1DBCF93CED2D994; 4434
1DBCF93E4480394; 4434
1DBCF9558CF7214; 4444
1DBCF9577356D94; 4444
1DBCF96B9AB7A14; 4447
1DBCF96DB0C6614; 4447
1DBCF984ACF2094; 4441
1DBCF986AFEDF94; 4441
1DBCF99C67D9D14; 4447
1DBCF99E745F294; 4447
1DBCF9B422C1994; 4442
1DBCF9B625BD894; 4442
1DBCF9CC337E094; 4451
1DBCF9CE06CAF14; 4451
1DBCF9E237B5214; 4448
1DBCF9E4574D494; 4448
1DBCF9FB49EF894; 4441
1DBCF9FD4362114; 4441
1DBCFA12AF02A94; 4441
1DBCFA14CE9AD14; 4441
1DBCFA2C1711B94; 4450
1DBCFA2DFD71714; 4450
1DBCFA42711D794; 4443
1DBCFA446106994; 4443
1DBCFA59805BF14; 4450
1DBCFA5B5D32414; 4450
1DBCFA704CD8914; 4449
1DBCFA7275FA214; 4449
1DBCFA89B4E7A14; 4443
1DBCFA8BB7E3914; 4443
1DBCFAA16FCF694; 4443
1DBCFAA38F67914; 4443
1DBCFABAD7DE794; 4451
1DBCFABCBE3E314; 4451
1DBCFAD1DD93894; 4451
1DBCFAD406B5194; 4451
1DBCFAEB58B5694; 4445
1DBCFAED5BB1594; 4445
1DBCFB03139D314; 4445
1DBCFB053335594; 4445
1DBCFB1C8535A94; 4455
1DBCFB1E5882914; 4455
1DBCFB32896CC14; 4456
1DBCFB34B28E514; 4456
1DBCFB4BF17BD14; 4475
1DBCFB4D656AA94; 4475
1DBCFB5D11D4EC9; 4448
1DBCFB5E3C06494; 4448
1DBCFB656314494; 4449
1DBCFB677923094; 4449
1DBCFB7E754EB14; 4448
1DBCFB8094E6D94; 4448
1DBCFB97DD5DC14; 4455
1DBCFB99CD46E14; 4455
1DBCFBAF38E7794; 4452
1DBCFBB1587FA14; 4452
1DBCFBC84B21E14; 4456
1DBCFBCA6130A14; 4456
1DBCFBE10787A14; 4453
1DBCFBE31D96614; 4453
1DBCFBFA234B714; 4452
1DBCFBFC42E3994; 4452
1DBCFC138B5A814; 4449
1DBCFC15AAF2A94; 4449
1DBCFC2CFCF2F94; 4450
1DBCFC2F1C8B214; 4450
1DBCFC466502094; 4448
1DBCFC48849A314; 4448
1DBCFC5FCD11194; 4449
1DBCFC61ECA9414; 4449
1DBCFC793520294; 4448
1DBCFC7B54B8514; 4448
1DBCFC92A6B8A14; 4454
1DBCFC94A02B294; 4454
1DBCFCAA5817014; 4454
1DBCFCAC8138914; 4454
1DBCFCC3C026114; 4447
1DBCFCC5B00F314; 4447
1DBCFCDB1BAFC94; 4454
1DBCFCDD020F814; 4454
1DBCFCF22164D94; 4446
1DBCFCF41AD7614; 4446
1DBCFD088E83694; 4451
1DBCFD0A7E6C894; 4451
1DBCFD209F3FD94; 4451
1DBCFD22BED8014; 4451
1DBCFD3A2D74894; 4450
1DBCFD3C5696194; 4450
1DBCFD539583994; 4445
1DBCFD547F3145B; 4445
1DBCFD55A208F14; 4445
1DBCFD6AD93D05B; 4444
1DBCFD6BFC14B14; 4444
1DBCFD6CF2BBEE3; 4444
1DBCFD6CF8D52DB; 4444
1DBCFD6E1BACD94; 4444
1DBCFD843B32D63; 4447
1DBCFD84414C15B; 4447
1DBCFD856423C14; 4447
1DBCFD866742542; 4447
1DBCFD866DDDCE3; 4447
1DBCFD8673F70DB; 4447
1DBCFD8796CEB94; 4447
1DBCFD9DAFB93C2; 4449
1DBCFD9DB654B63; 4449
1DBCFD9DBC6DF5B; 4449
1DBCFD9EDF45A14; 4449
1DBCFD9FC00B0A7; 4449
1DBCFD9FC5C7FC2; 4449
1DBCFD9FCC63763; 4449
1DBCFDA0F554614; 4449
1DBCFDB7120B5A7; 4454
1DBCFDB717C84C2; 4454
1DBCFDB7247D05B; 4454
1DBCFDB84754B14; 4454
1DBCFDB9190C7C7; 4454
1DBCFDB91E90B27; 4454
1DBCFDBA53DA094; 4454
1DBCFDCF73183C7; 4472
1DBCFDCF8B0E1DB; 4472
1DBCFDD0ADE5C94; 4472
1DBCFDD0FA19E47; 4472
1DBCFDD1062C9C5; 4472
1DBCFDD234E7714; 4472
1DBCFDE12795845; 4464
1DBCFDE13378ADB; 4464
1DBCFDE25650594; 4464
1DBCFDE2E11ED30; 4464
1DBCFDE4168A714; 4464
1DBCFDF63FBB35B; 4469
1DBCFDF76292E14; 4469
1DBCFDF82C155E5; 4469
1DBCFDF9658ED14; 4469
1DBCFE0DFAA2FDB; 4465
1DBCFE0F1D7AA94; 4465
1DBCFE113D12D14; 4465
1DBCFE26B708BDB; 4461
1DBCFE27D9E0694; 4461
1DBCFE29EFEF294; 4461
1DBCFE3F736E7DB; 4477
1DBCFE409646294; 4477
1DBCFE42305AA14; 4477
1DBCFE521D5705B; 4485
1DBCFE53402EB14; 4485
1DBCFE548B6A249; 4485
1DBCFE6792F0D51; 4456
1DBCFE68FF162C9; 4456
1DBCFE724F45BC9; 4460
1DBCFE7448B8449; 4460
1DBCFE8879A2749; 4453
1DBCFE8A4365F49; 4453
1DBCFE9F330C449; 4456
1DBCFEA15C2DD49; 4456
1DBCFEB84ED0149; 4432
1DBCFEB99C994C9; 4432
1DBCFEC75BA8349; 4430
1DBCFEC9682D8C9; 4430
1DBCFEE0776C049; 4445
1DBCFEE211807C9; 4445
1DBCFEF345BA451; 4418
1DBCFEF49ECCCC9; 4418
1DBCFEFD5665DC9; 4414
1DBCFEFF29B2C49; 4414
1DBCFF12D519449; 4404
1DBCFF149EDCC49; 4404
1DBCFF27E15BCC9; 4412
1DBCFF29BE321C9; 4412
1DBCFF3D8474ED1; 4384
1DBCFF3F0D367C9; 4384
1DBCFF494BD1349; 4389
1DBCFF4B1594B49; 4389
1DBCFF5EB771CC9; 4382
1DBCFF60BA6DBC9; 4382
1DBCFF7583EE6C9; 4465
1DBCFF770166AC9; 4478
1DBCFF786BCC1C9; 4495
1DBCFF7AC49CB49; 4495
1DBCFF7C2578BC9; 4495
1DBCFF936DEFA49; 4495
1DBCFF959711349; 4495
1DBCFFACE911849; 4601
1DBCFFAE5376F49; 4610
1DBCFFAFBDDC649; 4603
1DBCFFB0BD2A5A8; 4603
1DBCFFB20AF3928; 4603
1DBCFFB20D23949; 4603
1DBCFFB35AECCC9; 4603
1DBCFFC95CD8C34; 4585
1DBCFFC961CF894; 4585
1DBCFFC9667D4A8; 4585
1DBCFFCAB676849; 4585
1DBCFFCAED63D34; 4585
1DBCFFCAF25A994; 4585
1DBCFFCAF7085A8; 4585
1DBCFFCC4701949; 4585
1DBCFFDB630F0D4; 4579
1DBCFFDB64A1634; 4579
1DBCFFDB6998294; 4579
1DBCFFDB6E45EA8; 4579
1DBCFFDCBE3F249; 4579
1DBCFFDD52F82D4; 4579
1DBCFFDD548A834; 4579
1DBCFFDEAE28449; 4579
1DBCFFF21F960A7; 4579
1DBCFFF22602454; 4579
1DBCFFF23139228; 4579
1DBCFFF381325C9; 4579
1DBCFFF45BCA6A7; 4579
1DBCFFF5BD66BC9; 4579
1DBD000B944C76C; 4586
1DBD000BAC5B028; 4586
1DBD000CFC543C9; 4586
1DBD000DB3E49EC; 4586
1DBD000F1748E9C; 4586
1DBD00231960617; 4582
1DBD00233793C28; 4582
1DBD002482E981C; 4582
1DBD002688E2BEC; 4582
1DBD003BB137AA8; 4605
1DBD003CF6014EC; 4605
1DBD004BC987451; 4597
1DBD004D934AC51; 4597
1DBD006046BCB51; 4599
1DBD00627967AD1; 4599
1DBD0079C1DE951; 4594
1DBD007BEB00251; 4594
1DBD00923B827D1; 4585
1DBD009434F5051; 4585
1DBD00A8B22A751; 4589
1DBD00AAEE5ED51; 4589
1DBD00C18B2C6D1; 4585
1DBD00C3B44DFD1; 4585
1DBD00DA6DB7CD1; 4585
1DBD00DCB375951; 4585
1DBD00F3F263151; 4581
1DBD00F6250E0D1; 4581
1DBD010CCB650D1; 4594
1DBD010EA83B5D1; 4594
1DBD012122050DB; 4619
1DBD0122408F0D1; 4619
1DBD012CDE87D51; 4625
1DBD012EB1D4BD1; 4625
1DBD01415233DD1; 4623
1DBD0143A17B0D1; 4623
1DBD015AE0688D1; 4614
1DBD015CE3647D1; 4614
1DBD01716099ED1; 4619
1DBD017389BB7D1; 4619
1DBD0189977BFD1; 4623
1DBD018BD3B05D1; 4623
1DBD01A27A075D1; 4639
1DBD01A430B80D1; 4639
1DBD01B5408C1D1; 4625
1DBD01B6D1172D1; 4625
1DBD01C6FC097D1; 4628
1DBD01C941C7451; 4628
1DBD01DFDE94DD1; 4656
1DBD01E10638751; 4656
1DBD01ECDEE7A51; 4683
1DBD01EE494D151; 4684
1DBD01F00497894; 4684
1DBD0200C820594; 4686
1DBD0202FD8DD2E; 4686
1DBD021A296882E; 4679
1DBD021C68DBD66; 4679
1DBD0231DE05D66; 4664
1DBD0233567EBEE; 4664
1DBD02449F8B3EE; 4670
1DBD0246AF8E4DB; 4670
1DBD025B790EFDB; 4677
1DBD025D7F7B163; 4677
1DBD0272B1E33E3; 4674
1DBD0274F1058C2; 4674
1DBD028BED31342; 4684
1DBD028DD75D627; 4684
1DBD02A1C585BA7; 4674
1DBD02A3AFEAA47; 4674
1DBD02B6E8E0447; 4665
1DBD02B8E4DC1C5; 4665
1DBD02CC73A6645; 4663
1DBD02CEC5C6330; 4663
1DBD02E604B3B30; 4687
1DBD02E76181E65; 4687
1DBD02F56352A65; 4697
1DBD02F70B90E2F; 4697
1DBD030824EE5AF; 4704
1DBD030A2216C11; 4704
1DBD031E4977891; 4716
1DBD03200DEA6F0; 4716
1DBD03325BE1282; 4724
1DBD033261FE4F0; 4724
1DBD0333D676328; 4724
1DBD0347B18BBA8; 4732
1DBD0349BE11128; 4732
1DBD035E31BD1A8; 4741
1DBD036021A63A8; 4741
1DBD037406452A8; 4748
1DBD037609411A8; 4748
1DBD038AF8E76A8; 4753
1DBD038D2B92628; 4753
1DBD03A33952E28; 4754
1DBD03A56BFDDA8; 4754
1DBD03BCC787928; 4754
1DBD03BF03BBF28; 4754
1DBD03D655BC428; 4769
1DBD03D815F65A8; 4769
1DBD03EA1435928; 4770
1DBD03EC5069F28; 4770
1DBD040398E0DA8; 4774
1DBD0405CB8BD28; 4774
1DBD041C71E2D28; 4778
1DBD041E9B04628; 4778
1DBD04354AE4CA8; 4783
1DBD043774065A8; 4783
1DBD044DC488B28; 4785
1DBD044FF733AA8; 4785
1DBD0467F4DD4A8; 4824
1DBD046F1BEB4A8; 4840
1DBD0470DC25628; 4838
1DBD0471FA3F928; 4838
1DBD047DC9655A8; 4850
1DBD047F20B7FA8; 4850
1DBD048D18FF528; 4855
1DBD048F08E8728; 4855
1DBD04A3DBF28A8; 4871
1DBD04A57607028; 4871
1DBD04B5F6CDFA8; 4871
1DBD04B82978F28; 4871
1DBD04CF71EFDA8; 4875
1DBD04D19188028; 4875
1DBD04E837DF028; 4881
1DBD04EA44645A8; 4881
1DBD04FFFC50328; 4899
1DBD05016B91494; 4899
1DBD05114541934; 4903
1DBD05114A38594; 4903
1DBD051359BDFD4; 4903
1DBD05295DF5154; 4897
1DBD052B640E327; 4897
1DBD05411BFA0A7; 4903
1DBD05432213EEC; 4903
1DBD0558E3892EC; 4895
1DBD055AC3C4117; 4895
1DBD056F96CE297; 4901
1DBD0571A686988; 4901
1DBD0585A217952; 4926
1DBD0587089DC88; 4926
1DBD05933B00DD2; 4929
1DBD0595510F9D2; 4929
1DBD05AB5546B52; 4935
1DBD05AD5842A52; 4935
1DBD05C319B7E52; 4941
1DBD05C5263D3D2; 4941
1DBD05DADE29152; 4946
1DBD05DCEAAE6D2; 4946
1DBD05F301F8552; 4947
1DBD05F52B19E52; 4947
1DBD060C7D1A352; 4948
1DBD060EA63BC52; 4948
1DBD0625EEB2AD2; 4944
1DBD06280E4AD52; 4944
1DBD063EB4A1D52; 4949
1DBD0640B79DC52; 4949
1DBD0656CEE7AD2; 4949
1DBD06590192A52; 4949
1DBD06704080252; 4949
1DBD067269A1B52; 4949
1DBD0689B2189D2; 4949
1DBD068BDB3A2D2; 4949
1DBD06A323B1152; 4949
1DBD06A54CD2A52; 4949
1DBD06BC95498D2; 4949
1DBD06BEBE6B1D2; 4949
1DBD06D6106B6D2; 4948
1DBD06D83003952; 4948
1DBD06EF8203E52; 4950
1DBD06F1AB25752; 4950
1DBD0708F39C5D2; 4948
1DBD070B1CBDED2; 4948
1DBD07226534D52; 4953
1DBD072471BA2D2; 4953
1DBD073ACBC5ED2; 4956
1DBD073CFE70E52; 4956
1DBD07543D5E652; 4957
1DBD075670095D2; 4957
1DBD076DB880452; 4959
1DBD076FD8186D2; 4959
1DBD07872A18BD2; 4960
1DBD078949B0E52; 4960
1DBD07A0AEC4052; 4968
1DBD07A29EAD252; 4968
1DBD07B7BE027D2; 4961
1DBD07B9B775052; 4961
1DBD07CECD40F52; 4960
1DBD07D0FFEBED2; 4960
1DBD07E84862D52; 4958
1DBD07EA67FAFD2; 4958
1DBD0801C384B52; 4938
1DBD08032460BD2; 4938
1DBD0812B6BC8D2; 4897
1DBD0813FB4EDF6; 4891
1DBD0815229FF52; 4897
1DBD081670692D2; 4891
1DBD082DA5CD452; 4786
1DBD082F9F3FCD2; 4786
1DBD0830D9F6352; 4797
1DBD084894DDFD2; 4720
1DBD084A4205452; 4720
1DBD086180F2C52; 4628
1DBD0862D845652; 4600
1DBD08641C85352; 4621
1DBD0865A386DD2; 4617
1DBD08672A88852; 4610
1DBD0868653EED2; 4604
1DBD086A55280D2; 4604
1DBD086BC916E52; 4603
1DBD087D41D26D2; 4533
1DBD087F2832252; 4533
1DBD0896671FA52; 4424
1DBD0897AB5F752; 4418
1DBD08996210252; 4416
1DBD08A033497D2; 4389
1DBD08A19DAEED2; 4384
1DBD08A308145D2; 4376
1DBD08A47279CD2; 4372
1DBD08A5F97B752; 4371
1DBD08A763E0E52; 4371
1DBD08B84D8F552; 4315
1DBD08B9B7F4C52; 4318
1DBD08BB94CB152; 4315
1DBD08C0C2B90F6; 4308
1DBD08C2102FC52; 4308
1DBD08CC4F1CFF6; 4295
1DBD08CDC2B9552; 4295
1DBD08D9A4F1ED2; 4271
1DBD08DDDA98D52; 4273
1DBD08DF9AD2ED2; 4273
1DBD08F2E6DB5D2; 4258
1DBD08F477666D2; 4258
1DBD0904E51A952; 4249
1DBD09069BCB452; 4249
1DBD09199B88752; 4244
1DBD091B9E84652; 4244
1DBD093156703D2; 4235
1DBD093329BD252; 4235
1DBD09475AA7552; 4234
1DBD094983C8E52; 4234
1DBD0960C2B6652; 4230
1DBD0962EBD7F52; 4230
1DBD0979922EF52; 4229
1DBD097BC4D9ED2; 4229
1DBD099316DA3D2; 4220
1DBD0994E09DBD2; 4220
1DBD09A97A6F652; 4225
1DBD09AB7D6B552; 4225
1DBD09C194B53D2; 4216
1DBD09C3718B8D2; 4216
1DBD09D7BF11F52; 4212
1DBD09D9CB974D2; 4212
1DBD09F0423F452; 4209
1DBD09F274EA3D2; 4209
1DBD0A098428B52; 4205
1DBD0A0B8724A52; 4205
1DBD0A22408E752; 4201
1DBD0A2460269D2; 4201
1DBD0A3AFCF4352; 4199
1DBD0A3D1C8C5D2; 4199
1DBD0A546503452; 4205
1DBD0A5668E7108; 4205
1DBD0A6C20D2E88; 4209
1DBD0A6E396F8D7; 4209
1DBD0A84D63D257; 4202
1DBD0A8676B7C76; 4202
1DBD0A9BE2585F6; 4194
1DBD0A9DC8B8176; 4194
1DBD0AB29BC22F6; 4199
1DBD0AB49EBE1F6; 4199
1DBD0ACAAC7E9F6; 4199
1DBD0ACCD5A02F6; 4199
1DBD0AE4148DAF6; 4199
1DBD0AE63425D76; 4199
1DBD0AFD7C9CBF6; 4203
1DBD0AFF9C34E76; 4203
1DBD0B1639027F6; 4210
1DBD0B183275076; 4210
1DBD0B2D9E159F6; 4210
1DBD0B2FBDADC76; 4210
1DBD0B46979FD5D; 4241
1DBD0B483751AF6; 4241
1DBD0B53180C4F6; 4275
1DBD0B548271BF6; 4280
1DBD0B55ECD72F6; 4277
1DBD0B57AD11476; 4279
1DBD0B58CB2B776; 4279
1DBD0B649A513F6; 4288
1DBD0B662152E76; 4288
1DBD0B76EE651F6; 4306
1DBD0B78291B876; 4306
1DBD0B8588CC5F6; 4319
1DBD0B86E9A8676; 4319
1DBD0B954AD7376; 4307
1DBD0B96B53CA76; 4307
1DBD0BA69D6D1F6; 4294
1DBD0BA81AE55F6; 4294
1DBD0BB845D7AF6; 4279
1DBD0BB9A23C2EC; 4279
1DBD0BC89C017EC; 4282
1DBD0BCA1853E5D; 4282
1DBD0BE0725FA5D; 4269
1DBD0BE23299BDD; 4269
1DBD0BF4D2F8DDD; 4260
1DBD0BF6A645C5D; 4260
1DBD0C0A35100DD; 4259
1DBD0C0C5E319DD; 4259
1DBD0C23A6A885D; 4321
1DBD0C25110DF5D; 4337
1DBD0C268E8635D; 4345
1DBD0C27F8EBA5D; 4349
1DBD0C29635115D; 4356
1DBD0C2ACDB685D; 4360
1DBD0C2C381BF5D; 4356
1DBD0C2DA28165D; 4348
1DBD0C2F0CE6D5D; 4354
1DBD0C30774C45D; 4353
1DBD0C31FE4DEDD; 4353
1DBD0C43770975D; 4329
1DBD0C4D1D0DADD; 4325
1DBD0C4F036D65D; 4325
1DBD0C63345795D; 4328
1DBD0C6567028DD; 4328
1DBD0C7C632E35D; 4323
1DBD0C7E6FB38DD; 4323
1DBD0C94D348B5D; 4329
1DBD0C96DFCE0DD; 4329
1DBD0CAC97B9E5D; 4318
1DBD0CAE6B06CDD; 4318
1DBD0CC1A3FC6DD; 4331
1DBD0CC33E10E5D; 4331
1DBD0CD4A3B99DD; 4331
1DBD0CD6D66495D; 4331
1DBD0CEE155215D; 4348
1DBD0CEFA5DD25D; 4348
1DBD0D00BF3A9DD; 4338
1DBD0D0288FE1DD; 4338
1DBD0D151FD3D5D; 4339
1DBD0D175C0835D; 4339
1DBD0D2EA47F1DD; 4336
1DBD0D30B10475D; 4336
1DBD0D47C9CC55D; 4333
1DBD0D4A0F8A1DD; 4333
1DBD0D605C5D8DE; 4365
1DBD0D6233595DD; 4365
1DBD0D6C9819B5D; 4362
1DBD0D6E9B15A5D; 4362
1DBD0D84103FA5D; 4365
1DBD0D862FD7CDD; 4365
1DBD0D9D2C0375D; 4462
1DBD0D9E9668E5D; 4466
1DBD0DA000CE55D; 4479
1DBD0DA17E4695D; 4484
1DBD0DA2E8AC05D; 4497
1DBD0DA4662445D; 4508
1DBD0DA5ED25EDD; 4515
1DBD0DA7578B5DD; 4519
1DBD0DA7A008641; 4525
1DBD0DA8C1F0CDD; 4525
1DBD0DA90A6DD41; 4540
1DBD0DAA2C563DD; 4540
1DBD0DAB96BBADD; 4548
1DBD0DAD01211DD; 4552
1DBD0DAE6B868DD; 4564
1DBD0DAFD5EBFDD; 4572
1DBD0DB153643DD; 4573
1DBD0DB2C75315D; 4573
1DBD0DC22FBB0C1; 4588
1DBD0DC351A375D; 4588
1DBD0DC4C5924DD; 4588
1DBD0DD2D6A7A41; 4603
1DBD0DD3F8900DD; 4603
1DBD0DD54FE2ADD; 4603
1DBD0DE27C16441; 4685
1DBD0DE39DFEADD; 4685
1DBD0DE508641DD; 4695
1DBD0DE685DC5DD; 4703
1DBD0DE7F041CDD; 4712
1DBD0DE95AA73DD; 4720
1DBD0DEAC50CADD; 4733
1DBD0DEBF26B741; 4735
1DBD0DED1453DDD; 4735
1DBD0DF4B38DEC1; 4754
1DBD0DF5D57655D; 4754
1DBD0DF6F94BB41; 4755
1DBD0DF81B341DD; 4755
1DBD0DF9B54895D; 4755
1DBD0E0C058E3C1; 4755
1DBD0E0D2776A5D; 4755
1DBD0E0F536F737; 4755
1DBD0E26925CF37; 4769
1DBD0E284C9F907; 4769
1DBD0E3A972A087; 4779
1DBD0E4E68277DE; 4792
1DBD0E50154EC5E; 4792
1DBD0E61716E15E; 4850
1DBD0E62DBD385E; 4844
1DBD0E644638F5E; 4845
1DBD0E65D6C405E; 4845
1DBD0E76A3D63DE; 4860
1DBD0E780E3BADE; 4860
1DBD0E874AC2D5E; 4879
1DBD0E8868DD05E; 4879
1DBD0E943802CDE; 4947
1DBD0E968749FDE; 4947
1DBD0E97DE9C9DE; 4947
1DBD0EAF1D8A1DE; 5003
1DBD0EB087EF8DE; 5009
1DBD0EB1F254FDE; 5015
1DBD0EB35CBA6DE; 5009
1DBD0EB5A27835E; 5009
1DBD0EB6F9CAD5E; 5009
1DBD0ECEAB2935E; 5054
1DBD0ED36653CDE; 5059
1DBD0ED4B41D05E; 5059
1DBD0EE260191DE; 5059
1DBD0EE492C415E; 5059
1DBD0EFBDB3AFDE; 5066
1DBD0EFDDE36EDE; 5066
1DBD0F135360EDE; 5054
1DBD0F15139B05E; 5054
1DBD0F27B3FA25E; 5063
1DBD0F2987470DE; 5063
1DBD0F3D161155E; 5059
1DBD0F3F48BC4DE; 5059
1DBD0F55993EA5E; 5035
1DBD0F56D3F50DE; 5035
1DBD0F643D2F4DE; 5062
1DBD0F685FC365E; 5066
1DBD0F69A40335E; 5066
1DBD0F775988B5E; 5076
1DBD0F78F39D2DE; 5076
1DBD0F8A0CFAA5E; 5083
1DBD0F8BF35A5DE; 5083
1DBD0FA024448DE; 5101
1DBD0FA18EA9FDE; 5101
1DBD0FB0CB3125E; 5105
1DBD0FB2E13FE5E; 5105
1DBD0FC8A2B525E; 5107
1DBD0FCACBD6B5E; 5107
1DBD0FE2144D9DE; 5111
1DBD0FE43D6F2DE; 5111
1DBD0FFAED4F95E; 5115
1DBD0FFD167125E; 5115
1DBD1013B33EBDE; 5118
1DBD1015EF731DE; 5118
1DBD102D37EA05E; 5121
1DBD102F4DF8C5E; 5121
1DBD104653ADD5E; 5122
1DBD10487CCF65E; 5122
1DBD105FC5464DE; 5135
1DBD1061A21C9DE; 5135
1DBD107438F255E; 5116
1DBD107573A8BDE; 5116
1DBD108447486DE; 5139
1DBD108C19FFBDE; 5139
1DBD108E43214DE; 5139
1DBD10A58B9835E; 5152
1DBD10A7555BB5E; 5152
1DBD10B9EC316DE; 5168
1DBD10BB602045E; 5168
1DBD10CAE8F2ADE; 5175
1DBD10CCBC3F95E; 5175
1DBD10E15F9AA5E; 5207
1DBD10E928C88DE; 5210
1DBD10E95945C4D; 5210
1DBD10EB0F2845E; 5210
1DBD10FDD67B34D; 5221
1DBD10FF8C5DB5E; 5221
1DBD10FFA42F600; 5221
1DBD10FFA9C81CD; 5221
1DBD11015FAA9DE; 5221
1DBD111290D9C00; 5227
1DBD111296727CD; 5227
1DBD11144C54FDE; 5227
1DBD111483B888B; 5227
1DBD11148823638; 5227
1DBD11148A4C480; 5227
1DBD11148FE504D; 5227
1DBD111645C785E; 5227
1DBD1129AC9748B; 5238
1DBD1129B102238; 5238
1DBD1129B32B080; 5238
1DBD1129B8C3C4D; 5238
1DBD112B56F3A36; 5238
1DBD112B59BE90B; 5238
1DBD112B5E296B8; 5238
1DBD112B6052500; 5238
1DBD112B65EB0CD; 5238
1DBD112B6EA645E; 5238
1DBD112D1BCD8DE; 5238
1DBD113E603A3B6; 5239
1DBD113E630528B; 5239
1DBD113E6770038; 5239
1DBD113E6998E80; 5239
1DBD113E6F31A4D; 5239
1DBD11401C5866A; 5239
1DBD1140251425E; 5239
1DBD1140822070F; 5239
1DBD1140895BCB6; 5239
1DBD11408C26B8B; 5239
1DBD11409091938; 5239
1DBD114092BA780; 5239
1DBD1142487B110; 5239
1DBD1157CA9758F; 5243
1DBD1157D1D2B36; 5243
1DBD1157D49DA0B; 5243
1DBD1157D9087B8; 5243
1DBD1157E0CA1CD; 5243
1DBD115990F1F90; 5243
1DBD1159E3B43B5; 5243
1DBD1159EA2F80F; 5243
1DBD1159F16ADB6; 5243
1DBD1159F8A0A38; 5243
1DBD115BA9A85F0; 5243
1DBD11708A0B3B5; 5242
1DBD1170908680F; 5242
1DBD117097C1DB6; 5242
1DBD1170A6B944D; 5242
1DBD11724FFF5F0; 5242
1DBD1172B32CCB5; 5242
1DBD1172B9A810F; 5242
1DBD11747203A9B; 5242
1DBD118A052D1B5; 5240
1DBD118A21DB24D; 5240
1DBD118BC403F9B; 5240
1DBD118C2E4EAB5; 5240
1DBD118DE616162; 5240
1DBD11A393739CD; 5244
1DBD11A52E8CFE2; 5244
1DBD11A73DB9CF3; 5244
1DBD11BC5962C4D; 5246
1DBD11BDED9A373; 5246
1DBD11C00FBD826; 5246
1DBD11D5D484A4D; 5248
1DBD11D761BDD26; 5248
1DBD11D97A30F41; 5248
1DBD11EF3C93B4D; 5248
1DBD11F0C2A7DC1; 5248
1DBD1208A4A2C4D; 5251
1DBD120ACDC454D; 5251
1DBD12220CB1D4D; 5251
1DBD12242C49FCD; 5251
1DBD123B87D3B4D; 5251
1DBD123DB0F544D; 5251
1DBD1254EFE2C4D; 5257
1DBD1256F2DEB4D; 5257
1DBD126CBDDD5CD; 5252
1DBD126EC0D94CD; 5252
1DBD1284CE99CCD; 5254
1DBD1286EE31F4D; 5254
1DBD129E36A8DCD; 5254
1DBD12A05FCA6CD; 5254
1DBD12B79EB7ECD; 5251
1DBD12B9BE5014D; 5251
1DBD12D106C6FCD; 5254
1DBD12D3265F24D; 5254
1DBD12EA6ED60CD; 5253
1DBD12EC97F79CD; 5253
1DBD1303D6E51CD; 5259
1DBD1305D9E10CD; 5259
1DBD131B91CCE4D; 5279
1DBD131CE91F84D; 5279
1DBD132BD95B6CD; 5281
1DBD132E027CFCD; 5281
1DBD1345416A7CD; 5275
1DBD134744666CD; 5275
1DBD135CFC5244D; 5280
1DBD135EFF4E34D; 5280
1DBD13750D0EB4D; 5282
1DBD13772CA6DCD; 5282
1DBD138E751DC4D; 5282
1DBD13909E3F54D; 5282
1DBD13A7DD2CD4D; 5282
1DBD13A9FCC4FCD; 5282
1DBD13C1584EB4D; 5282
1DBD13C3817044D; 5282
1DBD13DAF00CCCD; 5282
1DBD13DD0FA4F4D; 5282
1DBD13F4581BDCD; 5285
1DBD13F66E2A9CD; 5285
1DBD140D7D6914D; 5285
1DBD140FA68AA4D; 5285
1DBD1426E57824D; 5274
1DBD1428AF3BA4D; 5274
1DBD143C3E05ECD; 5281
1DBD143E377874D; 5281
1DBD1453140BF4D; 5284
1DBD145520914CD; 5284
1DBD146C26465CD; 5281
1DBD146E45DE84D; 5281
1DBD14858E556CD; 5276
1DBD14879ADAC4D; 5276
1DBD149DF4E684D; 5282
1DBD14A0016BDCD; 5282
1DBD14B5AFCE4CD; 5282
1DBD14B7CF6674D; 5282
1DBD14CF17DD5CD; 5283
1DBD14D14A8854D; 5283
1DBD14E8A6120CD; 5279
1DBD14EAB29764D; 5279
1DBD15016277CCD; 5282
1DBD1503820FF4D; 5282
1DBD151ACA86DCD; 5281
1DBD151CF3A86CD; 5281
1DBD15343295ECD; 5285
1DBD153648A4ACD; 5285
1DBD154CEEFBACD; 5282
1DBD154F0E93D4D; 5282
1DBD1566570ABCD; 5282
1DBD1568802C4CD; 5282
1DBD157FBF19CCD; 5284
1DBD1581DEB1F4D; 5284
1DBD15992728DCD; 5282
1DBD159B46C104D; 5282
1DBD15B28F37ECD; 5280
1DBD15B4B8597CD; 5280
1DBD15CBF746FCD; 5275
1DBD15CE03CC54D; 5275
1DBD15E45DD814D; 5279
1DBD15E673E6D4D; 5279
1DBD15FD1A3DD4D; 5281
1DBD15FF435F64D; 5281
1DBD1616824CE4D; 5281
1DBD1618A1E50CD; 5281
1DBD162FEA5BF4D; 5281
1DBD163209F41CD; 5281
1DBD1649526B04D; 5280
1DBD164B7B8C94D; 5280
1DBD1662BA7A14D; 5278
1DBD1664DA123CD; 5278
1DBD167C228924D; 5278
1DBD167E42214CD; 5278
1DBD16958A9834D; 5277
1DBD1697B3B9C4D; 5277
1DBD16AEF2A744D; 5275
1DBD16B1123F6CD; 5275
1DBD16C85AB654D; 5277
1DBD16CA83D7E4D; 5277
1DBD16E1C2C564D; 5282
1DBD16E3CF4ABCD; 5282
1DBD16FA3C694CD; 5297
1DBD16FBE99094D; 5297
1DBD170D9B848CD; 5286
1DBD170F3989B00; 5286
1DBD17214152500; 5292
1DBD17232AA7B0B; 5292
1DBD173849FD08B; 5285
1DBD17384E67E38; 5285
1DBD173A371B3B6; 5285
1DBD174F5670936; 5285
1DBD17517856C8F; 5285
1DBD1768CA5718F; 5289
1DBD176AD9EA935; 5289
1DBD17818041935; 5292
1DBD18D2C7D0C44; 5385
1DBD18E8D591444; 5406
1DBD18EA2CE3E44; 5406
1DBD18F8D0D48C4; 5409
1DBD18FAF06CB44; 5409
1DBD191140EF0C4; 5421
1DBD19130129244; 5421
1DBD1925F75CEC4; 5423
1DBD192833914C4; 5423
1DBD193F727ECC4; 5422
1DBD19419BA05C4; 5422
1DBD1958EDA0AC4; 5432
1DBD195AD400644; 5432
1DBD196F04EA944; 5432
1DBD19712E0C244; 5432
1DBD198867B9E3F; 5401
1DBD19898B13D44; 5401
1DBD19946BCE744; 5403
1DBD19968B669C4; 5403
1DBD19AD31BD9C4; 5416
1DBD19AEFB811C4; 5416
1DBD19C19256D44; 5405
1DBD19C34907844; 5405
1DBD19D59D1B644; 5415
1DBD19D766DEE44; 5415
1DBD19EA5389444; 5411
1DBD19EC7CAAD44; 5411
1DBD1A02CD2D2C4; 5416
1DBD1A04D9B2844; 5416
1DBD1A1AF0FC6C4; 5404
1DBD1A1CC449544; 5404
1DBD1A2FC406844; 5390
1DBD1A314B082C4; 5390
1DBD1A4234B69C4; 5394
1DBD1A44544EC44; 5394
1DBD1A5A4AF22E5; 5366
1DBD1A5B6D16A44; 5366
1DBD1A67F16F244; 5350
1DBD1A72431CAC4; 5354
1DBD1A744FA2044; 5354
1DBD1A89A82FCC4; 5383
1DBD1A93AD92144; 5391
1DBD1A953493BC4; 5391
1DBD1AA57C22444; 5399
1DBD1AA76281FC4; 5399
1DBD1ABAE7C2DC4; 5395
1DBD1ABD075B044; 5395
1DBD1AD36166C44; 5402
1DBD1AD57775844; 5402
1DBD1AEAD98CB44; 5395
1DBD1AECDC88A44; 5395
1DBD1B020EF0CC4; 5389
1DBD1B0438125C4; 5389
1DBD1B19E674CC4; 5391
1DBD1B1C22A92C4; 5391
1DBD1B3387BC4C4; 5384
1DBD1B359DCB0C4; 5384
1DBD1B4B096BA44; 5398
1DBD1B4CB692EC4; 5398
1DBD1B5E72104C4; 5404
1DBD1B607E95A44; 5404
1DBD1B759461944; 5417
1DBD1B77549BAC4; 5417
1DBD1B8A1B206C4; 5445
1DBD1B928FF7A44; 5442
1DBD1B94896A2C4; 5442
1DBD1BA95C74444; 5447
1DBD1BAB8595D44; 5447
1DBD1BC189CCEC4; 5448
1DBD1BC3C6014C4; 5448
1DBD1BDB0E78344; 5459
1DBD1BDCF4D7EC4; 5459
1DBD1BF083A2344; 5461
1DBD1BF2BFD6944; 5461
1DBD1C0A084D7C4; 5455
1DBD1C0C316F0C4; 5455
1DBD1C21F2E44C4; 5459
1DBD1C24258F444; 5459
1DBD1C3AD56FAC4; 5457
1DBD1C3D11A40C4; 5457
1DBD1C545A1AF44; 5471
1DBD1C561A550C4; 5471
1DBD1C686E68EC4; 5469
1DBD1C6AB426B44; 5469
1DBD1C81F314344; 5475
1DBD1C8412AC5C4; 5475
1DBD1C99CA98344; 5486
1DBD1C9BA76E844; 5486
1DBD1CAEF376F44; 5488
1DBD1CB12FAB544; 5488
1DBD1CC881ABA44; 5490
1DBD1CCABDE0044; 5490
1DBD1CE21969BC4; 5494
1DBD1CE4559E1C4; 5494
1DBD1CFAF26BB44; 5491
1DBD1CFD2516AC4; 5491
1DBD1D142142544; 5494
1DBD1D1653ED4C4; 5494
1DBD1D2D9C64344; 5505
1DBD1D2F793A844; 5505
1DBD1D430804CC4; 5514
1DBD1D44EE64844; 5514
1DBD1D58C97A0C4; 5514
1DBD1D5AFC25044; 5514
1DBD1D72449BEC4; 5518
1DBD1D746DBD7C4; 5518
1DBD1D8B14147C4; 5529
1DBD1D8CF0EACC4; 5529
1DBD1DA07FB5144; 5526
1DBD1DA1BA6B7C4; 5526
1DBD1DB8C0208C4; 5550
1DBD1DBA04605C4; 5550
1DBD1DC7B9E5DC4; 5555
1DBD1DC9A9CEFC4; 5555
1DBD1DDE7CD9144; 5578
1DBD1DDFAE06144; 5578
1DBD1DECC16BAC4; 5572
1DBD1DEE9E41FC4; 5572
1DBD1E027957844; 5574
1DBD1E04AC027C4; 5574
1DBD1E1BEAEFFC4; 5576
1DBD1E1E14118C4; 5576
1DBD1E355C88744; 5601
1DBD1E36A0C8444; 5601
1DBD1E440A02844; 5599
1DBD1E4620EA4F2; 5599
1DBD1E5D1D15F72; 5584
1DBD1E5EBBD0865; 5584
1DBD1E706DC47E5; 5602
1DBD1E71C05A0B8; 5602
1DBD1E7FB8A1638; 5608
1DBD1E817C6313F; 5608
1DBD1E957414D3F; 5602
1DBD1E9783A63D9; 5602
1DBD1EACE3B4633; 5607
1DBD1EACE5BD6D9; 5607
1DBD1F9EA0C8617; 5431
1DBD1FA00B2DD17; 5436
1DBD1FA17593417; 5433
1DBD1FA335CD597; 5434
1DBD1FA4D96B397; 5434
1DBD1FB7B302C97; 5407
1DBD1FC1AEDBA97; 5394
1DBD1FCC39C1A17; 5380
1DBD1FD68B6F297; 5363
1DBD1FDD82CE217; 5350
1DBD1FE19BD8D17; 5335
1DBD1FE3063E417; 5336
1DBD1FE496C9517; 5336
1DBD1FF5B9B0317; 5303
1DBD1FFA6B51617; 5296
1DBD20014F9D897; 5289
1DBD200293DD597; 5289
1DBD20117106717; 5269
1DBD201B2094117; 5261
1DBD201C9E0C517; 5261
1DBD202CBF75397; 5248
1DBD202E3CED797; 5248
1DBD203E67DFC97; 5232
1DBD203FB5A9017; 5232
1DBD204EE8A6C17; 5209
1DBD20571132B97; 5188
1DBD20588521917; 5184
1DBD2059EF87017; 5178
1DBD205C2231F97; 5178
1DBD205D7984997; 5178
1DBD2074C1FB817; 5130
1DBD2078F7A2697; 5125
1DBD2081B8C4E17; 5112
1DBD208A9683917; 5102
1DBD2096D81A397; 5087
1DBD20A1B8D4D97; 5080
1DBD20A35C72B97; 5080
1DBD20B65C2FE97; 5055
1DBD20C19C48997; 5042
1DBD20CD28AC897; 5000
1DBD20CE9311F97; 5017
1DBD20CFFD77697; 5013
1DBD20D23022617; 5013
1DBD20D38775017; 5013
1DBD20EBB4CDA97; 4979
1DBD20F51810097; 4976
1DBD20F707F9297; 4976
1DBD210C274E817; 4954
1DBD210D6204E97; 4954
1DBD211B2113D17; 4945
1DBD211CBB28497; 4945
1DBD212E76A5A97; 4936
1DBD213036DFC17; 4936
1DBD2143795EC97; 4939
1DBD2145A280597; 4939
1DBD215CB1BED17; 4931
1DBD215E850BB97; 4931
1DBD21737E3B717; 4923
1DBD21755B11C17; 4923
1DBD2189D847317; 4922
1DBD218C0168C17; 4922
1DBD21A34056417; 4917
1DBD21A54CDB997; 4917
1DBD21BBA6E7597; 4916
1DBD21BDD008E97; 4916
1DBD21D50EF6697; 4914
1DBD21D72E8E917; 4914
1DBD21EE8A18497; 4910
1DBD21F0A027097; 4910
1DBD2207467E097; 4911
1DBD22096616317; 4911
1DBD2220AE8D197; 4909
1DBD2222D7AEA97; 4909
1DBD223A169C297; 4914
1DBD223C1998197; 4914
1DBD225243F4D17; 4907
1DBD225433DDF17; 4907
1DBD22695333497; 4904
1DBD226B6942097; 4904
1DBD22826EF7197; 4907
1DBD22848E8F417; 4907
1DBD229BD706297; 4909
1DBD229DF69E517; 4909
1DBD22B53F15397; 4901
1DBD22B73887C17; 4901
1DBD22CC4E53B17; 4905
1DBD22CE514FA17; 4905
1DBD22E4D181017; 4907
1DBD22E6FAA2917; 4907
1DBD22FE3990117; 4910
1DBD23005928397; 4910
1DBD2317A19F217; 4904
1DBD2319A49B117; 4904
1DBD232F5C86E97; 4908
1DBD23317295A97; 4908
1DBD234818ECA97; 4909
1DBD234A3884D17; 4909
1DBD236180FBB97; 4903
1DBD23638D81117; 4903
1DBD23793BE3817; 4896
1DBD237B2BCCA17; 4896
1DBD239054AB617; 4876
1DBD239198EB317; 4876
1DBD23A06301797; 4862
1DBD23A1C3DD817; 4862
1DBD23B0AA90017; 4864
1DBD23B2CA28297; 4864
1DBD23CA129F117; 4851
1DBD23CBC94FC17; 4851
1DBD23DE6025797; 4833
1DBD258B9018F83; 4566
1DBD25949D86B03; 4547
1DBD2597BE9CD03; 4539
1DBD2599FAD1303; 4539
1DBD259B5223D03; 4539
1DBD25B29111503; 4484
1DBD25B3FB76C03; 4477
1DBD25B565DC303; 4480
1DBD25B72616483; 4479
1DBD25B8DCC6F83; 4479
1DBD25CC02A9C83; 4452
1DBD25D55C62C03; 4442
1DBD25D69719283; 4442
1DBD25E3F6CA003; 4433
1DBD25E590DE783; 4433
1DBD25F70010983; 4416
1DBD25F84DD9D03; 4416
1DBD2606A57F383; 4405
1DBD260822F7783; 4405
1DBD26189A35083; 4393
1DBD261A2AC0183; 4393
1DBD262B441D903; 4383
1DBD262CF144D83; 4383
1DBD263F4558B83; 4372
1DBD2640FC09683; 4372
1DBD26534693E03; 4380
1DBD26551057603; 4380
1DBD2668F4F6503; 4380
1DBD266B1E17E03; 4380
1DBD26825D05603; 4387
1DBD26845677E83; 4387
1DBD269AB083A83; 4358
1DBD26A54E7C703; 4359
1DBD26A78127683; 4359
1DBD26BEC014E83; 4349
1DBD26C09CEB383; 4349
1DBD26D4CDD5683; 4349
1DBD26D6F6F6F83; 4349
1DBD26EE3F6DE03; 4352
1DBD26F0688F703; 4352
1DBD2707B106583; 4354
1DBD270A004D883; 4354
1DBD27213F3B083; 4353
1DBD27234BC0603; 4353
1DBD273AB0D3803; 4365
1DBD273C7A97003; 4365
1DBD274FBD16083; 4373
1DBD2751A375C03; 4373
1DBD2765CAD6883; 4376
1DBD2767EA6EB03; 4376
1DBD277EE69A583; 4386
1DBD2780CCFA103; 4386
1DBD2794F45AD83; 4389
1DBD279713F3003; 4389
1DBD27AE101EA83; 4391
1DBD27B042C9A03; 4391
1DBD27C781B7203; 4381
1DBD27C95E8D703; 4381
1DBD27DD8F77A03; 4379
1DBD27DFC222983; 4379
1DBD27F70110183; 4371
1DBD27F8FA82A03; 4371
1DBD280E19D7F83; 4365
1DBD28102FE6B83; 4365
1DBD2825E7D2903; 4375
1DBD2827B196103; 4375
1DBD283B9FBE683; 4382
1DBD283D9930F03; 4382
1DBD285262B1A03; 4375
1DBD28545C24283; 4375
1DBD28697B79803; 4365
1DBD286B4EC6683; 4365
1DBD287EDD90B03; 4369
1DBD2880FD28D83; 4369
1DBD2897357BC62; 4398
1DBD289858B2903; 4398
1DBD28A38F41D83; 4404
1DBD28A55905583; 4404
1DBD28B845AFB83; 4412
1DBD28BA2C0F703; 4412
1DBD28CE5CF9A03; 4417
1DBD28D0697EF83; 4417
1DBD28E6773F783; 4416
1DBD28E8A9EA703; 4416
1DBD28FFE8D7F03; 4414
1DBD290211F9803; 4414
1DBD29195A70683; 4427
1DBD291B2433E83; 4427
1DBD292DBB09A03; 4423
1DBD292FD118603; 4423
1DBD29462B24203; 4406
1DBD2947B225C83; 4406
1DBD29596419C03; 4430
1DBD29630A1DF83; 4430
1DBD29653CC8F03; 4430
1DBD297C853FD83; 4423
1DBD297E7528F83; 4423
1DBD2993EA52F83; 4427
1DBD299609EB203; 4427
1DBD29ACA6B8B83; 4432
1DBD29AEBCC7783; 4432
1DBD29C50D49D03; 4445
1DBD29C6C3FA803; 4445
1DBD29D96459A03; 4453
1DBD29DB4AB9583; 4453
1DBD29EF721A203; 4447
1DBD29F16B8CA83; 4447
1DBD2A06D72D403; 4457
1DBD2A08B403903; 4457
1DBD2A1D1E26303; 4488
1DBD2A25503B903; 4496
1DBD2A269E04C83; 4496
1DBD2A34EC20C83; 4490
1DBD2A36D280803; 4490
1DBD2A49712478B; 4498
1DBD2A4AF9E1483; 4498
1DBD2A4B578430B; 4498
1DBD2A4CE041003; 4498
1DBD2A5FC3A9EEC; 4498
1DBD2A5FCDC7A5B; 4498
1DBD2A5FD4B9A0B; 4498
1DBD2A615D76703; 4498
1DBD2A61F654E6C; 4498
1DBD2A6200729DB; 4498
1DBD2A62076498B; 4498
1DBD2A639021683; 4498
1DBD2A795B6806C; 4494
1DBD2A795FFA69F; 4494
1DBD2A796585BDB; 4494
1DBD2A796C77B8B; 4494
1DBD2A7AF534883; 4494
1DBD2A7B5E63F6C; 4494
1DBD2A7B62F659F; 4494
1DBD2A7B6881ADB; 4494
1DBD2A7B6F73A8B; 4494
1DBD2A7CF830783; 4494
1DBD2A923C0B7E9; 4511
1DBD2A923DF366C; 4511
1DBD2A924285C9F; 4511
1DBD2A9248111DB; 4511
1DBD2A924F0318B; 4511
1DBD2A93C30D269; 4511
1DBD2A93C4F50EC; 4511
1DBD2A93C98771F; 4511
1DBD2A93CF12C5B; 4511
1DBD2A93D7BFE83; 4511
1DBD2A955EC1903; 4511
1DBD2AA493322F7; 4511
1DBD2AA49C92BBC; 4511
1DBD2AA4A3322E9; 4511
1DBD2AA4A51A16C; 4511
1DBD2AA4A9AC79F; 4511
1DBD2AA4B629C8B; 4511
1DBD2AA63850AE3; 4511
1DBD2AA63EE6983; 4511
1DBD2AA6BC53BF7; 4511
1DBD2AA6C5B44BC; 4511
1DBD2AA6CC53BE9; 4511
1DBD2AA6D2CE09F; 4511
1DBD2AA863ECACF; 4511
1DBD2ABDF75E866; 4516
1DBD2ABDFB413F7; 4516
1DBD2ABE04A1CBC; 4516
1DBD2ABE0B413E9; 4516
1DBD2ABE1E38D8B; 4516
1DBD2ABFA2DA2CF; 4516
1DBD2AC003E3DE6; 4516
1DBD2AC007C6977; 4516
1DBD2AC0112723C; 4516
1DBD2AC1A86CFC1; 4516
1DBD2AD65723721; 4521
1DBD2AD65DEF9E6; 4521
1DBD2AD661D2577; 4521
1DBD2AD66B32E3C; 4521
1DBD2AD684C9F0B; 4521
1DBD2AD80278BC1; 4521
1DBD2AD86D32321; 4521
1DBD2AD873FE5E6; 4521
1DBD2AD877E1177; 4521
1DBD2ADA118B6C9; 4521
1DBD2AEEC73DF21; 4511
1DBD2AEECE0A1E6; 4511
1DBD2AEEF4E470B; 4511
1DBD2AF06B972C9; 4511
1DBD2AF087780A1; 4511
1DBD2AF225ABEE2; 4511
1DBD2B04A346E0B; 4520
1DBD2B0613D4462; 4520
1DBD2B07D766E88; 4520
1DBD2B1A51A950B; 4512
1DBD2B1BBC05D88; 4512
1DBD2B1DBF9D532; 4512
1DBD2B30BEC7E0B; 4510
1DBD2B323CD2C32; 4510
1DBD2B344B9CE0F; 4510
1DBD2B4A306058B; 4516
1DBD2B4BA72698F; 4516
1DBD2B61E1BEB8B; 4522
1DBD2B63DB3140B; 4522
1DBD2B79931D18B; 4519
1DBD2B7BB2B540B; 4519
1DBD2B92B86A50B; 4528
1DBD2B94822DD0B; 4528
1DBD2BA8E2C708B; 4526
1DBD2BAB025F30B; 4526
1DBD2BC24451DBC; 4497
1DBD2BC368F048B; 4497
1DBD2BCF419F78B; 4522
1DBD2BD33E0DF0B; 4518
1DBD2BDD39E6D0B; 4525
1DBD2BDEDD84B0B; 4525
1DBD2BF0432D68B; 4519
1DBD2BF22003B8B; 4519
1DBD2C06FC9738B; 4517
1DBD2C09091C90B; 4517
1DBD2C205B1CE0B; 4515
1DBD2C227AB508B; 4515
1DBD2C39B9A288B; 4519
1DBD2C3BC627E0B; 4519
1DBD2C526C7EE0B; 4526
1DBD2C5465F168B; 4526
1DBD2C69C80898B; 4525
1DBD2C6BF12A28B; 4525
1DBD2C8339A110B; 4527
1DBD2C85462668B; 4527
1DBD2C9C9826B8B; 4524
1DBD2C9EAE3578B; 4524
1DBD2CB5F6AC60B; 4521
1DBD2CB8164488B; 4521
1DBD2CCF553208B; 4517
1DBD2CD161B760B; 4517
1DBD2CE8080E60B; 4524
1DBD2CEA0180E8B; 4524
1DBD2CFF639818B; 4524
1DBD2D0179A6D8B; 4524
1DBD2D18C21DC0B; 4517
1DBD2D1ABB9048B; 4517
1DBD2D302730E0B; 4525
1DBD2D320D9098B; 4525
1DBD2D469DD8D8B; 4525
1DBD2D48AA5E30B; 4525
1DBD2D5FFC5E80B; 4525
1DBD2D62126D40B; 4525
1DBD2D795AE428B; 4517
1DBD2D7B4143E0B; 4517
1DBD2D90609938B; 4518
1DBD2D92803160B; 4518
1DBD2DA9BF1EE0B; 4522
1DBD2DABCBA438B; 4522
1DBD2DC271FB38B; 4527
1DBD2DC474F728B; 4527
1DBD2DDACF02E8B; 4517
1DBD2DDCA24FD0B; 4517
1DBD2DF09A0190B; 4527
1DBD2DF24728D8B; 4527
1DBD2E05AFCD80B; 4518
1DBD2E07799100B; 4518
1DBD2E1B54A688B; 4522
1DBD2E1D6AB548B; 4522
1DBD2E33BB37A0B; 4518
1DBD2E35BE3390B; 4518
1DBD2E4C6E13F8B; 4521
1DBD2E4E8422B8B; 4521
1DBD2E65CC99A0B; 4523
1DBD2E67E2A860B; 4523
1DBD2E7F2B1F48B; 4517
1DBD2E812E1B38B; 4517
1DBD2E96EF9078B; 4518
1DBD2E99059F38B; 4518
1DBD2EB04E1620B; 4517
1DBD2EB26424E0B; 4517
1DBD2EC9AC9BC8B; 4518
1DBD2ECBCC33F0B; 4518
1DBD2EE30B2170B; 4518
1DBD2EE5213030B; 4518
1DBD2EFC69A718B; 4515
1DBD2EFE7FB5D8B; 4515
1DBD2F15C82CC0B; 4521
1DBD2F17CB28B0B; 4521
1DBD2F2D798B20B; 4519
1DBD2F2F8F99E0B; 4519
1DBD2F46D810C8B; 4515
1DBD2F48E49620B; 4515
1DBD2F5F8AED20B; 4517
1DBD2F61A0FBE0B; 4517
1DBD2F78E972C8B; 4511
1DBD2F7AEC6EB8B; 4511
1DBD2F909AD128B; 4515
1DBD2F92A75680B; 4515
1DBD2FA94DAD80B; 4511
1DBD2FAB5A32D8B; 4511
1DBD2FC20089D8B; 4515
1DBD2FC429AB68B; 4515
1DBD2FDAC67900B; 4509
1DBD2FDCACD8B8B; 4509
1DBD2FF277D760B; 4519
1DBD2FF44B2448B; 4519
1DBD30082639D0B; 4523
1DBD300A2935C0B; 4523
1DBD3020834180B; 4529
1DBD302275C20DB; 4529
1DBD303823902EC; 4519
1DBD30382DADE5B; 4519
1DBD3039FB6F79F; 4519
1DBD304DD68501F; 4511
1DBD304FACE1069; 4511
1DBD30642A16769; 4518
1DBD3066004D53C; 4518
1DBD307AE693177; 4518
1DBD307AEFF3A3C; 4518
1DBD307D0BD1EE6; 4518
1DBD30944ABF6E6; 4512
1DBD30963D65CA1; 4512
1DBD30ABF551A21; 4524
1DBD31E5C465072; 4568
1DBD31F9532F4F2; 4570
1DBD31FB7214425; 4570
1DBD31FB7C50DF2; 4570
1DBD3212C4C7C72; 4563
1DBD3214B706AE5; 4563
1DBD3214BE3A4F2; 4563
1DBD322A29DAE72; 4558
1DBD322C280B50C; 4558
1DBD322C36603F2; 4558
1DBD32423A97572; 4564
1DBD324428C0B83; 4564
1DBD32443D93472; 4564
1DBD3259F57F1F2; 4560
1DBD325C0CCCC90; 4560
1DBD325C282A172; 4560
1DBD3272C4F7AF2; 4565
1DBD3274C7F39F2; 4565
1DBD328ADF3D872; 4558
1DBD328CCF26A72; 4558
1DBD32A1F805672; 4550
1DBD32A3DE651F2; 4550
1DBD32B85B9A8F2; 4557
1DBD32BA4B83AF2; 4557
1DBD32CF28172F2; 4546
1DBD32D0F1DAAF2; 4546
1DBD32E3DE850F2; 4549
1DBD32E5FE1D372; 4549
1DBD32FCFA48DF2; 4544
1DBD32FF10579F2; 4544
1DBD33156A635F2; 4568
1DBD3316B82C972; 4568
1DBD3325195B672; 4585
1DBD33305974172; 4581
1DBD3332495D372; 4581
1DBD33471C674F2; 4580
1DBD33494588DF2; 4580
1DBD336097892F2; 4580
1DBD3362CA34272; 4580
1DBD337A0921A72; 4573
1DBD337C0C1D972; 4573
1DBD339177BE2F2; 4598
1DBD33929F61C72; 4598
1DBD339F10A7772; 4594
1DBD33A10A19FF2; 4594
1DBD33B6296F572; 4594
1DBD33B86F2D1F2; 4594
1DBD33CFAE1A9F2; 4605
1DBD33D16E54B72; 4605
1DBD33E51031CF2; 4615
1DBD33E6E37EB72; 4615
1DBD33FA1C74572; 4616
1DBD33FC58A8B72; 4616
1DBD34139796372; 4629
1DBD341557D04F2; 4629
1DBD3427F82F6F2; 4642
1DBD34299BCD4F2; 4642
1DBD343B0176072; 4660
1DBD343C4F3F3F2; 4660
1DBD344A510FFF2; 4659
1DBD344C8D445F2; 4659
1DBD3463CC31DF2; 4657
1DBD3465FEDCD72; 4657
1DBD347D4753BF2; 4648
1DBD347F373CDF2; 4648
1DBD3493B4724F2; 4649
1DBD3495E71D472; 4649
1DBD34AD2F942F2; 4652
1DBD34AF4F2C572; 4652
1DBD34C654E1672; 4664
1DBD34C81EA4E72; 4664
1DBD34DB6123EF2; 4655
1DBD34DD3DFA3F2; 4655
1DBD34F0D64DEF2; 4647
1DBD34F2BCADA72; 4647
1DBD3506ED97D72; 4650
1DBD350916B9672; 4650
1DBD352012E50F2; 4658
1DBD352202CE2F2; 4658
1DBD3536DF61AF2; 4669
1DBD3538A9252F2; 4669
1DBD354B9F58F72; 4677
1DBD354D85B8AF2; 4677
1DBD3561B6A2DF2; 4685
1DBD3563B015672; 4685
1DBD357823C16F2; 4689
1DBD357A39D02F2; 4689
1DBD359093DBEF2; 4689
1DBD3592C686E72; 4689
1DBD35AA0EFDCF2; 4694
1DBD35AC1B83272; 4694
1DBD35C245DFDF2; 4698
1DBD35C46F016F2; 4698
1DBD35DB0BCF072; 4705
1DBD35DD0ECAF72; 4705
1DBD35F27A6B8F2; 4702
1DBD35F4AD16872; 4702
1DBD360BA9422F2; 4703
1DBD360DDBED272; 4703
1DBD36252DED772; 4706
1DBD362743FC372; 4706
1DBD363E49B1472; 4707
1DBD364072D2D72; 4707
1DBD3657BB49BF2; 4720
1DBD36597B83D72; 4720
1DBD366C1BE2F72; 4721
1DBD366E4504872; 4721
1DBD36858D7B6F2; 4722
1DBD3687C026672; 4722
1DBD369EFF13E72; 4725
1DBD36A12835772; 4725
1DBD36B870AC5F2; 4736
1DBD36BA43F9472; 4736
1DBD36CDD2C38F2; 4750
1DBD36CF634E9F2; 4750
1DBD36E07CAC172; 4749
1DBD36E2A5CDA72; 4749
1DBD36F9EE448F2; 4756
1DBD36FBE7B7172; 4756
1DBD37115CE1172; 4751
1DBD371369666F2; 4751
1DBD372980B0572; 4754
1DBD372B96BF172; 4754
1DBD374292EABF2; 4764
1DBD3744794A772; 4764
1DBD3758A0AB3F2; 4759
1DBD375AA3A72F2; 4759
1DBD37706EA5D72; 4773
1DBD3771FF30E72; 4773
1DBD3783C437AF2; 4787
1DBD37854B39572; 4787
1DBD3795B8ED7F2; 4784
1DBD3797C7EB0BA; 4784
1DBD37AE690874F; 4791
1DBD37AE6B16A25; 4791
1DBD37AE6E420BA; 4791
1DBD37B05E08BE5; 4791
1DBD37C5C9A9565; 4788
1DBD37C7E22030C; 4788
1DBD37DED4C270C; 4796
1DBD37E0AB1B203; 4796
1DBD37F57E25383; 4789
1DBD37F75DFA310; 4789
1DBD380C7D4F890; 4769
1DBD3DACA326180; 4841
1DBD3DC2B0E6980; 4833
1DBD3DC4A0CFB80; 4833
1DBD3DD93AA1600; 4828
1DBD3DDB2A8A800; 4828
1DBD3DF14B5DD00; 4813
1DBD3DF2E572480; 4813
1DBD3E044B1B000; 4804
1DBD3E060B55180; 4804
1DBD3E194DD4200; 4801
1DBD3E1B6D6C480; 4801
1DBD3E32600E880; 4795
1DBD3E34630A780; 4795
1DBD3E4A1AF6500; 4799
1DBD3E4C3A8E780; 4799
1DBD3E62D75C100; 4793
1DBD3E64DA58000; 4793
1DBD3E7A9243D80; 4784
1DBD3E7C6F1A280; 4784
1DBD3E90A004580; 4780
1DBD3E92AC89B00; 4780
1DBD3EA90695700; 4778
1DBD3EAAF09A441; 4778
1DBD3EAB3940680; 4778
1DBD3EC28B40B80; 4773
1DBD3EC45543134; 4773
1DBD3EC4A14F780; 4773
1DBD3EDAFB5B380; 4779
1DBD3EDCFE57280; 4779
1DBD3EF2BFCC680; 4778
1DBD3EF4F277600; 4778
1DBD3F0C3164E00; 4771
1DBD3F0E2AD7680; 4771
1DBD3F239678000; 4769
1DBD3F25BF99900; 4769
1DBD3F3D0810780; 4765
1DBD3F3F3132080; 4765
1DBD3F55CDFFA00; 4847
1DBD3F573865100; 4853
1DBD3F58A2CA800; 4847
1DBD3F5A0D2FF00; 4854
1DBD3F5B7795600; 4853
1DBD3F5CFE97080; 4853
1DBD3F6D75D4980; 4844
1DBD3F6F3F98180; 4844
1DBD3F823F55480; 4838
1DBD3F8438C7D00; 4838
1DBD3F99581D280; 4841
1DBD3F9B9451880; 4841
1DBD3FB2907D300; 4842
1DBD3FB49D02880; 4842
1DBD3FCC0215A80; 4857
1DBD3FCDB8C6580; 4857
1DBD3FDF6FB1191; 4878
1DBD3FE0925DE80; 4878
1DBD3FED16B6680; 4885
1DBD3FEEE079E80; 4885
1DBD4001774FA00; 4903
1DBD4002D82BA80; 4903
1DBD401185A5B80; 4902
1DBD4013B850B00; 4902
1DBD402B00C7980; 4903
1DBD402D3372900; 4903
1DBD40447BE9780; 4900
1DBD4046AE94700; 4900
1DBD405DF70B580; 4899
1DBD406029B6500; 4899
1DBD4077722D380; 4912
1DBD40793267500; 4912
1DBD408BD2C6700; 4920
1DBD408DC2AF900; 4920
1DBD40A1EA10580; 4939
1DBD40A34AEC600; 4939
1DBD40B23B28480; 4943
1DBD40B45137080; 4943
1DBD40C9FF99780; 4962
1DBD40CB7388500; 4962
1DBD40DAFC5AB80; 4960
1DBD40DD388F180; 4960
1DBD40F4777C980; 4958
1DBD40F6AA27900; 4958
1DBD410DF29E780; 4959
1DBD41102ED2D80; 4959
1DBD41276DC0580; 4966
1DBD412970BC480; 4966
1DBD413EDC5CE00; 4962
1DBD4141057E700; 4962
1DBD4157ABD5700; 4964
1DBD4159DE80680; 4964
1DBD41713080B80; 4965
1DBD4173632BB00; 4965
1DBD418AABA2980; 4954
1DBD418C8878E80; 4954
1DBD41A01743300; 4953
1DBD41A249EE280; 4953
1DBD41B99265100; 4974
1DBD41BB0FDD500; 4974
1DBD41CA42DB100; 4974
1DBD41CC7586080; 4974
1DBD41E3C786580; 4987
1DBD41E59149D80; 4987
1DBD41F844BBC80; 4992
1DBD41FA6453F00; 4992
1DBD421038DC000; 5002
1DBD421215B2500; 5002
1DBD422603DAA80; 4997
1DBD42281060000; 4997
1DBD423E27A9E80; 5004
1DBD4240211C700; 5004
1DBD425549FB300; 5008
1DBD42577CA6280; 5008
1DBD426E1973C00; 5009
1DBD42704C1EB80; 5009
1DBD42879495A00; 5014
1DBD4289AAA4600; 5014
1DBD42A004B0200; 5017
1DBD42A22DD1B00; 5017
1DBD42B97648980; 5035
1DBD42BB06D3A80; 5035
1DBD42CB7487D00; 5039
1DBD42CD810D280; 5039
1DBD42E38ECDA80; 5038
1DBD42E5C178A00; 5038
1DBD42FD09EF880; 5043
1DBD42FD6166C5E; 5043
1DBD42FF1FFE480; 5043
1DBD4313BB7285E; 5048
1DBD43157A0A080; 5048
1DBD4315CCC3B16; 5048
1DBD4315D18145E; 5048
1DBD43179018C80; 5048
1DBD432C26CF716; 5061
1DBD432C2B8D05E; 5061
1DBD432DDFC4F00; 5061
1DBD432DE709896; 5061
1DBD432DEA24880; 5061
1DBD432DEBC71DE; 5061
1DBD432FAA5EA00; 5061
1DBD43408024100; 5073
1DBD43408768A96; 5073
1DBD43408C263DE; 5073
1DBD434226BBFD0; 5073
1DBD43422D4B580; 5073
1DBD4342348FF16; 5073
1DBD4342394D85E; 5073
1DBD43424ABDC00; 5073
1DBD4343FCB8722; 5073
1DBD43542E849D0; 5088
1DBD43543513F80; 5088
1DBD43543C58916; 5088
1DBD4354411625E; 5088
1DBD4355A4A5DFA; 5088
1DBD4355ABFCDD0; 5088
1DBD4355B28C380; 5088
1DBD4355B9D0D16; 5088
1DBD4355BE8E65E; 5088
1DBD43560481122; 5088
1DBD43577D17163; 5088
1DBD436579C387A; 5090
1DBD4365811A850; 5090
1DBD436587A9E00; 5090
1DBD43658EEE796; 5090
1DBD436593AC0DE; 5090
1DBD43675234BE3; 5090
1DBD4367A2E517A; 5090
1DBD4367AA3C150; 5090
1DBD4367B0CB700; 5090
1DBD4367B810096; 5090
1DBD4367BCCD9DE; 5090
1DBD43697434AF1; 5090
1DBD437EEB5BFFA; 5094
1DBD437EF2B2FD0; 5094
1DBD437EF942580; 5094
1DBD437F0086F16; 5094
1DBD437F054485E; 5094
1DBD4380BCAB971; 5094
1DBD43810AF427A; 5094
1DBD4381124B250; 5094
1DBD438118DA800; 5094
1DBD4382D558291; 5094
1DBD4397B14B27A; 5094
1DBD4397B8A2250; 5094
1DBD4397CB33ADE; 5094
1DBD43997BAF291; 5094
1DBD4399DA6CB7A; 5094
1DBD4399E1C3B50; 5094
1DBD439B7BBCA3B; 5094
1DBD43B12C6D07A; 5094
1DBD43B146558DE; 5094
1DBD43B2CDBCF3B; 5094
1DBD43B4F6DE83B; 5094
1DBD43CAB7EE05E; 5094
1DBD43CC3F556BB; 5094
1DBD43CE720063B; 5094
1DBD43E4330FE5E; 5098
1DBD43E5BA774BB; 5098
1DBD43E7C6FCA3B; 5098
1DBD43FCEF75A5E; 5098
1DBD43FE76DD0BB; 5098
1DBD44009FFE9BB; 5098
1DBD44165784B5E; 5101
1DBD4417DEEC1BB; 5101
1DBD4419FE8443B; 5101
1DBD442FBF93C5E; 5100
1DBD443146FB2BB; 5100
1DBD443368F2371; 5100
1DBD444927A2D5E; 5099
1DBD444A9D94341; 5099
1DBD444AA7DFB71; 5099
1DBD444CC34F834; 5099
1DBD4462993B4DE; 5104
1DBD44640BC66B4; 5104
1DBD447AFFCC65E; 5107
1DBD447D1F648DE; 5107
1DBD449467DB75E; 5106
1DBD449687739DE; 5106
1DBD44ADE2FD55E; 5112
1DBD44AFEF82ADE; 5112
1DBD44C59DE51DE; 5109
1DBD44C7B3F3DDE; 5109
1DBD44DEB01F85E; 5111
1DBD44E0CFB7ADE; 5111
1DBD44F8182E95E; 5112
1DBD44FA415025E; 5112
1DBD4511935075E; 5111
1DBD4513C5FB6DE; 5111
1DBD452B0E7255E; 5114
1DBD452D116E45E; 5114
1DBD45442A3625E; 5114
1DBD454649CE4DE; 5114
1DBD455D924535E; 5114
1DBD455FBB66C5E; 5114
1DBD4576FA5445E; 5114
1DBD457919EC6DE; 5114
1DBD4590626355E; 5113
1DBD459281FB7DE; 5113
1DBD45A9D3FBCDE; 5117
1DBD45ABEA0A8DE; 5117
1DBD45C290618DE; 5118
1DBD45C4AFF9B5E; 5118
1DBD45DBF8709DE; 5118
1DBD45DE1808C5E; 5118
1DBD45F5607FADE; 5114
1DBD45F7768E6DE; 5114
1DBD460E1CE56DE; 5119
1DBD46101657F5E; 5119
1DBD46262DA1DDE; 5115
1DBD46284D3A05E; 5115
1DBD463EEA079DE; 5119
1DBD4640F68CF5E; 5119
1DBD4657AFF6C5E; 5119
1DBD4659CF8EEDE; 5119
1DBD4671218F3DE; 5120
1DBD4673412765E; 5120
1DBD468A899E4DE; 5123
1DBD468CA93675E; 5123
1DBD46A3F1AD5DE; 5122
1DBD46A6114585E; 5122
1DBD46BD6345D5E; 5120
1DBD46BF82DDFDE; 5120
1DBD46D6D4DE4DE; 5120
1DBD46D8EAED0DE; 5120
1DBD46F03CED5DE; 5121
1DBD46F25C8585E; 5121
1DBD4709A4FC6DE; 5123
1DBD470BBB0B2DE; 5123
1DBD47230D0B7DE; 5120
1DBD47253FB675E; 5120
1DBD473C7EA3F5E; 5124
1DBD473E819FE5E; 5124
1DBD475531804DE; 5124
1DBD4757478F0DE; 5124
1DBD476E9005F5E; 5124
1DBD4770AF9E1DE; 5124
1DBD4787EE8B9DE; 5122
1DBD478A0E23C5E; 5122
1DBD47A14D1145E; 5128
1DBD47A34683CDE; 5128
1DBD47B8FE6FA5E; 5125
1DBD47BB147E65E; 5125
1DBD47D20720A5E; 5127
1DBD47D41D2F65E; 5127
1DBD47EB65A64DE; 5124
1DBD47ED853E75E; 5124
1DBD4804C42BF5E; 5129
1DBD4806D0B14DE; 5129
1DBD481D2133A5E; 5127
1DBD481F374265E; 5127
1DBD48367FB94DE; 5128
1DBD48389F5175E; 5128
1DBD484FDE3EF5E; 5121
1DBD4851CE2815E; 5121
1DBD486739C8ADE; 5124
1DBD4869464E05E; 5124
1DBD48804279ADE; 5123
1DBD48826211D5E; 5123
1DBD4899A0FF55E; 5126
1DBD489BC0977DE; 5126
1DBD48B2FF84FDE; 5125
1DBD48B51593BDE; 5125
1DBD48CC5E0AA5E; 5122
1DBD48CE7DA2CDE; 5122
1DBD48E5BC904DE; 5124
1DBD48E7DC2875E; 5124
1DBD48FF1B15F5E; 5126
1DBD49013AAE1DE; 5126
1DBD4918832505E; 5124
1DBD491AA2BD2DE; 5124
1DBD493207D04DE; 5123
1DBD493422AAE16; 5123
1DBD494B6B21C96; 5126
1DBD494D79EBF00; 5126
1DBD49647FA1000; 5118
1DBD496655E7F50; 5118
1DBD497B28F20D0; 5118
1DBD497D4ABC9FA; 5118
1DBD49949CBCEFA; 5115
1DBD4AC3520097E; 5041
1DBD4ADA9A777FE; 5037
1DBD4ADCB051BB9; 5037
1DBD4ADCBA0FA7E; 5037
1DBD4AF36066A7E; 5052
1DBD4AF4E850C8C; 5052
1DBD4AF4FA7B1FE; 5052
1DBD4B06B5F87FE; 5048
1DBD4B08A989720; 5048
1DBD4B08C27DD7E; 5048
1DBD4B1ED03E57E; 5042
1DBD4B20BD035B0; 5042
1DBD4B20DCC3AFE; 5042
1DBD4B3694AF87E; 5039
1DBD4B388DA900C; 5039
1DBD4B38B447AFE; 5039
1DBD4B4FB9FCBFE; 5035
1DBD4B51E31E4FE; 5035
1DBD4B689C881FE; 5033
1DBD4B6AC5A9AFE; 5033
1DBD4B820E2097E; 5030
1DBD4B844A54F7E; 5030
1DBD4B9B92CBDFE; 5025
1DBD4B9D9F5137E; 5025
1DBD4BB402E65FE; 5033
1DBD4BB5F2CF7FE; 5033
1DBD4BCAC5D997E; 5036
1DBD4BCCEEFB27E; 5036
1DBD4BE3EB26CFE; 5027
1DBD4BE5DB0FEFE; 5027
1DBD4BFA61CEC7E; 5026
1DBD4BFC9479BFE; 5026
1DBD4C13DCF0A7E; 5025
1DBD4C16192507E; 5025
1DBD4C2D581287E; 5025
1DBD4C2F8ABD7FE; 5025
1DBD4C46EFD09FE; 5042
1DBD4C4889E517E; 5042
1DBD4C59A3428FE; 5053
1DBD4C5B46E06FE; 5053
1DBD4C6D15709FE; 5043
1DBD4C6EE8BD87E; 5043
1DBD4C8192A60FE; 5043
1DBD4C83C55107E; 5043
1DBD4C9B0DC7EFE; 5045
1DBD4C9D4072E7E; 5045
1DBD4CB488E9CFE; 5045
1DBD4CB6C51E2FE; 5045
1DBD4CCE040BAFE; 5047
1DBD4CD036B6A7E; 5047
1DBD4CE77F2D8FE; 5050
1DBD4CE9CE74BFE; 5050
1DBD4D010D623FE; 5059
1DBD4D02FD4B5FE; 5059
1DBD4D17840A37E; 5069
1DBD4D1957571FE; 5069
1DBD4D2CB6725FE; 5079
1DBD4D2E89BF47E; 5079
1DBD4D41CC3E4FE; 5094
1DBD4D436652C7E; 5094
1DBD4D53D406EFE; 5102
1DBD4D55B0DD3FE; 5102
1DBD4D693FA787E; 5116
1DBD4D6AECCECFE; 5116
1DBD4D7BFCA2DFE; 5116
1DBD4D7E38D73FE; 5116
1DBD4D959DEA5FE; 5115
1DBD4D97DA1EBFE; 5115
1DBD4DAF2295A7E; 5109
1DBD4DB138A467E; 5109
1DBD4DC70D2C77E; 5106
1DBD4DC9364E07E; 5106
1DBD4DE03279AFE; 5116
1DBD4DE22262CFE; 5116
1DBD4DF649C397E; 5116
1DBD4DF885F7F7E; 5116
1DBD4E0FCE6EDFE; 5103
1DBD4E1198325FE; 5103
1DBD4E2438917FE; 5105
1DBD4E267E4F47E; 5105
1DBD4E3DBD3CC7E; 5110
1DBD4E3FDCD4EFE; 5110
1DBD4E5636E0AFE; 5124
1DBD4E57F71AC7E; 5124
1DBD4E69F559FFE; 5136
1DBD4E6BA28147E; 5136
1DBD4E7D711177E; 5146
1DBD4E7F3AD4F7E; 5146
1DBD4E91DB3417E; 5150
1DBD4E940455A7E; 5150
1DBD4EAA54D7FFE; 5152
1DBD4EAC910C5FE; 5152
1DBD4EC3D98347E; 5156
1DBD4EC602A4D7E; 5156
1DBD4EDCA8FBD7E; 5155
1DBD4EDEEEB99FE; 5155
1DBD4EF62DA71FE; 5160
1DBD4EF84D3F47E; 5160
1DBD4F0EA74B07E; 5171
1DBD4F108DAABFE; 5171
1DBD4F2412EB9FE; 5178
1DBD4F260C5E27E; 5178
1DBD4F3ADF683FE; 5182
1DBD4F3CFF0067E; 5182
1DBD4F53590C27E; 5187
1DBD4F55822DB7E; 5187
1DBD4F6BD2B00FE; 5189
1DBD4F6E0EE46FE; 5189
1DBD4F85575B57E; 5191
1DBD4F87938FB7E; 5191
1DBD4F9EE59007E; 5197
1DBD4FA0FB9EC7E; 5197
1DBD4FB6BD1407E; 5206
1DBD4FB70FEAB43; 5206
1DBD4FB8A373BFE; 5206
1DBD4FCB40D4E43; 5226
1DBD4FCCA1B0EC3; 5226
1DBD4FCCA2D840E; 5226
1DBD4FCCD45DEFE; 5226
1DBD4FCE3539F7E; 5226
1DBD4FDAE643843; 5234
1DBD4FDAE76AD8E; 5234
1DBD4FDC79CC8FE; 5234
1DBD4FDCB3F02BC; 5234
1DBD4FDCB9906C3; 5234
1DBD4FDCBAB7C0E; 5234
1DBD4FDE4D1977E; 5234
1DBD4FEF4AC5E3C; 5234
1DBD4FEF5066243; 5234
1DBD4FEF518D78E; 5234
1DBD4FF0E3EF2FE; 5234
1DBD4FF1771352C; 5234
1DBD4FF17D70DBC; 5234
1DBD4FF183111C3; 5234
1DBD4FF1843870E; 5234
1DBD4FF3169A27E; 5234
1DBD5008BF8A3AC; 5241
1DBD5008C5E7C3C; 5241
1DBD5008CB88043; 5241
1DBD5008CCAF58E; 5241
1DBD500A5F110FE; 5241
1DBD500AC4D5C51; 5241
1DBD500ACC0F92C; 5241
1DBD500AD26D1BC; 5241
1DBD500AD80D5C3; 5241
1DBD500AD934B0E; 5241
1DBD500C6B9667E; 5241
1DBD502030765D1; 5250
1DBD502037B02AC; 5250
1DBD50203E0DB3C; 5250
1DBD502043ADF43; 5250
1DBD502044D548E; 5250
1DBD5021D736FFE; 5250
1DBD50220FD6400; 5250
1DBD502216D6151; 5250
1DBD50221E0FE2C; 5250
1DBD5022246D6BC; 5250
1DBD50222A0DAC3; 5250
1DBD50222B3500E; 5250
1DBD5023BD96B7E; 5250
1DBD503640C0700; 5250
1DBD503647C0451; 5250
1DBD50364EFA12C; 5250
1DBD503655579BC; 5250
1DBD50365AF7DC3; 5250
1DBD50365C1F30E; 5250
1DBD5037EE80E7E; 5250
1DBD50387CF4D00; 5250
1DBD503883F4A51; 5250
1DBD50388B2E72C; 5250
1DBD5038918BFBC; 5250
1DBD503A2AB547E; 5250
1DBD504FBBE2500; 5254
1DBD504FC2E2251; 5254
1DBD504FCA1BF2C; 5254
1DBD504FD619BC3; 5254
1DBD505169A2C7E; 5254
1DBD5051E503E00; 5254
1DBD5051EC03B51; 5254
1DBD5051F33D82C; 5254
1DBD505392C457E; 5254
1DBD5068A7F7180; 5259
1DBD5068AEF6ED1; 5259
1DBD5068C22E843; 5259
1DBD506A55B78FE; 5259
1DBD506ABE05D80; 5259
1DBD506C6BC64FE; 5259
1DBD50813249043; 5277
1DBD5082C5D20FE; 5277
1DBD50844CD3B7E; 5277
1DBD5092DAB3943; 5284
1DBD50946E3C9FE; 5284
1DBD50964E7514F; 5284
1DBD50A8F1FD7C3; 5287
1DBD50AA7BC89B9; 5287
1DBD50AA7F5F44F; 5287
1DBD50AC9C7DC0C; 5287
1DBD50C2174AB43; 5282
1DBD50C398A968C; 5282
1DBD50C5A7EE1A0; 5282
1DBD50DA8765343; 5283
1DBD50DC01F9DA0; 5283
1DBD50DE2DD8E30; 5283
1DBD50F3F8FDAC3; 5282
1DBD50F56CC6630; 5282
1DBD50F78F0998C; 5282
1DBD510D6A96243; 5276
1DBD510ED78080C; 5276
1DBD51252F07543; 5282
1DBD51273B8CAC3; 5282
1DBD513CF378843; 5287
1DBD513F0987443; 5287
1DBD51550DBE5C3; 5299
1DBD5156CDF8743; 5299
1DBD5169CDB5A43; 5298
1DBD516BF6D7343; 5298
1DBD51833F4E1C3; 5298
1DBD518571F9143; 5298
1DBD519CB0E6943; 5291
1DBD519EB3E2843; 5291
1DBD51B41F831C3; 5302
1DBD51B5E9469C3; 5302
1DBD51C92BC5A43; 5300
1DBD51CB54E7343; 5300
1DBD51E29D5E1C3; 5300
1DBD51E4ECA54C3; 5300
1DBD51FC482F043; 5300
1DBD51FE54B45C3; 5300
1DBD5215B9C77C3; 5300
1DBD5217E2E90C3; 5300
1DBD522F2B5FF43; 5301
1DBD52315481843; 5301
1DBD52489CF86C3; 5303
1DBD524AC619FC3; 5303
1DBD52620E90E43; 5309
1DBD5264118CD43; 5309
1DBD5279C978AC3; 5307
1DBD527BFC23A43; 5307
1DBD52933B11243; 5310
1DBD52956432B43; 5310
1DBD52ACACA99C3; 5310
1DBD52AED5CB2C3; 5310
1DBD52C61E42143; 5307
1DBD52C85A76743; 5307
1DBD52DF733E543; 5312
1DBD52E1599E0C3; 5312
1DBD52F783FAC43; 5314
1DBD52F9A392EC3; 5314
1DBD5310EC09D43; 5314
1DBD53131EB4CC3; 5314
1DBD532A5DA24C3; 5313
1DBD532C904D443; 5313
1DBD5343E24D943; 5315
1DBD5345EED2EC3; 5315
1DBD535D4A5CA43; 5317
1DBD535F737E343; 5317
1DBD5376B26BB43; 5314
1DBD5378DB8D443; 5314
1DBD53901A7AC43; 5316
1DBD53923A12EC3; 5316
1DBD53A98289D43; 5316
1DBD53ABABAB643; 5316
1DBD53C2EA98E43; 5317
1DBD53C513BA743; 5317
1DBD53DC52A7F43; 5318
1DBD53DE72401C3; 5318
1DBD53F5BAB7043; 5319
1DBD53F7E3D8943; 5319
1DBD540F22C6143; 5318
1DBD5411425E3C3; 5318
1DBD54288AD5243; 5318
1DBD542AB3F6B43; 5318
1DBD5441F2E4343; 5316
1DBD5444127C5C3; 5316
1DBD545B5AF3443; 5314
1DBD545D9727A43; 5314
1DBD5474D615243; 5314
1DBD5476E29A7C3; 5314
1DBD548E3E24343; 5314
1DBD54906745C43; 5314
1DBD54A7A633443; 5308
1DBD54A9A92F343; 5308
1DBD54BF611B0C3; 5314
1DBD54C16416FC3; 5314
1DBD54D71C02D43; 5314
1DBD54D93B9AFC3; 5314
1DBD54F08411E43; 5313
1DBD54F2AD33743; 5313
1DBD5509EC20F43; 5305
1DBD550BDC0A143; 5305
1DBD5520FB5F6C3; 5309
1DBD552307E4C43; 5309
1DBD55396B79EC3; 5316
1DBD553B5B630C3; 5316
1DBD555097549C3; 5323
1DBD5552873DBC3; 5323
1DBD5567A693143; 5323
1DBD5569C62B3C3; 5323
1DBD55810EA2243; 5316
1DBD5583119E143; 5316
1DBD559873B5443; 5318
1DBD559A934D6C3; 5318
1DBD55B1DBC4543; 5312
1DBD55B3E849AC3; 5312
1DBD55C996AC1C3; 5307
1DBD55CB9145F8E; 5307
1DBD55E19F0678E; 5313
1DBD55E3B7D70BC; 5313
1DBD55F966397BC; 5305
1DBD55FB3328DAC; 5305
1DBD560FCCFA82C; 5304
1DBD5611F86BAD1; 5304
1DBD562940E2951; 5300
1DBD562B3CDEB00; 5300
1DBD5641F648800; 5303
1DBD580E4CDCE1F; 5340
1DBD581F663A59F; 5327
1DBD5821004ED1F; 5327
1DBD5831CD6109F; 5324
1DBD5833E36FC9F; 5324
1DBD584A935031F; 5332
1DBD584C8CC2B9F; 5332
1DBD5861564369F; 5342
1DBD58633319B9F; 5342
1DBD5876C1E401F; 5341
1DBD5879112B31F; 5341
1DBD5890632B81F; 5340
1DBD58926FB0D9F; 5340
1DBD58A9D4C3F9F; 5331
1DBD58ABCE3681F; 5331
1DBD58C04B6BF1F; 5312
1DBD58C1A2BE91F; 5312
1DBD58D09C83E1F; 5306
1DBD58D295F669F; 5306
1DBD58E709A271F; 5304
1DBD58E93C4D69F; 5304
1DBD590113D169F; 5346
1DBD590709B269F; 5345
1DBD590932D3F9F; 5345
1DBD591FE2B461F; 5331
1DBD5921996511F; 5331
1DBD5933A12DB1F; 5350
1DBD5934E56D81F; 5350
1DBD5942A47C69F; 5349
1DBD5944D72761F; 5349
1DBD595C1F9E49F; 5362
1DBD595DF2EB31F; 5362
1DBD597089C0E9F; 5358
1DBD5972A95911F; 5358
1DBD59890364D1F; 5373
1DBD598AB08C19F; 5373
1DBD599C6C0979F; 5378
1DBD599E788ED1F; 5378
1DBD59B400CBA1F; 5383
1DBD59B62063C9F; 5383
1DBD59CC249AE1F; 5393
1DBD59CE0AFA99F; 5393
1DBD59E1EF9989F; 5536
1DBD59E389AE01F; 5547
1DBD59E4F41371F; 5566
1DBD59E6718BB1F; 5571
1DBD59E7DBF121F; 5582
1DBD59E9465691F; 5592
1DBD59EAB0BC01F; 5608
1DBD59EC1B2171F; 5619
1DBD59ED8586E1F; 5623
1DBD59EEEFEC51F; 5635
1DBD59F05A51C1F; 5650
1DBD59F1C4B731F; 5663
1DBD59F32F1CA1F; 5668
1DBD59F4AC94E1F; 5681
1DBD59F616FA51F; 5697
1DBD59F7815FC1F; 5692
1DBD59F8EBC531F; 5697
1DBD59FB3B0C61F; 5697
1DBD59FC925F01F; 5697
1DBD5A13EDE8B9F; 5690
1DBD5A15FA6E11F; 5690
1DBD5A2B6F9811F; 5689
1DBD5A2DB555D9F; 5689
1DBD5A44F44359F; 5688
1DBD5A473077B9F; 5688
1DBD5A5E78EEA1F; 5692
1DBD5A60A21031F; 5692
1DBD5A77486731F; 5693
1DBD5A798E24F9F; 5693
1DBD5A90CD1279F; 5695
1DBD5A930946D9F; 5695
1DBD5AAA51BDC1F; 5688
1DBD5AAC5E4319F; 5688
1DBD5AC1C9E3B1F; 5682
1DBD5AC3DFF271F; 5682
1DBD5AD9551C71F; 5696
1DBD5ADB155689F; 5696
1DBD5AECD0D3E9F; 5710
1DBD5AEE57D591F; 5710
1DBD5AFE8C5149F; 5723
1DBD5B002665C1F; 5723
1DBD5B10515811F; 5733
1DBD5B11FE7F59F; 5733
1DBD5B240FD161F; 5748
1DBD5B258D49A1F; 5748
1DBD5B356BF0B1F; 5743
1DBD5B3781FF71F; 5743
1DBD5B4CE416A1F; 5746
1DBD5B4F0D3831F; 5746
1DBD5B660963D9F; 5754
1DBD5B6815E931F; 5754
1DBD5B7CF27CB1F; 5766
1DBD5B7EB2B6C9F; 5766
1DBD5B915C9F51F; 5761
1DBD5B9372AE11F; 5761
1DBD5BA92A99E9F; 5761
1DBD5BAB66CE49F; 5761
1DBD5BC2A5BBC9F; 5771
1DBD5BC48C1B81F; 5771
1DBD5BD8BD05B1F; 5768
1DBD5BDAEFB0A9F; 5768
1DBD5BF1E252E9F; 5772
1DBD5BF42810B1F; 5772
1DBD5C0AC4DE49F; 5776
1DBD5C0CDAED09F; 5776
1DBD5C239456D9F; 5777
1DBD5C25C701D1F; 5777
1DBD5C3D228B89F; 5787
1DBD5C3F1274A9F; 5787
1DBD5C532F4E757; 5802
1DBD5C5339D571F; 5802
1DBD5C54CA6081F; 5802
1DBD5C63FC60AD7; 5818
1DBD5C654C72F94; 5818
1DBD5C6553B34D7; 5818
1DBD5C659772B9F; 5818
1DBD5C66EEC559F; 5818
1DBD5C73F063A14; 5823
1DBD5C73F7A3F57; 5823
1DBD5C7592B601F; 5823
1DBD5C75E2D7F87; 5823
1DBD5C75E9D6294; 5823
1DBD5C75F1167D7; 5823
1DBD5C778C2889F; 5823
1DBD5C8ABF6B787; 5823
1DBD5C8AC669A94; 5823
1DBD5C8ACDA9FD7; 5823
1DBD5C8C68BC09F; 5823
1DBD5C8CE3E5554; 5823
1DBD5C8CEAE0950; 5823
1DBD5C8CF216707; 5823
1DBD5C8CF914A14; 5823
1DBD5C8D0054F57; 5823
1DBD5C8E9B6701F; 5823
1DBD5CA42C5C3D4; 5828
1DBD5CA433577D0; 5828
1DBD5CA43A8D587; 5828
1DBD5CA4418B894; 5828
1DBD5CA448CBDD7; 5828
1DBD5CA5E3DDE9F; 5828
1DBD5CA63C6D8CF; 5828
1DBD5CA6426AFD4; 5828
1DBD5CA649663D0; 5828
1DBD5CA6509C187; 5828
1DBD5CA6579A494; 5828
1DBD5CA65EDA9D7; 5828
1DBD5CA7F9ECA9F; 5828
1DBD5CBC96794CF; 5838
1DBD5CBC9C76BD4; 5838
1DBD5CBCA371FD0; 5838
1DBD5CBCAAA7D87; 5838
1DBD5CBCB1A6094; 5838
1DBD5CBCB8E65D7; 5838
1DBD5CBE53F869F; 5838
1DBD5CBE7CD904F; 5838
1DBD5CBE82D6754; 5838
1DBD5CBE89D1B50; 5838
1DBD5CBE9107907; 5838
1DBD5CBE9805C14; 5838
1DBD5CBE9F46157; 5838
1DBD5CC03A5821F; 5838
1DBD5CD257EE8CF; 5849
1DBD5CD25DEBFD4; 5849
1DBD5CD264E73D0; 5849
1DBD5CD26C1D187; 5849
1DBD5CD2731B494; 5849
1DBD5CD27A5B9D7; 5849
1DBD5CD4156DA9F; 5849
1DBD5CD41828A4F; 5849
1DBD5CD41E26154; 5849
1DBD5CD42521550; 5849
1DBD5CD42C57307; 5849
1DBD5CD5D5A7C1F; 5849
1DBD5CE6C2112CF; 5846
1DBD5CE6C80E9D4; 5846
1DBD5CE6CF09DD0; 5846
1DBD5CE6E47E3D7; 5846
1DBD5CE87F9049F; 5846
1DBD5CE8E1A954F; 5846
1DBD5CE8E7A6C54; 5846
1DBD5CE8EEA2050; 5846
1DBD5CEA983AA0E; 5846
1DBD5CFFDDD4FCF; 5849
1DBD5D0000420D7; 5849
1DBD5D01946648E; 5849
1DBD5D02107FF4F; 5849
1DBD5D03C00D90D; 5849
1DBD5D1971DA857; 5849
1DBD5D1AFEFB10D; 5849
1DBD5D1D211A1D8; 5849
1DBD5D33000F357; 5859
1DBD5D34862D3D8; 5859
1DBD5D366678488; 5859
1DBD5D490DCFB57; 5861
1DBD5D4A8DD9108; 5861
1DBD5D4CAFFCA3A; 5861
1DBD5D627F682D7; 5855
1DBD5D63F8738BA; 5855
1DBD5D65FF385E7; 5855
1DBD5D7A3A4FF57; 5853
1DBD5D7BAD9ACE7; 5853
1DBD5D7DE2127D7; 5853
1DBD5D93BEFB3D7; 5856
1DBD5D952A89657; 5856
1DBD5D9739B65EB; 5856
1DBD5DAD00E4AD7; 5856
1DBD5DAE62A032C; 5856
1DBD5DAE65910EB; 5856
1DBD5DC6727D257; 5860
1DBD5DC89B9EB57; 5860
1DBD5DDF386C4D7; 5863
1DBD5DE1618DDD7; 5863
1DBD5DF86742ED7; 5863
1DBD5DFA86DB157; 5863
1DBD5E11EBEE357; 5862
1DBD5E14150FC57; 5862
1DBD5E2B5D86AD7; 5864
1DBD5E2D86A83D7; 5864
1DBD5E44F544C57; 5864
1DBD5E4714DCED7; 5864
1DBD5E5E79F00D7; 5865
1DBD5E609988357; 5865
1DBD5E77FE9B557; 5864
1DBD5E7A27BCE57; 5864
1DBD5E9166AA657; 5868
1DBD5E9386428D7; 5868
1DBD5EAA2310257; 5866
1DBD5EAC42A84D7; 5866
1DBD5EC38B1F357; 5868
1DBD5EC5B440C57; 5868
1DBD5EDCF32E457; 5870
1DBD5EDF1C4FD57; 5870
1DBD5EF65B3D557; 5867
1DBD5EF87AD57D7; 5867
1DBD5F0FC34C657; 5868
1DBD5F11EC6DF57; 5868
1DBD5F293E6E457; 5871
1DBD5F2B5E066D7; 5871
1DBD5F42A67D557; 5869
1DBD5F44CF9EE57; 5869
1DBD5F5C219F357; 5874
1DBD5F5E37ADF57; 5874
1DBD5F7488304D7; 5872
1DBD5F76A7C8757; 5872
1DBD5F8DF03F5D7; 5877
1DBD5F90064E1D7; 5877
1DBD5FA656D0757; 5878
1DBD5FA876689D7; 5878
1DBD5FBFBEDF857; 5873
1DBD5FC1CB64DD7; 5873
1DBD5FD825709D7; 5873
1DBD5FDA4E922D7; 5873
1DBD5FF1BD2EB57; 5876
1DBD5FF3DCC6DD7; 5876
1DBD600B253DC57; 5873
1DBD600D4E5F557; 5873
1DBD60248D4CD57; 5877
1DBD6026A35B957; 5877
1DBD603D49B2957; 5882
1DBD603F5637ED7; 5882
1DBD6055B043AD7; 5876
1DBD6057B33F9D7; 5876
1DBD606D6B2B757; 5877
1DBD606F8AC39D7; 5877
1DBD6086D33A857; 5877
1DBD6088FC5C157; 5877
1DBD60A03B49957; 5880
1DBD60A25AE1BD7; 5880
1DBD60B9A358A57; 5887
1DBD60BBA654957; 5887
1DBD60D11B7E957; 5879
1DBD60D2EECB7D7; 5879
1DBD60E7758A557; 5882
1DBD60E98B99157; 5882
1DBD610087C4BD7; 5881
1DBD6102A75CE57; 5881
1DBD6119F95D357; 5877
1DBD611C0F6BF57; 5877
1DBD6132B5C2F57; 5890
1DBD61346C73A57; 5890
1DBD61470CD2C57; 5891
1DBD614935F4557; 5891
1DBD61607E6B3D7; 5882
1DBD616251B8257; 5882
1DBD6175B515BF7; 5877
1DBD6176D876FD7; 5877
1DBD6177B811AF7; 5877
1DBD6178DB72ED7; 5877
1DBD618DA96A861; 5887
1DBD618DB57F73F; 5887
1DBD618DBC48C77; 5887
1DBD618EDFAA057; 5887
1DBD618F732E061; 5887
1DBD618F7F42F3F; 5887
1DBD618F860C477; 5887
1DBD6190A96D857; 5887
1DBD61A357CCF61; 5886
1DBD61A363E1E3F; 5886
1DBD61A36AAB377; 5886
1DBD61A48E0C757; 5886
1DBD61A580EE861; 5886
1DBD61A58D0373F; 5886
1DBD61A593CCC77; 5886
1DBD61A6B72E057; 5886
1DBD61BCBFDC061; 5893
1DBD61BCCBF0F3F; 5893
1DBD61BCD2BA477; 5893
1DBD61BDF61B857; 5893
1DBD61BEAFC5261; 5893
1DBD61BEBBDA13F; 5893
1DBD61BFE604A57; 5893
1DBD61D41B65BE1; 5892
1DBD61D4277AABF; 5892
1DBD61D42E43FF7; 5892
1DBD61D551A53D7; 5892
1DBD61D63AFDE61; 5892
1DBD61D7713D657; 5892
1DBD61ED96530F7; 5888
1DBD61EEB9B44D7; 5888
1DBD61F0CFC30D7; 5888
1DBD620652B8CF7; 5890
1DBD6207761A0D7; 5890
1DBD620995B2357; 5890
1DBD621FBAC7DF7; 5890
1DBD6220DE291D7; 5890
1DBD6223074AAD7; 5890
1DBD623922D6EF7; 5885
1DBD623A46382D7; 5885
1DBD623C52BD857; 5885
1DBD62518968077; 5886
1DBD6252ACC9457; 5886
1DBD6254CC616D7; 5886
1DBD626AF177177; 5888
1DBD626C14D8557; 5888
1DBD626E2D30294; 5888
1DBD62845C463BF; 5884
1DBD62857F30794; 5884
1DBD62878E41087; 5884
1DBD629D0C970E1; 5881
1DBD629E3498087; 5881
1DBD62A05683BD0; 5881
1DBD62B78E75FD4; 5876
1DBD62B795713D0; 5876
1DBD62B99E874CF; 5876
1DBD62CFF8930CF; 5870
1DBD62D1BE091F9; 5870
1DBD62E77F7E5F9; 5873
1DBD62E98C03B79; 5873
1DBD630091B8C79; 5876
1DBD6302BADA579; 5876
1DBD6319F9C7D79; 5878
1DBD631C2C72CF9; 5878
1DBD6332C83C052; 5849
1DBD63347FF1179; 5849
1DBD634015DE6F9; 5850
1DBD63422BED2F9; 5850
1DBD63597DED7F9; 5836
1DBD635B349E2F9; 5836
1DBD636D7F28A79; 5845
1DBD636F48EC279; 5845
1DBD6382D7B66F9; 5833
1DBD63848E671F9; 5833
1DBD6396D8F1979; 5822
1DBD63988618DF9; 5822
1DBD63AAED3F8F9; 5865
1DBD63AD1FEA879; 5863
1DBD63B5E10CFF9; 5897
1DBD63B74B726F9; 5897
1DBD63B97119E41; 5897
1DBD63D0B990CC1; 5907
1DBD63D29074C53; 5907
1DBD63E6C15EF53; 5905
1DBD63E91B04657; 5905
1DBD63FEADAACD4; 5896
1DBD6400637B4D7; 5896
1DBD64009D93ED4; 5896
1DBD64024D327BB; 5896
1DBD641510F8AB8; 5895
1DBD6415113FF54; 5895
1DBD6416C0DE83B; 5895
1DBD64173A1A3B8; 5895
1DBD6418E2E2810; 5895
1DBD642E90910CF; 5892
1DBD642E95EB3D4; 5892
1DBD64303E6C390; 5892
1DBD6430C33C04F; 5892
1DBD643269F344D; 5892
1DBD6447FB23976; 5892
1DBD64480783B54; 5892
1DBD6449A8E0C4D; 5892
1DBD644B12B0A52; 5892
1DBD64625B278D2; 5882
1DBD64644B10AD2; 5882
1DBD64787271752; 5876
1DBD647A756D652; 5876
1DBD648FE10DFD2; 5878
1DBD64920A2F8D2; 5878
1DBD64A952A6752; 5886
1DBD64AB4C18FD2; 5886
1DBD64C028AC7D2; 5879
1DBD64C2221F052; 5879
1DBD64D74AFDC52; 5878
1DBD64D96A95ED2; 5878
1DBD64F0BC963D2; 5875
1DBD64F2EF41352; 5875
1DBD650A2E2EB52; 5875
1DBD650C60D9AD2; 5875
1DBD65239FC72D2; 5864
1DBD65257C9D7D2; 5864
1DBD65390B67C52; 5860
1DBD653B2AFFED2; 5860
1DBD65518E95152; 5864
1DBD6553C1400D2; 5864
1DBD656A8433452; 5863
1DBD656CAD54D52; 5863
1DBD6583FF55252; 5864
1DBD65863B89852; 5864
1DBD659D7A77052; 5859
1DBD659F9A0F2D2; 5859
1DBD65B5F41AED2; 5853
1DBD65B813B3152; 5853
1DBD65CDC215852; 5856
1DBD65CFEB37152; 5856
1DBD65E6E762BD2; 5861
1DBD65E910844D2; 5861
1DBD65FF6106A52; 5859
1DBD66019D3B052; 5859
1DBD6618E5B1ED2; 5857
1DBD661B2B6FB52; 5857
1DBD66327D70052; 5873
1DBD6634210DE52; 5873
1DBD66459040052; 5878
1DBD66479CC55D2; 5878
1DBD665D0865F52; 5892
1DBD665EB58D3D2; 5892
1DBD6670710A9D2; 5904
1DBD66721E31E52; 5904
1DBD668383DA9D2; 5918
1DBD66851DEF152; 5918
1DBD66953F57FD2; 5921
1DBD669768798D2; 5921
1DBD66AE21E35D2; 5922
1DBD66B067A1252; 5922
1DBD66C7B0180D2; 5916
1DBD66C9C626CD2; 5916
1DBD66DF7E12A52; 5912
1DBD66E1A734352; 5912
1DBD66F82765952; 5916
1DBD66FA5336BC7; 5916
1DBD6710F98DBC7; 5923
1DBD6712F62C477; 5923
1DBD67281F0B077; 5919
1DBD672A416343F; 5919
1DBD6740ABF64E1; 5910
1DBD6740B80B3BF; 5910
1DBD6741F685BD4; 5910
1DBD675673BB2D4; 5915
1DBD67588040854; 5915
1DBD676EAA9D3D4; 5927
1DBD67707DEA254; 5927
1DBD6783741DED4; 5938
1DBD67853458054; 5938
1DBD679791F54D4; 5949
1DBD67995BB8CD4; 5949
1DBD67ABA643454; 5957
1DBD67AD962C654; 5957
1DBD67C18454BD4; 5964
1DBD67C37DC7454; 5964
1DBD67D850D15D4; 5963
1DBD67DA8D05BD4; 5963
1DBD67F1D57CA54; 5969
1DBD67F3EB8B654; 5969
1DBD6809A3773D4; 5965
1DBD680BDFAB9D4; 5965
1DBD682286029D4; 5964
1DBD6824B8AD954; 5964
1DBD683C1DC0B54; 5965
1DBD683E59F5154; 5965
1DBD6855A26BFD4; 5967
1DBD6857DEA05D4; 5967
1DBD686F2717454; 5971
1DBD68715038D54; 5971
1DBD688800193D4; 5981
1DBD6889DCEF8D4; 5981
1DBD689DC18E7D4; 5983
1DBD68A010D5AD4; 5983
1DBD68B74FC32D4; 6029
1DBD68BBC82BED4; 6033
1DBD68BD1F7E8D4; 6033
1DBD68CC78A1ED4; 6057
1DBD68D3F3CEB66; 6064
1DBD68D3F584954; 6064
1DBD68D569736D4; 6064
1DBD68E2E40A9E6; 6069
1DBD68E459AF554; 6069
1DBD68E4CC80538; 6069
1DBD68E4D3F3BE6; 6069
1DBD68E64998754; 6069
1DBD68F9F55F138; 6070
1DBD68F9FCD27E6; 6070
1DBD68FB7277354; 6070
1DBD68FC190AC0D; 6070
1DBD68FC2191111; 6070
1DBD68FC280A0B8; 6070
1DBD68FC2F7D766; 6070
1DBD68FDA5222D4; 6070
1DBD69136181A8D; 6074
1DBD69136A07F91; 6074
1DBD69137080F38; 6074
1DBD691377F45E6; 6074
1DBD6914ED99154; 6074
1DBD6915853939A; 6074
1DBD69158AA338D; 6074
1DBD69159329891; 6074
1DBD691599A2838; 6074
1DBD6915A115EE6; 6074
1DBD691716BAA54; 6074
1DBD692C2B9039A; 6076
1DBD692C30FA38D; 6076
1DBD692C3980891; 6076
1DBD692C3FF9838; 6076
1DBD692C476CEE6; 6076
1DBD692DBD11A54; 6076
1DBD692E575BEF3; 6076
1DBD692E5E3B31A; 6076
1DBD692E63A530D; 6076
1DBD692E6C2B811; 6076
1DBD692E72A47B8; 6076
1DBD692E7A17E66; 6076
1DBD692FEFBC9D4; 6076
1DBD69459FD2D73; 6082
1DBD6945A6B219A; 6082
1DBD6945AC1C18D; 6082
1DBD6945B4A2691; 6082
1DBD6945BB1B638; 6082
1DBD6945C28ECE6; 6082
1DBD69473833854; 6082
1DBD6947A52DBFD; 6082
1DBD6947AC582F3; 6082
1DBD6947B33771A; 6082
1DBD6947B8A170D; 6082
1DBD6947C127C11; 6082
1DBD6947C7A0BB8; 6082
1DBD694944B8DD4; 6082
1DBD695D5D1997D; 6086
1DBD695D6444073; 6086
1DBD695D6B2349A; 6086
1DBD695D708D48D; 6086
1DBD695D7913991; 6086
1DBD695D86FFFE6; 6086
1DBD695EFCA4B54; 6086
1DBD695F863B27D; 6086
1DBD695F8D65973; 6086
1DBD695F9444D9A; 6086
1DBD695F99AED8D; 6086
1DBD695FA235291; 6086
1DBD696125C6454; 6086
1DBD69762308BFD; 6089
1DBD69762A332F3; 6089
1DBD6976311271A; 6089
1DBD69764CEF266; 6089
1DBD6977C293DD4; 6089
1DBD69785F3D1FD; 6089
1DBD697866678F3; 6089
1DBD69786D46D1A; 6089
1DBD6979FEC83D4; 6089
1DBD698F9E2A9FD; 6091
1DBD698FA5550F3; 6091
1DBD698FC811066; 6091
1DBD69913DB5BD4; 6091
1DBD6991ED71CFD; 6091
1DBD69938CFCED4; 6091
1DBD69A95FCF1E6; 6093
1DBD69AAD573D54; 6093
1DBD69ACEB82954; 6093
1DBD69C2DAF0FE6; 6103
1DBD69C45095B54; 6103
1DBD69C640378B8; 6103
1DBD69D8FBC44E6; 6118
1DBD69DA7121BB8; 6118
1DBD69DBF3107CF; 6118
1DBD69EB62EAFE6; 6117
1DBD69ECD33584F; 6117
1DBD69EEFEDA8F6; 6117
1DBD6A04DE0CDE6; 6120
1DBD6A064751776; 6120
1DBD6A086004A5B; 6120
1DBD6A1E035A166; 6122
1DBD6A1F65B9B5B; 6122
1DBD6A21918EBFC; 6122
1DBD6A3774F28E6; 6125
1DBD6A38D07C3FC; 6125
1DBD6A50E68B066; 6125
1DBD6A530FAC966; 6125
1DBD6A6A6B364E6; 6139
1DBD6A6C2B70666; 6139
1DBD6A7E75FADE6; 6141
1DBD6A809F1C6E6; 6141
1DBD6A97F11CBE6; 6141
1DBD6A9A1A3E4E6; 6141
1DBD6AB14FA2666; 6145
1DBD6AB36F3A8E6; 6145
1DBD6ACA15918E6; 6144
1DBD6ACC64D8BE6; 6144
1DBD6AE3A3C63E6; 6140
1DBD6AE5A6C22E6; 6140
1DBD6AFC69B5666; 6141
1DBD6AFE9C605E6; 6141
1DBD6B15DB4DDE6; 6139
1DBD6B18046F6E6; 6139
1DBD6B2F4CE6566; 6141
1DBD6B317F914E6; 6141
1DBD6B48D1919E6; 6143
1DBD6B4AFAB32E6; 6143
1DBD6B62432A166; 6145
1DBD6B6475D50E6; 6145
1DBD6B7BB4C28E6; 6148
1DBD6B7DDDE41E6; 6148
1DBD6B95265B066; 6148
1DBD6B975905FE6; 6148
1DBD6BAE97F37E6; 6147
1DBD6BB0C1150E6; 6147
1DBD6BC8098BF66; 6152
1DBD6BCA29241E6; 6152
1DBD6BE079A6766; 6146
1DBD6BE2862BCE6; 6146
1DBD6BF83E17A66; 6160
1DBD6BF9D82C1E6; 6160
1DBD6C0B93A97E6; 6163
1DBD6C0DB341A66; 6163
1DBD6C245998A66; 6163
1DBD6C268C439E6; 6163
1DBD6C3DCB311E6; 6159
1DBD6C3FEAC9466; 6159
1DBD6C569120466; 6162
1DBD6C58BA41D66; 6162
1DBD6C7002B8BE6; 6163
1DBD6C722BDA4E6; 6163
1DBD6C897451366; 6162
1DBD6C8BA6FC2E6; 6162
1DBD6CA2E5E9AE6; 6166
1DBD6CA50581D66; 6166
1DBD6CBBABD8D66; 6168
1DBD6CBDDE83CE6; 6168
1DBD6CD530841E6; 6168
1DBD6CD7501C466; 6168
1DBD6CEEA21C966; 6167
1DBD6CF0CB3E266; 6167
1DBD6D0813B50E6; 6168
1DBD6D0A3CD69E6; 6168
1DBD6D21854D866; 6167
1DBD6D23B7F87E6; 6167
1DBD6D3AF6E5FE6; 6165
1DBD6D3D2990F66; 6165
1DBD6D547207DE6; 6169
1DBD6D567E8D366; 6169
1DBD6D6D41806E6; 6167
1DBD6D6F6AA1FE6; 6167
1DBD6D86B318E66; 6167
1DBD6D88E5C3DE6; 6167
1DBD6DA02E3AC66; 6163
1DBD6DA23AC01E6; 6163
1DBD6DB8EAA0866; 6169
1DBD6DBAF725DE6; 6169
1DBD6DD0B89B1E6; 6169
1DBD6DD2EB46166; 6169
1DBD6DEA2A33966; 6173
1DBD6DEC36B8EE6; 6173
1DBD6E02E699566; 6172
1DBD6E0519444E6; 6172
1DBD6E1C5831CE6; 6174
1DBD6E1D298C214; 6174
1DBD6E1E81535E6; 6174
1DBD6E347B8C714; 6172
1DBD6E35D353AE6; 6172
1DBD6E369F4AC44; 6172
1DBD6E36A4AE014; 6172
1DBD6E37FC753E6; 6172
1DBD6E4DF14B144; 6175
1DBD6E4DF6AE514; 6175
1DBD6E4F4E758E6; 6175
1DBD6E501A6CA44; 6175
1DBD6E501FCFE14; 6175
1DBD6E5177971E6; 6175
1DBD6E673334844; 6178
1DBD6E673897C14; 6178
1DBD6E68905EFE6; 6178
1DBD6E694943444; 6178
1DBD6E694EA6814; 6178
1DBD6E6AA66DBE6; 6178
1DBD6E805881BC4; 6175
1DBD6E805DE4F94; 6175
1DBD6E81B5AC366; 6175
1DBD6E82535D572; 6175
1DBD6E826507144; 6175
1DBD6E826A6A514; 6175
1DBD6E83C2318E6; 6175
1DBD6E995912672; 6174
1DBD6E996ABC244; 6174
1DBD6E99701F614; 6174
1DBD6E9AC7E69E6; 6174
1DBD6E9B8F229C3; 6174
1DBD6E9B9546C72; 6174
1DBD6E9BA6F0844; 6174
1DBD6E9D041AFE6; 6174
1DBD6EB2CE101C3; 6171
1DBD6EB2D434472; 6171
1DBD6EB2EB41414; 6171
1DBD6EB443087E6; 6171
1DBD6EB4D6B7430; 6171
1DBD6EB4DA95743; 6171
1DBD6EB4E0B99F2; 6171
1DBD6EB64F8DD66; 6171
1DBD6ECBDC6C530; 6173
1DBD6ECBE04A843; 6173
1DBD6ECBE66EAF2; 6173
1DBD6ECBFD7BA94; 6173
1DBD6ECD5542E66; 6173
1DBD6ECE0F174B0; 6173
1DBD6ECE12F57C3; 6173
1DBD6ECE1919A72; 6173
1DBD6ECE1F9201B; 6173
1DBD6ECF87EDDE6; 6173
1DBD6EE5578E330; 6170
1DBD6EE55B6C643; 6170
1DBD6EE56808E9B; 6170
1DBD6EE5789D894; 6170
1DBD6EE6D064C66; 6170
1DBD6EE76D9CF30; 6170
1DBD6EE7717B243; 6170
1DBD6EE777E5891; 6170
1DBD6EE77E17A9B; 6170
1DBD6EE8E673866; 6170
1DBD6EFE7352030; 6173
1DBD6EFE7D9A991; 6173
1DBD6EFE83CCB9B; 6173
1DBD6EFE9461594; 6173
1DBD6EFFEC28966; 6173
1DBD6F00A0F3484; 6173
1DBD6F00A6BC291; 6173
1DBD6F00ACEE49B; 6173
1DBD6F020DD6BB8; 6173
1DBD6F17E90DF08; 6168
1DBD6F17E96A304; 6168
1DBD6F17EF33111; 6168
1DBD6F1805F9D14; 6168
1DBD6F19564DA38; 6168
1DBD6F19F593488; 6168
1DBD6F19F5EF884; 6168
1DBD6F19FBB8691; 6168
1DBD6F1B5C5A011; 6168
1DBD6F304F9F088; 6168
1DBD6F304FFB484; 6168
1DBD6F306C8AE94; 6168
1DBD6F31ADDF70D; 6168
1DBD6F31B665C11; 6168
1DBD6F33D19701A; 6168
1DBD6F49DE23614; 6163
1DBD6F4B1A0DE9A; 6163
1DBD6F4D293D673; 6163
1DBD6F6257C7494; 6158
1DBD6F638CD28F3; 6158
1DBD6F65A54047D; 6158
1DBD6F7AC7E1C94; 6155
1DBD6F7BF5C29FD; 6155
1DBD6F93ED2F014; 6230
1DBD6F955794714; 6237
1DBD6F96C1F9E14; 6244
1DBD6F982C5F514; 6252
1DBD6F9996C4C14; 6255
1DBD6F9B012A314; 6259
1DBD6F9C6B8FA14; 6258
1DBD6F9DFC1AB14; 6258
1DBD6FAEBFA3814; 6250
1DBD6FB092F0694; 6250
1DBD6FC421BAB14; 6231
1DBD6FC5790D514; 6231
1DBD6FD41CFDF94; 6221
1DBD6FD5B712714; 6221
1DBD6FE71CBB294; 6214
1DBD6FE90CA4494; 6214
1DBD6FFD8050514; 6213
1DBD6FFFB2FB494; 6213
1DBD7016F1E8C94; 6194
1DBD70186F61094; 6194
1DBD70289A53594; 6192
1DBD702ACCFE514; 6192
1DBD70420BEBD14; 6195
1DBD70442B83F94; 6195
1DBD705B575EA94; 6185
1DBD705D4747C94; 6185
1DBD70716EA8914; 6186
1DBD7073A153894; 6186
1DBD708AE9CA714; 6183
1DBD708D1C75694; 6183
1DBD70A464EC514; 6175
1DBD70A65E5ED94; 6175
1DBD70BB7DB4314; 6170
1DBD70BD9D4C594; 6170
1DBD70D3A183714; 6162
1DBD70D587E3294; 6162
1DBD70EA6476A94; 6160
1DBD70ECA0AB094; 6160
1DBD7103DF98894; 6158
1DBD71061BCCE94; 6158
1DBD711D5ABA694; 6152
1DBD711F70C9294; 6152
1DBD713528B5014; 6151
1DBD71375B5FF94; 6151
1DBD714EC9FC814; 6150
1DBD71510630E14; 6150
1DBD7168451E614; 6151
1DBD716A77C9594; 6151
1DBD7181C040414; 6148
1DBD7183FC74A14; 6148
1DBD719B3B62214; 6153
1DBD719D6483B14; 6153
1DBD71B3B506094; 6147
1DBD71B5CB14C94; 6147
1DBD71CB9613714; 6145
1DBD71CDDBD1394; 6145
1DBD71E52448214; 6146
1DBD71E756F3194; 6146
1DBD71FEA8F3694; 6146
1DBD7200E527C94; 6146
1DBD72182D9EB14; 6144
1DBD721A69D3114; 6144
1DBD7231B249F94; 6145
1DBD7233EE7E594; 6145
1DBD724B36F5414; 6144
1DBD724D7329A14; 6144
1DBD7264C529F14; 6135
1DBD7266C825E14; 6135
1DBD727B3BD1E94; 6129
1DBD727D51E0A94; 6129
1DBD7292D094114; 6130
1DBD72950CC8714; 6130
1DBD72AC553F594; 6139
1DBD72AE583B494; 6139
1DBD72C2CBE7514; 6155
1DBD72C465FBC94; 6155
1DBD72D4DD39594; 6168
1DBD72D680D7394; 6168
1DBD72E6EE8B614; 6179
1DBD72E89BB2A94; 6179
1DBD72FA5730094; 6190
1DBD72FC0DE0B94; 6190
1DBD730E15A9594; 6201
1DBD730FE8F6414; 6201
1DBD73223380B94; 6209
1DBD73241057094; 6209
1DBD73380808C94; 6202
1DBD733A148E214; 6202
1DBD734EDE0ED14; 6198
1DBD73510730614; 6198
1DBD73677DD8594; 6195
1DBD7369CD1F894; 6195
1DBD73811596714; 6197
1DBD73834841694; 6197
1DBD739A9A41B94; 6206
1DBD739C93B4414; 6206
1DBD73B123FC814; 6207
1DBD73B369BA494; 6207
1DBD73CAA8A7C94; 6194
1DBD73CC7691744; 6194
1DBD73DF16F0944; 6198
1DBD73E12E68672; 6198
1DBD73F78874272; 6206
1DBD73F994F97F2; 6206
1DBD740E718CFF2; 6216
1DBD741057ECB72; 6216
1DBD7423E6B6FF2; 6227
1DBD7425BD69243; 6227
1DBD7438543EDC3; 6247
1DBD74399E29E30; 6247
1DBD7446FDDABB0; 6254
1DBD7448EB2BC1B; 6254
1DBD745C2DAAC9B; 6260
1DBD745E4710D11; 6260
1DBD7473A928011; 6270
1DBD747589BED84; 6270
1DBD74891889204; 6323
1DBD748A8292508; 6321
1DBD7493E9CCB1C; 6329
1DBD74956744F1C; 6329
1DBD74A4AD5581C; 6358
1DBD74AA7D10E1C; 6367
1DBD74B0AC2A51C; 6377
1DBD74B6F7DFF9C; 6374
1DBD74B8E7C919C; 6374
1DBD74CC801CC9C; 6380
1DBD74CE8CA221C; 6380
1DBD74E3F842B9C; 6389
1DBD74E5E82BD9C; 6389
1DBD74FA191609C; 6388
1DBD74FC554A69C; 6388
1DBD75139DC151C; 6393
1DBD7515C6E2E1C; 6393
1DBD752C176539C; 6387
1DBD752E4086C9C; 6387
1DBD7543F872A1C; 6397
1DBD7545CBBF89C; 6397
1DBD7559641339C; 6397
1DBD755BA04799C; 6397
1DBD7572E8BE81C; 6400
1DBD7573C2452CE; 6400
1DBD7573C43C474; 6400
1DBD75752E7C49C; 6400
1DBD758B0132ACE; 6403
1DBD758B0329C74; 6403
1DBD758C6D69C9C; 6403
1DBD758D1BBA2EC; 6403
1DBD758D20CAD4E; 6403
1DBD758D22C1EF4; 6403
1DBD758E8D01F1C; 6403
1DBD75A42AF8A6C; 6404
1DBD75A430094CE; 6404
1DBD75A43200674; 6404
1DBD75A59C4069C; 6404
1DBD75A6672D06C; 6404
1DBD75A66C3DACE; 6404
1DBD75A66E34C74; 6404
1DBD75A7D874C9C; 6404
1DBD75BDA61A86C; 6399
1DBD75BDAB2B2CE; 6399
1DBD75BDAD22474; 6399
1DBD75BF176249C; 6399
1DBD75BFCF3C16C; 6399
1DBD75BFD44CBCE; 6399
1DBD75BFD643D74; 6399
1DBD75C14083D9C; 6399
1DBD75D61FBE6EC; 6410
1DBD75D624CF14E; 6410
1DBD75D626C62F4; 6410
1DBD75D7910631C; 6410
1DBD75D7FC94BEC; 6410
1DBD75D801A564E; 6410
1DBD75D8039C7F4; 6410
1DBD75D96DDC81C; 6410
1DBD75EB8B5F06C; 6408
1DBD75EB906FACE; 6408
1DBD75EB9266C74; 6408
1DBD75ECFCA6C9C; 6408
1DBD75EDBE09FEC; 6408
1DBD75EDC511BF4; 6408
1DBD75EF2F51C1C; 6408
1DBD76050680E6C; 6409
1DBD76050B918CE; 6409
1DBD760677C8A9C; 6409
1DBD7608AA73A1C; 6409
1DBD761E86B36CE; 6409
1DBD761FF2EA89C; 6409
1DBD76222F1EE9C; 6409
1DBD763801D54CE; 6416
1DBD76396E0C69C; 6416
1DBD763B710859C; 6416
1DBD764F7071D4E; 6417
1DBD7650DCA8F1C; 6417
1DBD76532266B9C; 6417
1DBD7669082FECE; 6423
1DBD766A746709C; 6423
1DBD766C8A75C9C; 6423
1DBD7680DFB3ECE; 6422
1DBD76824BEB09C; 6422
1DBD7684881F69C; 6422
1DBD769A777204E; 6436
1DBD769BE3A921C; 6436
1DBD769D794F93F; 6436
1DBD76AE823694E; 6430
1DBD76AFE9FFABF; 6430
1DBD76B1DD2CACF; 6430
1DBD76C59AFE74E; 6438
1DBD76C6FC8204F; 6438
1DBD76C8E664CEC; 6438
1DBD76DC081D04E; 6441
1DBD76DD639A3EC; 6441
1DBD76F52D6A3CE; 6436
1DBD76F74378FCE; 6436
1DBD770D9D84BCE; 6451
1DBD770F4AAC04E; 6451
1DBD7720B9DE24E; 6449
1DBD7722D9764CE; 6449
1DBD773A350004E; 6453
1DBD773C5E2194E; 6453
1DBD7752FAEF2CE; 6450
1DBD77552410BCE; 6450
1DBD776C6C87A4E; 6448
1DBD776E95A934E; 6448
1DBD7785DE201CE; 6457
1DBD7787CE093CE; 6457
1DBD779C41B544E; 6456
1DBD779E6AD6D4E; 6456
1DBD77B5B34DBCE; 6456
1DBD77B7E5F8B4E; 6456
1DBD77CF2E6F9CE; 6458
1DBD77D14E07C4E; 6458
1DBD77E8B31AE4E; 6458
1DBD77EADC3C74E; 6458
1DBD780224B35CE; 6459
1DBD78044DD4ECE; 6459
1DBD781B964BD4E; 6462
1DBD781DBF6D64E; 6462
1DBD783507E44CE; 6453
1DBD7836EE4404E; 6453
1DBD784B6B7974E; 6457
1DBD784D8B119CE; 6457
1DBD786427DF34E; 6463
1DBD78662ADB24E; 6463
1DBD787BE2C6FCE; 6456
1DBD787DDC3984E; 6456
1DBD7892F20574E; 6461
1DBD7894F50164E; 6461
1DBD78AB02C1E4E; 6464
1DBD78AD225A0CE; 6464
1DBD78C414FC4CE; 6463
1DBD78C63E1DDCE; 6463
1DBD78DD8694C4E; 6459
1DBD78DF9CA384E; 6459
1DBD78F64C83ECE; 6461
1DBD78F875A57CE; 6461
1DBD790FB492FCE; 6471
1DBD79119AF2B4E; 6471
1DBD7925C2537CE; 6463
1DBD7927A8B334E; 6463
1DBD793C25E8A4E; 6471
1DBD793E15D1C4E; 6471
1DBD7952930734E; 6464
1DBD79546FDD84E; 6464
1DBD79694C7104E; 6474
1DBD796B163484E; 6474
1DBD797EA4FECCE; 6472
1DBD7980C496F4E; 6472
1DBD79980D0DDCE; 6466
1DBD799A199334E; 6466
1DBD79AFC7F5A4E; 6473
1DBD79B1B7DEC4E; 6473
1DBD79C706E324E; 6476
1DBD79C91CF1E4E; 6476
1DBD79E0191D8CE; 6475
1DBD79E2423F1CE; 6475
1DBD79F9812C9CE; 6475
1DBD79FBA0C4C4E; 6475
1DBD7A12E93BACE; 6473
1DBD7A15125D3CE; 6473
1DBD7A2C514ABCE; 6480
1DBD7A2E4ABD44E; 6480
1DBD7A43B65DDCE; 6479
1DBD7A45D5F604E; 6479
1DBD7A5D1E6CECE; 6474
1DBD7A5F347BACE; 6474
1DBD7A7584FE04E; 6480
1DBD7A7787F9F4E; 6480
1DBD7A8D3FE5CCE; 6475
1DBD7A8F42E1BCE; 6475
1DBD7AA550A23CE; 6475
1DBD7AA7703A64E; 6475
1DBD7ABEB8B14CE; 6469
1DBD7AC0CEC00CE; 6469
1DBD7AD67D227CE; 6478
1DBD7AD846E5FCE; 6478
1DBD7AEC946C64E; 6482
1DBD7AEEA0F1BCE; 6482
1DBD7B04FAFD7CE; 6478
1DBD7B071A95A4E; 6478
1DBD7B1DB7633CE; 6477
1DBD7B1FD6FB64E; 6477
1DBD7B371F724CE; 6475
1DBD7B393F0A74E; 6475
1DBD7B5087815CE; 6467
1DBD7B5280F3E4E; 6467
1DBD7B6796BFD4E; 6464
1DBD7B69B657FCE; 6464
1DBD7B80B283A4E; 6482
1DBD7B80B47ABF4; 6482
1DBD7B823474A6C; 6482
1DBD7B92ABB236C; 6480
1DBD7D2A3314C49; 6365
1DBD7D2C5C36549; 6365
1DBD7D43AE36A49; 6369
1DBD7D45CDCECC9; 6369
1DBD7D5C7425CC9; 6362
1DBD7D5E80AB249; 6362
1DBD7D73E2C2549; 6356
1DBD7D75EF47AC9; 6356
1DBD7D8BA733849; 6356
1DBD7D8DE367E49; 6356
1DBD7DA52255649; 6345
1DBD7DA6FF2BB49; 6345
1DBD7DBA977F649; 6338
1DBD7DBC8768849; 6338
1DBD7DD15A729C9; 6340
1DBD7DD38D1D949; 6340
1DBD7DEAD5947C9; 6331
1DBD7DECC57D9C9; 6331
1DBD7E0142B30C9; 6325
1DBD7E0358C1CC9; 6325
1DBD7E18BAD8FC9; 6318
1DBD7E1ABDD4EC9; 6318
1DBD7E2FDD2A449; 6321
1DBD7E31FCC26C9; 6321
1DBD7E490C00E49; 6313
1DBD7E4B18863C9; 6313
1DBD7E5FE206EC9; 6307
1DBD7E61EE8C449; 6307
1DBD7E7763B6449; 6311
1DBD7E79834E6C9; 6311
1DBD7E90332ED49; 6308
1DBD7E9278EC9C9; 6308
1DBD7EA9B7DA1C9; 6308
1DBD7EABEA85149; 6308
1DBD7EC3460ECC9; 6308
1DBD7EC582432C9; 6308
1DBD7EDCD4437C9; 6304
1DBD7EDF06EE749; 6304
1DBD7EF5AD45749; 6296
1DBD7EF7A6B7FC9; 6296
1DBD7F0C834B7C9; 6290
1DBD7F0E8FD0D49; 6290
1DBD7F23FB716C9; 6294
1DBD7F2637A5CC9; 6294
1DBD7F3CD473649; 6296
1DBD7F3F10A7C49; 6296
1DBD7F56591EAC9; 6305
1DBD7F585C1A9C9; 6305
1DBD7F6CCFC6A49; 6319
1DBD7F6E7CEDEC9; 6319
1DBD7F7FE296A49; 6331
1DBD7F819947549; 6331
1DBD7F92F566A49; 6347
1DBD7F945FCC149; 6347
1DBD7FA35007FC9; 6355
1DBD7FA52CDE4C9; 6355
1DBD7FB82C9B7C9; 6370
1DBD7FB9C6AFF49; 6370
1DBD7FCA3DED849; 6416
1DBD7FCBA852F49; 6427
1DBD7FCD12B8649; 6426
1DBD7FCEACCCDC9; 6426
1DBD7FDF240A6C9; 6426
1DBD7FE1603ECC9; 6426
1DBD7FF92E39649; 6471
1DBD7FFDDFDA949; 6498
1DBD7FFF4A40049; 6502
1DBD8000B4A5749; 6501
1DBD80025843549; 6501
1DBD8013C775749; 6529
1DBD801AF80CDC9; 6580
1DBD801C75851C9; 6583
1DBD801ED2C560B; 6586
1DBD801FF5F94C9; 6586
1DBD802AE9C6BC9; 6593
1DBD802CA0776C9; 6593
1DBD803EA8400C9; 6611
1DBD804012A57C9; 6611
1DBD804E5738149; 6666
1DBD804FC19D849; 6657
1DBD8050FA75DBD; 6657
1DBD80521A6E1C9; 6657
1DBD805371C0BC9; 6657
1DBD806AB0AE3C9; 6652
1DBD806CE359349; 6652
1DBD808346EE5C9; 6658
1DBD80856686849; 6658
1DBD809B1E725C9; 6671
1DBD809CF1BF449; 6671
1DBD80AF3C49BC9; 6687
1DBD80B0C34B649; 6687
1DBD80C04C1DCC9; 6697
1DBD80C20C57E49; 6697
1DBD80D41420849; 6709
1DBD80D5D45A9C9; 6709
1DBD80E77A8BE00; 6732
1DBD80E89ADF5C9; 6732
1DBD80F3D16EA49; 6744
1DBD80F51F37DC9; 6744
1DBD81027EE8B49; 6747
1DBD8104A80A449; 6747
1DBD811B0216049; 6756
1DBD811D0511F49; 6756
1DBD81313F858C9; 6761
1DBD813368A71C9; 6761
1DBD814976679C9; 6767
1DBD814B9F892C9; 6767
1DBD81615775049; 6776
1DBD816350E78C9; 6776
1DBD817781D1BC9; 6777
1DBD8179C78F849; 6777
1DBD819110066C9; 6783
1DBD81933927FC9; 6783
1DBD81A8E78A6C9; 6808
1DBD81AA18B76C9; 6808
1DBD81B6A699549; 6816
1DBD81B866D36C9; 6816
1DBD81CA7825749; 6825
1DBD81CAAFC5C8A; 6825
1DBD81CC54FBC49; 6825
1DBD81DDF244D0A; 6820
1DBD81DF977ACC9; 6820
1DBD81E00BD4CF2; 6820
1DBD81E011DCF8A; 6820
1DBD81E1B712F49; 6820
1DBD81F5C3C0A72; 6824
1DBD81F5C9C8D0A; 6824
1DBD81F76EFECC9; 6824
1DBD81F80BFA95F; 6824
1DBD81F81307D72; 6824
1DBD81F8191000A; 6824
1DBD81F9BE45FC9; 6824
1DBD820EA8C82DF; 6838
1DBD820EAFD56F2; 6838
1DBD820EB5DD98A; 6838
1DBD8210458DD7F; 6838
1DBD82104C660DF; 6838
1DBD821053734F2; 6838
1DBD8210597B78A; 6838
1DBD82105B13949; 6838
1DBD8211FEB1749; 6838
1DBD8222606947F; 6851
1DBD822267417DF; 6851
1DBD82226E4EBF2; 6851
1DBD82227456E8A; 6851
1DBD822406C2A8E; 6851
1DBD82240D908FF; 6851
1DBD82241468C5F; 6851
1DBD822418046EA; 6851
1DBD8224198CE49; 6851
1DBD82241B76072; 6851
1DBD8224217E30A; 6851
1DBD8225C1B3485; 6851
1DBD82351696B8E; 6853
1DBD82351D649FF; 6853
1DBD8235243CD5F; 6853
1DBD82352B4A172; 6853
1DBD8235315240A; 6853
1DBD8236D187585; 6853
1DBD82374BCE9FA; 6853
1DBD823752CB18E; 6853
1DBD82375998FFF; 6853
1DBD8237607135F; 6853
1DBD8237677E772; 6853
1DBD82376D86A0A; 6853
1DBD823906F9E80; 6853
1DBD824E944587A; 6850
1DBD824E9B4200E; 6850
1DBD824EA20FE7F; 6850
1DBD824EA8E81DF; 6850
1DBD824EAFF55F2; 6850
1DBD824EB5FD88A; 6850
1DBD82504F70D00; 6850
1DBD8250D324CC9; 6850
1DBD8250DA034FA; 6850
1DBD8250E0FFC8E; 6850
1DBD8250E7CDAFF; 6850
1DBD8250EEA5E5F; 6850
1DBD8250F5B3272; 6850
1DBD82528E72018; 6850
1DBD826812124C9; 6857
1DBD826818F0CFA; 6857
1DBD82681FED48E; 6857
1DBD826826BB2FF; 6857
1DBD82682D9365F; 6857
1DBD82683AA8D0A; 6857
1DBD8269CD5F818; 6857
1DBD826A22F0C21; 6857
1DBD826A28210C9; 6857
1DBD826A2EFF8FA; 6857
1DBD826A35FC08E; 6857
1DBD826A3CC9EFF; 6857
1DBD826BDDC100B; 6857
1DBD827F8507F21; 6852
1DBD827F8A383C9; 6852
1DBD827F9116BFA; 6852
1DBD827F981338E; 6852
1DBD827FB2CEC0A; 6852
1DBD82813FD830B; 6852
1DBD82819E50AE0; 6852
1DBD8281A4A01A1; 6852
1DBD8281A9D0649; 6852
1DBD8281B0AEE7A; 6852
1DBD8281B7AB60E; 6852
1DBD82835892988; 6852
1DBD8297AC112E0; 6864
1DBD8297B2609A1; 6864
1DBD8297B790E49; 6864
1DBD8297BE6F67A; 6864
1DBD8297E02768A; 6864
1DBD82996653188; 6864
1DBD829982D5FE0; 6864
1DBD8299834BF19; 6864
1DBD829988E77E0; 6864
1DBD82998F36EA1; 6864
1DBD82999467349; 6864
1DBD829B3DA4AE7; 6864
1DBD82AC7909C60; 6864
1DBD82AC797FB99; 6864
1DBD82AC7F1B460; 6864
1DBD82AC856AB21; 6864
1DBD82ACB33180A; 6864
1DBD82AE33D8767; 6864
1DBD82AEABB4BE0; 6864
1DBD82AEAC2AB19; 6864
1DBD82AEB1C63E0; 6864
1DBD82AEB815AA1; 6864
1DBD82B05FCCCA8; 6864
1DBD82C5FDB50E0; 6858
1DBD82C5FE2B019; 6858
1DBD82C603C68E0; 6858
1DBD82C637DCC8A; 6858
1DBD82C7B1CD1A8; 6858
1DBD82C813C3CE0; 6858
1DBD82C81439C19; 6858
1DBD82C9C1946BD; 6858
1DBD82DDCC25999; 6862
1DBD82DE05D760A; 6862
1DBD82DF798043D; 6862
1DBD82E1CBBA1FF; 6862
1DBD82F6FB7590A; 6862
1DBD82F86887B7F; 6862
1DBD82FA77DB671; 6862
1DBD83108020D8A; 6866
1DBD8311E677EF1; 6866
1DBD8314093FCF1; 6866
1DBD83294F9968A; 6869
1DBD832AAF96CF1; 6869
1DBD832AB13E78E; 6869
1DBD832CDC8CD7B; 6869
1DBD8342B7A878A; 6865
1DBD834411F0EFB; 6865
1DBD835B9A33D8A; 6867
1DBD835DD66838A; 6867
1DBD8375286888A; 6869
1DBD83775B1380A; 6869
1DBD838EB69D38A; 6872
1DBD8390FC5B00A; 6872
1DBD83A8021010A; 6870
1DBD83AA21A838A; 6870
1DBD83C186BB58A; 6875
1DBD83C3A65380A; 6875
1DBD83DA09E8A8A; 6878
1DBD83DC3C93A0A; 6878
1DBD83F3850A88A; 6878
1DBD83F5C13EE8A; 6878
1DBD840D002C68A; 6879
1DBD840F3C60C8A; 6879
1DBD84267B4E48A; 6884
1DBD84289AE670A; 6884
1DBD843EF4F230A; 6891
1DBD8440F7EE20A; 6891
1DBD8456638EB8A; 6888
1DBD84589639B0A; 6888
1DBD846F88DBF0A; 6887
1DBD8471C51050A; 6887
1DBD84890D8738A; 6889
1DBD848B36A8C8A; 6889
1DBD84A29BBBE8A; 6891
1DBD84A4CE66E0A; 6891
1DBD84BC16DDC8A; 6890
1DBD84BE3FFF58A; 6890
1DBD84D5A51278A; 6893
1DBD84D7CE3408A; 6893
1DBD84EF16AAF0A; 6897
1DBD84F152DF50A; 6897
1DBD8507EFACE8A; 6896
1DBD850A0F4510A; 6896
1DBD8521614560A; 6896
1DBD85238A66F0A; 6896
1DBD853AD2DDD8A; 6899
1DBD853D0588D0A; 6899
1DBD8554447650A; 6905
1DBD855650FBA8A; 6905
1DBD856C08E780A; 6900
1DBD856E156CD8A; 6900
1DBD8584232D58A; 6900
1DBD85864C4EE8A; 6900
1DBD859D94C5D0A; 6902
1DBD859FC770C8A; 6902
1DBD85B7065E48A; 6903
1DBD85B92F7FD8A; 6903
1DBD85D077F6C0A; 6906
1DBD85D2A11850A; 6906
1DBD85E9E98F38A; 6907
1DBD85EC1C3A30A; 6907
1DBD86038AD6B8A; 6906
1DBD8605B3F848A; 6906
1DBD861CFC6F30A; 6907
1DBD861F2590C0A; 6907
1DBD86366E07A8A; 6914
1DBD8638677A30A; 6914
1DBD864DD31AC8A; 6909
1DBD864FDFA020A; 6909
1DBD8665E3D738A; 6908
1DBD86680CF8C8A; 6908
1DBD867F556FB0A; 6909
1DBD8681881AA8A; 6909
1DBD8698C70828A; 6909
1DBD869AF029B8A; 6909
1DBD86B238A0A0A; 6910
1DBD86B461C230A; 6910
1DBD86CBAA3918A; 6918
1DBD86CD9A2238A; 6918
1DBD86E2B97790A; 6912
1DBD86E4BC7380A; 6912
1DBD86FA745F58A; 6911
1DBD86FCA70A50A; 6911
1DBD8713E5F7D0A; 6910
1DBD87160F1960A; 6910
1DBD872D579048A; 6916
1DBD872F6D9F08A; 6916
1DBD8745258AE0A; 6915
1DBD8747452308A; 6915
1DBD875E972358A; 6925
1DBD876073F9A8A; 6925
1DBD8774A4E3D8A; 6925
1DBD8776CE0568A; 6925
1DBD878E167C50A; 6924
1DBD8790492748A; 6924
1DBD87A7919E30A; 6924
1DBD87A9B13658A; 6924
1DBD87C10336A8A; 6929
1DBD87C3194568A; 6929
1DBD87D9735128A; 6920
1DBD87DB502778A; 6920
1DBD87EF8A9B10A; 6918
1DBD87F1ADB4772; 6918
1DBD8808F62B5F2; 6919
1DBD880B183FADF; 6919
1DBD882260B695F; 6915
1DBD882482FFEFF; 6915
1DBD883B1FCD87F; 6911
1DBD883D3897C8E; 6911
1DBD8853DEEEC8E; 6910
1DBD88560113DFA; 6910
1DBD886D498AC7A; 6913
1DBD886F6BCDD49; 6913
1DBD88867182E49; 6897
1DBD88880FF07A1; 6897
1DBD88997599321; 6892
1DBD889B7245B60; 6892
1DBD88B1040BEE0; 6900
1DBD88B2EDE38E0; 6900
1DBD88C7C0EDA60; 6894
1DBD88C7C163999; 6894
1DBD8A53310B1A4; 6949
1DBD8A68A6351A4; 6943
1DBD8A6ABC43DA4; 6943
1DBD8A80742FB24; 6938
1DBD8A829D51424; 6938
1DBD8A98A1885A4; 6938
1DBD8A9ADDBCBA4; 6938
1DBD8AB22633A24; 6932
1DBD8AB445CBCA4; 6932
1DBD8AC9FDB7A24; 6933
1DBD8ACC4CFED24; 6933
1DBD8AE39575BA4; 6926
1DBD8AE5A1FB124; 6926
1DBD8AFB1725124; 6923
1DBD8AFD5CE2DA4; 6923
1DBD8B14590E824; 6923
1DBD8B169ECC4A4; 6923
1DBD8B2DF0CC9A4; 6934
1DBD8B2FCDA2EA4; 6934
1DBD8B438292D24; 6932
1DBD8B45C8509A4; 6932
1DBD8B5D10C7824; 6928
1DBD8B5F4CFBE24; 6928
1DBD8B75F352E24; 6942
1DBD8B77B38CFA4; 6942
1DBD8B89BB559A4; 6943
1DBD8B8C0113624; 6943
1DBD8BA3498A4A4; 6954
1DBD8BA542FCD24; 6954
1DBD8BB8C83DB24; 6945
1DBD8BBAB826D24; 6945
1DBD8BCE9CC5C24; 6941
1DBD8BD0CF70BA4; 6941
1DBD8BE7297C7A4; 6954
1DBD8BE8F33FFA4; 6954
1DBD8BFC820A424; 6979
1DBD8C071679A24; 6975
1DBD8C091975924; 6975
1DBD8C1D96AB024; 6995
1DBD8C1F0A99DA4; 6995
1DBD8C2DA5011A4; 7010
1DBD8C2F05DD224; 7010
1DBD8C3DEC8FA24; 7031
1DBD8C46F9FD5A4; 7034
1DBD8C49100C1A4; 7034
1DBD8C5E38EADA4; 7036
1DBD8C6088320A4; 7036
1DBD8C77D0A8F24; 7034
1DBD8C7A1FF0224; 7034
1DBD8C9171F0724; 7022
1DBD8C9358502A4; 7022
1DBD8CA6A4589A4; 7024
1DBD8CA8EA16624; 7024
1DBD8CC0328D4A4; 7029
1DBD8CC26538424; 7029
1DBD8CD8BF44024; 7028
1DBD8CDB18149A4; 7028
1DBD8CF257021A4; 7013
1DBD8CF40DB2CA4; 7013
1DBD8D05D2B9924; 7010
1DBD8D0818775A4; 7010
1DBD8D1EBECE5A4; 7025
1DBD8D208891DA4; 7025
1DBD8D323A85D24; 7040
1DBD8D33C1877A4; 7040
1DBD8D43A9B7F24; 7054
1DBD8D4543CC6A4; 7054
1DBD8D54C3156A4; 7066
1DBD8D5666B34A4; 7066
1DBD8D66DDF0DA4; 7078
1DBD8D688B18224; 7078
1DBD8D79A4759A4; 7081
1DBD8D7BF3BCCA4; 7081
1DBD8D92908A624; 7084
1DBD8D94DFD1924; 7084
1DBD8DAC28487A4; 7090
1DBD8DAE516A0A4; 7090
1DBD8DC40955E24; 7097
1DBD8DC628EE0A4; 7097
1DBD8DDB3EB9FA4; 7104
1DBD8DDD54C8BA4; 7104
1DBD8DF2741E124; 7111
1DBD8DF493B63A4; 7111
1DBD8E09A9822A4; 7115
1DBD8E0BF8C95A4; 7115
1DBD8E229F205A4; 7123
1DBD8E248F097A4; 7123
1DBD8E397526624; 7143
1DBD8E3AE9153A4; 7143
1DBD8E49837C7A4; 7150
1DBD8E4B73659A4; 7150
1DBD8E5F022FE24; 7153
1DBD8E613E64424; 7153
1DBD8E784419524; 7160
1DBD8E7A5A28124; 7160
1DBD8E8FC5C8AA4; 7167
1DBD8E91D24E024; 7167
1DBD8EA6F1A35A4; 7172
1DBD8EA9113B824; 7172
1DBD8EBF28856A4; 7175
1DBD8EC15B30624; 7175
1DBD8ED8575C0A4; 7179
1DBD8ED93302E1A; 7179
1DBD8EDA93906A4; 7179
1DBD8EEFCFD079A; 7180
1DBD8EF1305E024; 7180
1DBD8EF2050F598; 7180
1DBD8EF20C04D9A; 7180
1DBD8EF36C92624; 7180
1DBD8F09570FA98; 7212
1DBD8F095E0529A; 7212
1DBD8F0A483BF91; 7212
1DBD8F0A4F04398; 7212
1DBD8F0A55F9B9A; 7212
1DBD8F0BB687424; 7212
1DBD8F149060191; 7228
1DBD8F149728598; 7228
1DBD8F149E1DD9A; 7228
1DBD8F155B204E8; 7228
1DBD8F15622F091; 7228
1DBD8F1568F7498; 7228
1DBD8F156FECC9A; 7228
1DBD8F16D07A524; 7228
1DBD8F1DCFF7868; 7236
1DBD8F1DD706411; 7236
1DBD8F1DDDCE818; 7236
1DBD8F1DE4C401A; 7236
1DBD8F1F21CAAA2; 7236
1DBD8F1F274A268; 7236
1DBD8F1F2E58E11; 7236
1DBD8F1F3521218; 7236
1DBD8F1F3C16A1A; 7236
1DBD8F1F45518A4; 7236
1DBD8F209CA42A4; 7236
1DBD8F2DCF44BA2; 7248
1DBD8F2DD4C4368; 7248
1DBD8F2DDBD2F11; 7248
1DBD8F2DE29B318; 7248
1DBD8F2DE990B1A; 7248
1DBD8F2F4A1E3A4; 7248
1DBD8F2F50249DC; 7248
1DBD8F2F5646622; 7248
1DBD8F2F5BC5DE8; 7248
1DBD8F2F62D4991; 7248
1DBD8F2F699CD98; 7248
1DBD8F30D11FE24; 7248
1DBD8F3F7B16EDC; 7254
1DBD8F3F8138B22; 7254
1DBD8F3F86B82E8; 7254
1DBD8F3F8DC6E91; 7254
1DBD8F3F9B84A9A; 7254
1DBD8F40FC12324; 7254
1DBD8F417E12DDC; 7254
1DBD8F418434A22; 7254
1DBD8F4189B41E8; 7254
1DBD8F418F78A6A; 7254
1DBD8F4190C2D91; 7254
1DBD8F4192F643E; 7254
1DBD8F42FF0E224; 7254
1DBD8F5647938DC; 7259
1DBD8F564DB5522; 7259
1DBD8F565334CE8; 7259
1DBD8F5658F956A; 7259
1DBD8F565C76F3E; 7259
1DBD8F56680149A; 7259
1DBD8F57C88ED24; 7259
1DBD8F585DA24DC; 7259
1DBD8F5863C4122; 7259
1DBD8F586F0816A; 7259
1DBD8F587285B3E; 7259
1DBD8F59DE9D924; 7259
1DBD8F6E6B62CDC; 7266
1DBD8F6E7CC896A; 7266
1DBD8F6E804633E; 7266
1DBD8F6E8BD089A; 7266
1DBD8F6FEC5E124; 7266
1DBD8F706E5EBDC; 7266
1DBD8F707FC486A; 7266
1DBD8F70834223E; 7266
1DBD8F71EF5A024; 7266
1DBD8F859F19DEA; 7271
1DBD8F85A2977BE; 7271
1DBD8F85AE21D1A; 7271
1DBD8F870EAF5A4; 7271
1DBD8F87B5289EA; 7271
1DBD8F8924BE1A4; 7271
1DBD8F9DD1F111A; 7269
1DBD8F9F327E9A4; 7269
1DBD8FA16529924; 7269
1DBD8FB74D12F1A; 7276
1DBD8FB8ADA07A4; 7276
1DBD8FBAC3AF3A4; 7276
1DBD8FCEC538E1A; 7287
1DBD8FD025C66A4; 7287
1DBD8FD1F33D9F2; 7287
1DBD8FE3DB04D1A; 7298
1DBD8FE535BCA72; 7298
1DBD8FE6FA1C4C0; 7298
1DBD8FF8452771A; 7292
1DBD8FF99A7B6C0; 7292
1DBD8FFB8DD0E7A; 7292
1DBD900F5DEF51A; 7299
1DBD9010AD263FA; 7299
1DBD901118074AD; 7299
1DBD902676B731A; 7306
1DBD902833C6C92; 7306
1DBD902879B321A; 7306
1DBD903D8F7F11A; 7310
1DBD903F6D09321; 7310
1DBD903FB8A0A1A; 7310
1DBD90565EF7A1A; 7309
1DBD9058410BD52; 7309
1DBD905891A299A; 7309
1DBD906FE3A2E9A; 7312
1DBD9071C8A55A3; 7312
1DBD90721FD749A; 7312
1DBD9089684E31A; 7313
1DBD908B346DCC7; 7313
1DBD908B916FC1A; 7313
1DBD90A2E37011A; 7309
1DBD90A49380F1F; 7309
1DBD90A4A01A3F9; 7309
1DBD90A5030839A; 7309
1DBD90BB567429F; 7317
1DBD90BBC5FB71A; 7317
1DBD90BD4EACEB9; 7317
1DBD90BDBF6DF9A; 7317
1DBD90D2182D9B9; 7315
1DBD90D288EEA9A; 7315
1DBD90D4322A41E; 7315
1DBD90D4A886D1A; 7315
1DBD90EB8DB3F9E; 7322
1DBD90EC041089A; 7322
1DBD90ED948620A; 7322
1DBD90EE1095E1A; 7322
1DBD9102F69D50A; 7325
1DBD910372AD11A; 7325
1DBD91051081382; 7325
1DBD9105924539A; 7325
1DBD911C0CACE02; 7327
1DBD911C8E70E1A; 7327
1DBD911E2F5C3BC; 7327
1DBD911EB79271A; 7327
1DBD913577D323C; 7322
1DBD9136000959A; 7322
1DBD91381FA181A; 7322
1DBD914E7023D9A; 7330
1DBD9150568391A; 7330
1DBD9165298DA9A; 7331
1DBD916752AF39A; 7331
1DBD917E9B2621A; 7334
1DBD9180C447B1A; 7334
1DBD91980CBE99A; 7335
1DBD919A35E029A; 7335
1DBD91B17E5711A; 7338
1DBD91B3A778A1A; 7338
1DBD91CAEFEF89A; 7337
1DBD91CD229A81A; 7337
1DBD91E46B1169A; 7340
1DBD91E67796C1A; 7340
1DBD91FD7D4BD1A; 7342
1DBD91FFAFF6C9A; 7342
1DBD9216EEE449A; 7340
1DBD92190E7C71A; 7340
1DBD9230607CC1A; 7343
1DBD92328014E9A; 7343
1DBD9249C88BD1A; 7344
1DBD924BF1AD61A; 7344
1DBD9263309AE1A; 7340
1DBD9265503309A; 7340
1DBD927BED00A1A; 7348
1DBD927CEE26B3E; 7348
1DBD927CEFA53A9; 7348
1DBD927DD36059A; 7348
1DBD9291C130CBE; 7348
1DBD9291C2AF529; 7348
1DBD9292A66A71A; 7348
1DBD9293DA24EAC; 7348
1DBD9293E2477A9; 7348
1DBD9294C60299A; 7348
1DBD92AB229BD2C; 7343
1DBD92AC0E7981A; 7343
1DBD92AD4EE7F12; 7343
1DBD92AD5546CAC; 7343
1DBD92AE412479A; 7343
1DBD92C3B27D192; 7350
1DBD92C4A4B9A1A; 7350
1DBD92C58B7D0C0; 7350
1DBD92C58F53692; 7350
1DBD92C6818FF1A; 7350
1DBD92DAC76E9C0; 7348
1DBD92DBBD8181A; 7348
1DBD92DCD5B2E6A; 7348
1DBD92DCD73474A; 7348
1DBD92DCDD7D5C0; 7348
1DBD92DDD39041A; 7348
1DBD92F4444F6EA; 7349
1DBD92F445D0FCA; 7349
1DBD92F5422CC9A; 7349
1DBD92F6615A8E0; 7349
1DBD92F663E796A; 7349
1DBD92F6656924A; 7349
1DBD92F761C4F1A; 7349
1DBD930DA9D1760; 7354
1DBD930DAC5E7EA; 7354
1DBD930EAA3BD9A; 7354
1DBD930FBBD01B5; 7354
1DBD930FBFE0360; 7354
1DBD9310C04A99A; 7354
1DBD93260C52735; 7354
1DBD932610628E0; 7354
1DBD932710CCF1A; 7354
1DBD93282836955; 7354
1DBD93282BEA9B5; 7354
1DBD9329306519A; 7354
1DBD933F70AD7D5; 7355
1DBD933F7461835; 7355
1DBD934078DC01A; 7355
1DBD93418B3000A; 7355
1DBD93419045A55; 7355
1DBD9342987429A; 7355
1DBD9358D3A6E8A; 7354
1DBD9358D8BC8D5; 7354
1DBD9359E0EB11A; 7354
1DBD935AED9311C; 7354
1DBD935AF33F10A; 7354
1DBD935C008339A; 7354
1DBD93723609F9C; 7349
1DBD93723BB5F8A; 7349
1DBD937348FA21A; 7349
1DBD93744580357; 7349
1DBD93744C18B9C; 7349
1DBD93755F08E1A; 7349
1DBD938A96028D7; 7355
1DBD938A9C9B11C; 7355
1DBD938BAF8B39A; 7355
1DBD938C92A0C40; 7355
1DBD938C98FE7D7; 7355
1DBD938DB28729A; 7355
1DBD93A24A8C9C0; 7355
1DBD93A250EA557; 7355
1DBD93A36A7301A; 7355
1DBD93A4639F7D7; 7355
1DBD93A46A24C40; 7355
1DBD93A58A0B29A; 7355
1DBD93BBAC16657; 7353
1DBD93BBB29BAC0; 7353
1DBD93BCD28211A; 7353
1DBD93BDC5E323F; 7353
1DBD93BDC64A38F; 7353
1DBD93BDCBAE8D7; 7353
1DBD93BDD233D40; 7353
1DBD93BEF21A39A; 7353
1DBD93D50E5A0BF; 7365
1DBD93D50EC120F; 7365
1DBD93D51425757; 7365
1DBD93D51AAABC0; 7365
1DBD93D63A9121A; 7365
1DBD93D6C986856; 7365
1DBD93D6CE9423F; 7365
1DBD93D6CEFB38F; 7365
1DBD93D6D45F8D7; 7365
1DBD93D6DAE4D40; 7365
1DBD93D7FACB39A; 7365
1DBD93EA0C058D6; 7367
1DBD93EA11132BF; 7367
1DBD93EA117A40F; 7367
1DBD93EA16DE957; 7367
1DBD93EA1D63DC0; 7367
1DBD93EB3D4A41A; 7367
1DBD93EC2C934EA; 7367
1DBD93EC3006C9C; 7367
1DBD93EC35271D6; 7367
1DBD93EC3A34BBF; 7367
1DBD93EC3A9BD0F; 7367
1DBD93EC4000257; 7367
1DBD93EC46856C0; 7367
1DBD93ED666BD1A; 7367
1DBD94036B80CEA; 7374
1DBD94036EF449C; 7374
1DBD940374149D6; 7374
1DBD940379223BF; 7374
1DBD9403798950F; 7374
1DBD94037EEDA57; 7374
1DBD94038572EC0; 7374
1DBD9404A55951A; 7374
1DBD94056E7CBEA; 7374
1DBD940571F039C; 7374
1DBD940577108D6; 7374
1DBD94057C1E2BF; 7374
1DBD94057C8540F; 7374
1DBD940581E9957; 7374
1DBD9405886EDC0; 7374
1DBD9406A85541A; 7374
1DBD941ADA1D56A; 7372
1DBD941ADD90D1C; 7372
1DBD941AE2B1256; 7372
1DBD941AE7BEC3F; 7372
1DBD941AE825D8F; 7372
1DBD941AED8A2D7; 7372
1DBD941AF40F740; 7372
1DBD941C13F5D9A; 7372
1DBD941CF02C16A; 7372
1DBD941CF39F91C; 7372
1DBD941CF8BFE56; 7372
1DBD941CFDCD83F; 7372
1DBD941CFE3498F; 7372
1DBD941D0398ED7; 7372
1DBD941E2A0499A; 7372
1DBD9434422C66A; 7370
1DBD9434459FE1C; 7370
1DBD94344AC0356; 7370
1DBD94344FCDD3F; 7370
1DBD94345034E8F; 7370
1DBD943455993D7; 7370
1DBD94345C1E840; 7370
1DBD94357C04E9A; 7370
1DBD943661C48EA; 7370
1DBD9436653809C; 7370
1DBD94366A585D6; 7370
1DBD94366F65FBF; 7370
1DBD94366FCD10F; 7370
1DBD94379B9D11A; 7370
1DBD944DAA3B76A; 7371
1DBD944DADAEF1C; 7371
1DBD944DB2CF456; 7371
1DBD944DB7DCE3F; 7371
1DBD944DB843F8F; 7371
1DBD944DC42D940; 7371
1DBD944EE413F9A; 7371
1DBD944FD35D06A; 7371
1DBD944FD6D081C; 7371
1DBD944FDBF0D56; 7371
1DBD944FE16588F; 7371
1DBD94510D3589A; 7371
1DBD9467124A86A; 7364
1DBD946715BE01C; 7364
1DBD94671ADE556; 7364
1DBD94672C3CA40; 7364
1DBD94684C2309A; 7364
1DBD94690BBD0EA; 7364
1DBD94690F3089C; 7364
1DBD94691450DD6; 7364
1DBD946A459591A; 7364
1DBD947E775DA6A; 7360
1DBD947E7AD121C; 7360
1DBD947E914FC40; 7360
1DBD947FB13629A; 7360
1DBD94808D6C66A; 7360
1DBD948090DFE1C; 7360
1DBD9481C744E9A; 7360
1DBD94973D4CCEA; 7367
1DBD9497573EEC0; 7367
1DBD9498772551A; 7367
1DBD949A7097D9A; 7367
1DBD94AEBC520C0; 7379
1DBD94AFDC3871A; 7379
1DBD94B192E921A; 7379
1DBD94C31361DC0; 7376
1DBD94C4334841A; 7376
1DBD94C64261818; 7376
1DBD94DC1F16FD7; 7371
1DBD94DD3E8D298; 7371
1DBD94DDE901D13; 7371
1DBD94DF4DD3A91; 7371
1DBD94F43984293; 7368
1DBD94F47FDCABF; 7368
1DBD94F59E56011; 7368
1DBD94F6591C513; 7368
1DBD94F7B6DF6E8; 7368
1DBD950DA193393; 7354
1DBD950DDDBDC9C; 7354
1DBD950EFF56568; 7354
1DBD950F5843E93; 7354
1DBD9510B0878A2; 7354
1DBD9521A2CE613; 7347
1DBD9521DB8576A; 7347
1DBD9522FB12022; 7347
1DBD9523892E193; 7347
1DBD9524DB4FF5C; 7347
1DBD95380663893; 7350
1DBD9539588565C; 7350
1DBD953A1C72493; 7350
1DBD953B83778BE; 7350
1DBD9551189DF13; 7358
1DBD955159E8D56; 7358
1DBD95527C2596A; 7358
1DBD95527FA333E; 7358
1DBD95530887113; 7358
1DBD95543BBC1AD; 7358
1DBD9567D207C13; 7344
1DBD9569053CCAD; 7344
1DBD95696C1C393; 7344
1DBD956A9F5142D; 7344
1DBD957ADB4E593; 7329
1DBD957C0E8362D; 7329
1DBD957C4F3D313; 7329
1DBD957D82723AD; 7329
1DBD958BD80F993; 7321
1DBD958D0B44A2D; 7321
1DBD958ECB7EBAD; 7321
1DBD95A0AB19B13; 7307
1DBD95A1DE4EBAD; 7307
1DBD95A3655062D; 7307
1DBD95B2FF2D913; 7302
1DBD95B432629AD; 7302
1DBD95B62BD522D; 7302
1DBD95CA6440B13; 7289
1DBD95CB9775BAD; 7289
1DBD95CD57AFD2D; 7289
1DBD95DE6F05413; 7287
1DBD95DFA23A4AD; 7287
1DBD95E1CB5BDAD; 7287
1DBD95F7EA27213; 7278
1DBD95F91D5C2AD; 7278
1DBD95FB03BBE2D; 7278
1DBD960E4DBC493; 7275
1DBD960F80F152D; 7275
1DBD9611A381192; 7275
1DBD96276980193; 7265
1DBD96289623592; 7265
1DBD962A63C52A1; 7265
1DBD963D216BF13; 7252
1DBD963E48641A1; 7252
1DBD963FE702A52; 7252
1DBD96508087313; 7253
1DBD9651A280052; 7253
1DBD9653C5066A3; 7253
1DBD966B0D7D523; 7244
1DBD966D011FD47; 7244
1DBD968174CBDC7; 7237
1DBD968368525F9; 7237
1DBD96987B0E69F; 7233
1DBD969887A7B79; 7233
1DBD969AA2F6339; 7233
1DBD96B1494D339; 7223
1DBD96B3339AD1E; 7223
1DBD96C70EB059E; 7216
1DBD96C8EF5CE0A; 7216
1DBD96DDCBF060A; 7208
1DBD96DFB625402; 7208
1DBD96F4335AB02; 7205
1DBD96F65F9373C; 7205
1DBD970D5235B3C; 7199
1DBD970F0B4103E; 7199
1DBD9724C32CDBE; 7197
1DBD9725F7CAF55; 7197
1DBD9725F7D1515; 7197
1DBD972708EAA3E; 7197
1DBD973D4048395; 7193
1DBD973E51618BE; 7193
1DBD973F5955161; 7193
1DBD974070F9B3E; 7193
1DBD975609357E1; 7187
1DBD975720DA1BE; 7187
1DBD97581955AD1; 7187
1DBD975936E8DBE; 7187
1DBD976DD141851; 7193
1DBD976EEED4B3E; 7193
1DBD976FE014689; 7193
1DBD977104E373E; 7193
1DBD97859800409; 7189
1DBD9786BCCF4BE; 7189
1DBD9787DDBE089; 7189
1DBD9789028D13E; 7189
1DBD979E7A8BA09; 7180
1DBD979F9F5AABE; 7180
1DBD97A060EB589; 7180
1DBD97A185BA63E; 7180
1DBD97B4F133989; 7180
1DBD97B61602A3E; 7180
1DBD97B72D67F89; 7180
1DBD97B8523703E; 7180
1DBD97CE75DEE09; 7199
1DBD97CF9AADEBE; 7199
1DBD97CFFCE0889; 7199
1DBD97D121AF93E; 7199
1DBD97E027D2D89; 7215
1DBD97E14CA1E3E; 7215
1DBD97E2B70753E; 7215
1DBD97EFD6CAE09; 7215
1DBD97F0FB99EBE; 7215
1DBD97F337CE4BE; 7215
1DBD98095B76289; 7213
1DBD980A804533E; 7213
1DBD980CBC7993E; 7213
1DBD9822E021709; 7212
1DBD982404F07BE; 7212
1DBD982538F2089; 7212
1DBD98265DC113E; 7212
1DBD983C77DF889; 7206
1DBD983D9CAE93E; 7206
1DBD983FA933EBE; 7206
1DBD98544F63889; 7206
1DBD9855743293E; 7206
1DBD985575B11A9; 7206
1DBD9857A9C2EAC; 7206
1DBD986DD40ED09; 7211
1DBD986EF239D2C; 7211
1DBD987114FC892; 7211
1DBD98876F08492; 7235
1DBD9888C2848C0; 7235
1DBD98962235640; 7238
1DBD989831FB3CA; 7238
1DBD98AE47C396A; 7260
1DBD98AE494524A; 7260
1DBD98AFAF9BFE0; 7260
1DBD98BDF42E960; 7274
1DBD98BF50FA835; 7274
1DBD98CD9F16835; 7290
1DBD98CEDFA24D5; 7290
1DBD98DBF307E55; 7299
1DBD98DD9B1988A; 7299
1DBD98EF0A4BA8A; 7292
1DBD98F1079B99C; 7292
1DBD99057B47A1C; 7295
1DBD9907A75A157; 7295
1DBD991EA385BD7; 7290
1DBD9920CFD2FC0; 7290
1DBD99373368240; 7289
1DBD993969173D7; 7289
1DBD9950CE2A5D7; 7298
1DBD9952CB5AE3F; 7298
1DBD99673F06EBF; 7304
1DBD99673F6E00F; 7304
1DBD9969467EA56; 7304
1DBD997EB21F3D6; 7290
1DBD998063AF99C; 7290
1DBD9992123016A; 7293
1DBD999215A391C; 7293
1DBD99940C23F93; 7293
1DBD99AAB27AF93; 7301
1DBD99ACD213213; 7301
1DBD99C1AEA6A13; 7319
1DBD99C3190C113; 7319
1DBD99D2BE7AB13; 7334
1DBD99D41F56B93; 7334
1DBD99E2CCD0C93; 7339
1DBD99E4D956213; 7339
1DBD99F9F8AB793; 7353
1DBD99FBB8E5913; 7353
1DBD9A0D7462F13; 7366
1DBD9A0F04EE013; 7366
1DBD9A1FDB89A13; 7362
1DBD9A2217BE013; 7362
1DBD9A38257E813; 7370
1DBD9A3A0254D13; 7370
1DBD9A4EF1FB213; 7380
1DBD9A50EB6DA93; 7380
1DBD9A6470AE893; 7388
1DBD9A65DCCDED5; 7388
1DBD9A7A1741855; 7445
1DBD9A7BB155FD5; 7458
1DBD9A7D5E7D455; 7456
1DBD9A840990FD5; 7472
1DBD9A866261955; 7472
1DBD9A87B02ACD5; 7472
1DBD9A9EF8A1B55; 7521
1DBD9AA223413D5; 7535
1DBD9AA3BD55B55; 7536
1DBD9AA531448D5; 7536
1DBD9AB6247C655; 7589
1DBD9AB7986B3D5; 7583
1DBD9AB902D0AD5; 7588
1DBD9ABB652AAD5; 7588
1DBD9ABCB2F3E55; 7588
1DBD9AD3FB6ACD5; 7593
1DBD9AD611798D5; 7593
1DBD9AEC750EB55; 7588
1DBD9AEE9E30455; 7588
1DBD9B04EEB29D5; 7591
1DBD9B07215D955; 7591
1DBD9B1E69D47D5; 7602
1DBD9B205034355; 7602
1DBD9B33D575155; 7603
1DBD9B3608200D5; 7603
1DBD9B4D5096F55; 7614
1DBD9B4DBF4226C; 7614
1DBD9B4F2D6D455; 7614
1DBD9B614E0C6EC; 7614
1DBD9B62BC378D5; 7614
1DBD9B6379B9D17; 7614
1DBD9B6380B766C; 7614
1DBD9B64EEE2855; 7614
1DBD9B7AC230B97; 7617
1DBD9B7AC92E4EC; 7617
1DBD9B7C37596D5; 7617
1DBD9B7CE8E050B; 7617
1DBD9B7CEDF1A14; 7617
1DBD9B7CF4DBB17; 7617
1DBD9B7CFBD946C; 7617
1DBD9B7E6A04655; 7617
1DBD9B94315738B; 7627
1DBD9B943668894; 7627
1DBD9B943D52997; 7627
1DBD9B9444502EC; 7627
1DBD9B95B27B4D5; 7627
1DBD9B9610E2939; 7627
1DBD9B9617B6F0B; 7627
1DBD9B961CC8414; 7627
1DBD9B9623B2517; 7627
1DBD9B962AAFE6C; 7627
1DBD9B9798DB055; 7627
1DBD9BAA41CCC39; 7650
1DBD9BAA48A120B; 7650
1DBD9BAA4DB2714; 7650
1DBD9BAA549C817; 7650
1DBD9BAA5B9A16C; 7650
1DBD9BAB624D005; 7650
1DBD9BAB69705B9; 7650
1DBD9BAB7044B8B; 7650
1DBD9BAB7556094; 7650
1DBD9BAB7C40197; 7650
1DBD9BAB833DAEC; 7650
1DBD9BABC9C5355; 7650
1DBD9BACF168CD5; 7650
1DBD9BB832F0C05; 7662
1DBD9BB83A141B9; 7662
1DBD9BB840E878B; 7662
1DBD9BB845F9C94; 7662
1DBD9BB84CE3D97; 7662
1DBD9BB853E16EC; 7662
1DBD9BB99D56305; 7662
1DBD9BB9A4798B9; 7662
1DBD9BB9AB4DE8B; 7662
1DBD9BB9B05F394; 7662
1DBD9BB9B749497; 7662
1DBD9BB9C20C8D5; 7662
1DBD9BBB2C71FD5; 7662
1DBD9BC88408B05; 7671
1DBD9BC88B2C0B9; 7671
1DBD9BC8920068B; 7671
1DBD9BC89711B94; 7671
1DBD9BC8A4F95EC; 7671
1DBD9BCA13247D5; 7671
1DBD9BCA3AB9605; 7671
1DBD9BCA41DCBB9; 7671
1DBD9BCA48B118B; 7671
1DBD9BCA4DC2694; 7671
1DBD9BCBC9D52D5; 7671
1DBD9BDC8ECD405; 7667
1DBD9BDC95F09B9; 7667
1DBD9BDCAFBDEEC; 7667
1DBD9BDE1DE90D5; 7667
1DBD9BDEC178385; 7667
1DBD9BDEC89B939; 7667
1DBD9BE05094055; 7667
1DBD9BF511FA905; 7677
1DBD9BF532EB3EC; 7677
1DBD9BF6A1165D5; 7677
1DBD9BF86150755; 7677
1DBD9C0AEAD716C; 7671
1DBD9C0C5902355; 7671
1DBD9C0E65878D5; 7671
1DBD9C2259739EC; 7685
1DBD9C23C79EBD5; 7685
1DBD9C256B3C9D5; 7685
1DBD9C35C21846C; 7689
1DBD9C373043655; 7689
1DBD9C373049C15; 7689
1DBD9C393643CE1; 7689
1DBD9C4DE5E786C; 7696
1DBD9C4F4D8DB61; 7696
1DBD9C512DFEDD1; 7696
1DBD9C64F525FEC; 7696
1DBD9C6656DD9D1; 7696
1DBD9C68824CB89; 7696
1DBD9C7E66BE76C; 7696
1DBD9C7FC13A389; 7696
1DBD9C97D856EEC; 7695
1DBD9C9A0B01E6C; 7695
1DBD9CB149EF66C; 7703
1DBD9CB2D252956; 7703
1DBD9CB339D886C; 7703
1DBD9CC8592DDEC; 7710
1DBD9CC9DB3D21C; 7710
1DBD9CCA4916FEC; 7710
1DBD9CDF686C56C; 7704
1DBD9CE101BD806; 7704
1DBD9CE174F1AEC; 7704
1DBD9CF723541EC; 7709
1DBD9CF8A373095; 7709
1DBD9CF8AD46112; 7709
1DBD9CF926500EC; 7709
1DBD9D0EC446595; 7714
1DBD9D0F47235EC; 7714
1DBD9D10D437A61; 7714
1DBD9D1153A8B6C; 7714
1DBD9D26D86EBE1; 7709
1DBD9D2757DFCEC; 7709
1DBD9D29646526C; 7709
1DBD9D3F689C3EC; 7710
1DBD9D4191BDCEC; 7710
1DBD9D58DA34B6C; 7719
1DBD9D5AC0946EC; 7719
1DBD9D6F5A6616C; 7720
1DBD9D7179FE3EC; 7720
1DBD9D88C27526C; 7716
1DBD9D8A4A1B12A; 7716
1DBD9D8A4D01921; 7716
1DBD9D8AE20D4EC; 7716
1DBD9DA0E6E8AAA; 7719
1DBD9DA0E9CF2A1; 7719
1DBD9DA17EDAE6C; 7719
1DBD9DA30680D2A; 7719
1DBD9DA39E730EC; 7719
1DBD9DBA4ADE3BF; 7718
1DBD9DBAE6E9F6C; 7718
1DBD9DBC73FFCBF; 7718
1DBD9DBD100B86C; 7718
1DBD9DD3ACADD85; 7718
1DBD9DD44EF906C; 7718
1DBD9DD5D5CF685; 7718
1DBD9DD6781A96C; 7718
1DBD9DED0E3E74C; 7721
1DBD9DEDB70816C; 7721
1DBD9DEF2DD69CC; 7721
1DBD9DEFD6A03EC; 7721
1DBD9E071F1726C; 7729
1DBD9E091889AEC; 7729
1DBD9E1E2E559EC; 7722
1DBD9E201E3EBEC; 7722
1DBD9E353D9416C; 7722
1DBD9E375D2C3EC; 7722
1DBD9E4EA5A326C; 7723
1DBD9E50CEC4B6C; 7723
1DBD9E680DB236C; 7726
1DBD9E6A2D4A5EC; 7726
1DBD9E8175C146C; 7733
1DBD9E836F33CEC; 7733
1DBD9E98DAD466C; 7729
1DBD9E9AF0E326C; 7729
1DBD9EB1973A26C; 7729
1DBD9EB3C05BB6C; 7729
1DBD9ECAFF4936C; 7730
1DBD9ECD1EE15EC; 7730
1DBD9EE4675846C; 7732
1DBD9EE69079D6C; 7732
1DBD9EFDCF6756C; 7735
1DBD9EFFEEFF7EC; 7735
1DBD9F17377666C; 7737
1DBD9F19570E8EC; 7737
1DBD9F309F8576C; 7737
1DBD9F32BF1D9EC; 7737
1DBD9F4A079486C; 7737
1DBD9F4C30B616C; 7737
1DBD9F636FA396C; 7731
1DBD9F65729F86C; 7731
1DBD9F7B2A8B5EC; 7737
1DBD9F7D2D874EC; 7737
1DBD9F92EEFC8EC; 7734
1DBD9F95050B4EC; 7734
1DBD9FAC0AC05EC; 7741
1DBD9FADFAA97EC; 7741
1DBD9FC24FF36CD; 7736
1DBD9FC3664A16C; 7736
1DBD9FC572CF6EC; 7736
1DBD9FDA664996B; 7735
1DBD9FDB808FEEC; 7735
1DBD9FDD969EAEC; 7735
1DBD9FF3C9E6119; 7743
1DBD9FF4E89EFEC; 7743
1DBD9FF5B045C99; 7743
1DBD9FF6CEFEB6C; 7743
1DBDA00AC9DF11F; 7742
1DBDA00ACF9B219; 7742
1DBDA00BEE540EC; 7742
1DBDA00CF300A1F; 7742
1DBDA00CF8BCB19; 7742
1DBDA00E17759EC; 7742
1DBDA0242BC143A; 7745
1DBDA02431EE21F; 7745
1DBDA02437AA319; 7745
1DBDA02556631EC; 7745
1DBDA0264B596BA; 7745
1DBDA026518649F; 7745
1DBDA0265742599; 7745
1DBDA02775FB46C; 7745
1DBDA03D8E36A94; 7741
1DBDA03D93D053A; 7741
1DBDA03D99FD31F; 7741
1DBDA03D9FB9419; 7741
1DBDA03EBE722EC; 7741
1DBDA03FA445694; 7741
1DBDA03FA9DF13A; 7741
1DBDA03FB00BF1F; 7741
1DBDA03FB5C8019; 7741
1DBDA040D480EEC; 7741
1DBDA0564D5D09E; 7745
1DBDA0565425D14; 7745
1DBDA05659BF7BA; 7745
1DBDA0565FEC59F; 7745
1DBDA05665A8699; 7745
1DBDA057846156C; 7745
1DBDA058636BC9E; 7745
1DBDA0586A34914; 7745
1DBDA0586FCE3BA; 7745
1DBDA05875FB19F; 7745
1DBDA0587BB7299; 7745
1DBDA0599A7016C; 7745
1DBDA06F0290819; 7737
1DBDA06F09C2C9E; 7737
1DBDA06F108B914; 7737
1DBDA06F16253BA; 7737
1DBDA06F1C5219F; 7737
1DBDA06F220E299; 7737
1DBDA07040C716C; 7737
1DBDA070DF66D19; 7737
1DBDA070E69919E; 7737
1DBDA070ED61E14; 7737
1DBDA070F2FB8BA; 7737
1DBDA070F92869F; 7737
1DBDA0721D9D66C; 7737
1DBDA085ABAE52D; 7735
1DBDA085B270E99; 7735
1DBDA085B9A331E; 7735
1DBDA085C06BF94; 7735
1DBDA085C605A3A; 7735
1DBDA085D1EE919; 7735
1DBDA086F0A77EC; 7735
1DBDA087D4CFE2D; 7735
1DBDA087DB92799; 7735
1DBDA087E2C4C1E; 7735
1DBDA087E98D894; 7735
1DBDA087EF2733A; 7735
1DBDA08919C90EC; 7735
1DBDA09F0E25945; 7744
1DBDA09F13BD62D; 7744
1DBDA09F1A7FF99; 7744
1DBDA09F21B241E; 7744
1DBDA09F287B094; 7744
1DBDA09F39FDA19; 7744
1DBDA0A058B68EC; 7744
1DBDA0A0EAFBE45; 7744
1DBDA0A0F093B2D; 7744
1DBDA0A0F756499; 7744
1DBDA0A0FE8891E; 7744
1DBDA0A10551594; 7744
1DBDA0A2358CDEC; 7744
1DBDA0B56323F8D; 7745
1DBDA0B56831545; 7745
1DBDA0B56DC922D; 7745
1DBDA0B5748BB99; 7745
1DBDA0B57BBE01E; 7745
1DBDA0B59409619; 7745
1DBDA0B6B2C24EC; 7745
1DBDA0B782BC20D; 7745
1DBDA0B787C97C5; 7745
1DBDA0B78D614AD; 7745
1DBDA0B79423E19; 7745
1DBDA0B79B5629E; 7745
1DBDA0B8D25A76C; 7745
1DBDA0CECB3308D; 7745
1DBDA0CED040645; 7745
1DBDA0CED0BB6AC; 7745
1DBDA0CED49D886; 7745
1DBDA0CED5D832D; 7745
1DBDA0CEDC9AC99; 7745
1DBDA0CEFC18719; 7745
1DBDA0D01AD15EC; 7745
1DBDA0D0EACB30D; 7745
1DBDA0D0EFD88C5; 7745
1DBDA0D0F05392C; 7745
1DBDA0D0F435B06; 7745
1DBDA0D0F5705AD; 7745
1DBDA0D0FC32F19; 7745
1DBDA0D23A6986C; 7745
1DBDA0E8334218D; 7742
1DBDA0E8384F745; 7742
1DBDA0E838CA7AC; 7742
1DBDA0E83BAADB0; 7742
1DBDA0E83CAC986; 7742
1DBDA0E83DE742D; 7742
1DBDA0E86427819; 7742
1DBDA0E982E06EC; 7742
1DBDA0EA5C63A8D; 7742
1DBDA0EA6171045; 7742
1DBDA0EA61EC0AC; 7742
1DBDA0EA64CC6B0; 7742
1DBDA0EA65CE286; 7742
1DBDA0EA6708D2D; 7742
1DBDA0EBAC01FEC; 7742
1DBDA101A4DA90D; 7736
1DBDA101A9E7EC5; 7736
1DBDA101AA62F2C; 7736
1DBDA101AD43530; 7736
1DBDA101AE45106; 7736
1DBDA101D5BFF99; 7736
1DBDA102F478E6C; 7736
1DBDA1039E4D18D; 7736
1DBDA103A3D57AC; 7736
1DBDA103A6B5DB0; 7736
1DBDA103A7B7986; 7736
1DBDA104EDEB6EC; 7736
1DBDA119654ABAC; 7738
1DBDA119682B1B0; 7738
1DBDA119692CD86; 7738
1DBDA11990A7C19; 7738
1DBDA11AAF60AEC; 7738
1DBDA11B84E2E2C; 7738
1DBDA11B87C3430; 7738
1DBDA11B88C5006; 7738
1DBDA11CCEF8D6C; 7738
1DBDA132D9C3930; 7737
1DBDA1330240399; 7737
1DBDA13420F926C; 7737
1DBDA134F95BBB0; 7737
1DBDA13640914EC; 7737
1DBDA14C6A4F499; 7741
1DBDA14D890836C; 7741
1DBDA14F9819617; 7741
1DBDA165245583A; 7736
1DBDA16647F9C97; 7736
1DBDA168571E794; 7736
1DBDA17D880D91E; 7729
1DBDA17EAC18E8B; 7729
1DBDA17EB12A394; 7729
1DBDA180952DAB9; 7729
1DBDA1949019C19; 7730
1DBDA195B483039; 7730
1DBDA197CCF7D05; 7730
1DBDA1ADF1663AD; 7728
1DBDA1AF156EB85; 7728
1DBDA1B101846D6; 7728
1DBDA1C849FB556; 7721
1DBDA1CA39E4756; 7721
1DBDA1DFB897DD6; 7709
1DBDA1E16F488D6; 7709
1DBDA1F40FA7AD6; 7715
1DBDA1F5FF90CD6; 7715
1DBDA20B1EE6256; 7707
1DBDA20D0545DD6; 7707
1DBDA221827B4D6; 7685
1DBDA222D044856; 7685
1DBDA2302FF55D6; 7678
1DBDA231DD1CA56; 7678
1DBDA244E6633D6; 7677
1DBDA247190E356; 7677
1DBDA25E61851D6; 7659
1DBDA25FDEFD5D6; 7659
1DBDA2705FC4556; 7649
1DBDA2720CEB9D6; 7649
1DBDA28460FF7D6; 7650
1DBDA28693AA756; 7650
1DBDA29DD297F56; 7635
1DBDA29F6CAC6D6; 7635
1DBDA2B12829CD6; 7630
1DBDA2B31B4869C; 7630
1DBDA2C8A38539C; 7618
1DBDA2CA5E65006; 7618
1DBDA2DCFEC4206; 7612
1DBDA2DEE8D7712; 7612
1DBDA2F3FE59C15; 7605
1DBDA2F4082CC92; 7605
1DBDA2F604C1A61; 7605
1DBDA30B2DA0661; 7600
1DBDA30D248B121; 7600
1DBDA3234EE7CA1; 7596
1DBDA3258192C21; 7596
1DBDA33C27E9C21; 7585
1DBDA33DF1AD421; 7585
1DBDA3518A00F21; 7637
1DBDA352F466621; 7643
1DBDA3545ECBD21; 7653
1DBDA355C931421; 7657
1DBDA35730B032A; 7657
1DBDA3573396B21; 7657
1DBDA357FE6C548; 7657
1DBDA35968CB13F; 7657
1DBDA36F3D59D48; 7651
1DBDA370A7B893F; 7651
1DBDA37149DF2C8; 7651
1DBDA3714EE598F; 7651
1DBDA372ADFE785; 7651
1DBDA38701CB048; 7647
1DBDA38706D170F; 7647
1DBDA38865EA505; 7647
1DBDA38932785CD; 7647
1DBDA389397C68F; 7647
1DBDA38A9216D4C; 7647
1DBDA39FCF45F4D; 7634
1DBDA39FD143948; 7634
1DBDA3A12EE46CC; 7634
1DBDA3A188B0F5D; 7634
1DBDA3A283A6B50; 7634
1DBDA3B4291015D; 7629
1DBDA3B52405D50; 7629
1DBDA3B62F20FB8; 7629
1DBDA3B7308B2D0; 7629
1DBDA3CBE70CD38; 7633
1DBDA3CCE877050; 7633
1DBDA3CE1091A37; 7633
1DBDA3CE13662E9; 7633
1DBDA3CF1B21FD0; 7633
1DBDA3E4AD5F3B7; 7624
1DBDA3E4B033C69; 7624
1DBDA3E5B7EF950; 7624
1DBDA3E6B05B2B7; 7624
1DBDA3E7BAEB850; 7624
1DBDA3FC3820F50; 7627
1DBDA3FE4E2FB50; 7627
1DBDA4155D6E2D0; 7633
1DBDA4177D06550; 7633
1DBDA42D2B68C50; 7626
1DBDA42F2E64B50; 7626
1DBDA4444DBA0D0; 7618
1DBDA4463DA32D0; 7618
1DBDA45AC462050; 7640
1DBDA45C08A1D50; 7640
1DBDA4687629A48; 7667
1DBDA469C7B0BD0; 7667
1DBDA46C98BDBC8; 7673
1DBDA46E49A2E50; 7673
1DBDA47668A5750; 7664
1DBDA477ACE5450; 7664
1DBDA484B6C1750; 7665
1DBDA486E96C6D0; 7665
1DBDA49E31E3550; 7677
1DBDA4A00EB9A50; 7677
1DBDA4B347AF450; 7675
1DBDA4B583E3A50; 7675
1DBDA4CCCC5A8D0; 7692
1DBDA4CE5CE59D0; 7692
1DBDA4DF46940D0; 7705
1DBDA4E0D71F1D0; 7705
1DBDA4F14E5CAD0; 7708
1DBDA4F38107A50; 7708
1DBDA50A1DD53D0; 7716
1DBDA50C20D12D0; 7716
1DBDA520E83CA4D; 7708
1DBDA520EA51DD0; 7708
1DBDA522DDBF7EB; 7708
1DBDA5375AF4EEB; 7727
1DBDA538C0E7C99; 7727
1DBDA547B123B19; 7730
1DBDA549CAFFC9F; 7730
1DBDA560250B89F; 7743
1DBDA561F22B93A; 7743
1DBDA57489014BA; 7739
1DBDA5769976614; 7739
1DBDA58CC3D3194; 7734
1DBDA58EDCA279E; 7734
1DBDA5A4E0D991E; 7734
1DBDA5A71F65119; 7734
1DBDA5BE5E52919; 7733
1DBDA5C093C45AD; 7733
1DBDA5D7DC3B42D; 7745
1DBDA5D9BD032C5; 7745
1DBDA5ECFF82345; 7736
1DBDA5EEC43858D; 7736
1DBDA602661570D; 7734
1DBDA604B53DB86; 7734
1DBDA61BF0491AC; 7724
1DBDA61BF42B386; 7724
1DBDA61DD989330; 7724
1DBDA6320A73630; 7729
1DBDA6336AD6A48; 7729
1DBDA6496F0DBC8; 7744
1DBDA64B25BE6C8; 7744
1DBDA65C81DDBC8; 7760
1DBDA65DEC432C8; 7760
1DBDA66CDC7F148; 7771
1DBDA66E76938C8; 7771
1DBDA67F43A5C48; 7773
1DBDA6817FDA248; 7773
1DBDA698C8510C8; 7780
1DBDA69AF1729C8; 7780
1DBDA6B05389CC8; 7791
1DBDA6B226D6B48; 7791
1DBDA6C572DF248; 7799
1DBDA6C762C8448; 7799
1DBDA6DB93B2748; 7804
1DBDA6DDB34A9C8; 7804
1DBDA6F3C10B1C8; 7808
1DBDA6F5F3B6148; 7808
1DBDA70C9A0D148; 7820
1DBDA70E76E3648; 7820
1DBDA721638DC48; 7830
1DBDA7232D51448; 7830
1DBDA7362D0E748; 7828
1DBDA7386942D48; 7828
1DBDA74FB1B9BC8; 7845
1DBDA75155579C8; 7845
1DBDA7626EB5148; 7845
1DBDA764AAE9748; 7845
1DBDA77BFCE9C48; 7858
1DBDA77DC6AD448; 7858
1DBDA7907095CC8; 7867
1DBDA7924D6C1C8; 7867
1DBDA7A5DC36648; 7870
1DBDA7A80EE15C8; 7870
1DBDA7BF01839C8; 7876
1DBDA7C117925C8; 7876
1DBDA7D6CF7E348; 7889
1DBDA7D8862EE48; 7889
1DBDA7EAE3CC2C8; 7902
1DBDA7EB0C75587; 7902
1DBDA7EC876A0C8; 7902
1DBDA7FC1C49687; 7907
1DBDA7FD973E1C8; 7907
1DBDA7FE0F60B53; 7907
1DBDA7FE1889434; 7907
1DBDA7FE1F45587; 7907
1DBDA7FF9A3A0C8; 7907
1DBDA8137B014D3; 7921
1DBDA8138429DB4; 7921
1DBDA8138AE5F07; 7921
1DBDA81505DAA48; 7921
1DBDA8151E9F2D3; 7921
1DBDA81523AA55D; 7921
1DBDA81527C7BB4; 7921
1DBDA8152E83D07; 7921
1DBDA816A978848; 7921
1DBDA826DA1C8D3; 7918
1DBDA826DF27B5D; 7918
1DBDA826E3451B4; 7918
1DBDA826EA01307; 7918
1DBDA82864F5E48; 7918
1DBDA829033E1D3; 7918
1DBDA829084945D; 7918
1DBDA8290C66AB4; 7918
1DBDA8291322C07; 7918
1DBDA82A8E17748; 7918
1DBDA83FA00BB53; 7921
1DBDA83FA516DDD; 7921
1DBDA83FA934434; 7921
1DBDA83FAFF0587; 7921
1DBDA8412AE50C8; 7921
1DBDA841C92D453; 7921
1DBDA841CE386DD; 7921
1DBDA841D255D34; 7921
1DBDA841D911E87; 7921
1DBDA84354069C8; 7921
1DBDA85911A42D3; 7926
1DBDA85916AF55D; 7926
1DBDA8591ACCBB4; 7926
1DBDA8592188D07; 7926
1DBDA85A9C7D848; 7926
1DBDA85B313C553; 7926
1DBDA85B36477DD; 7926
1DBDA85B3A64E34; 7926
1DBDA85B4120F87; 7926
1DBDA85CBC15AC8; 7926
1DBDA87181BEAD3; 7930
1DBDA87186C9D5D; 7930
1DBDA8718AE73B4; 7930
1DBDA87191A3507; 7930
1DBDA8730C98048; 7930
1DBDA873B469A53; 7930
1DBDA873B974CDD; 7930
1DBDA8753F42FC8; 7930
1DBDA88A5FCBCDD; 7943
1DBDA88A6AA5487; 7943
1DBDA88BE599FC8; 7943
1DBDA88D9C4AAC8; 7943
1DBDA89ECB3E807; 7935
1DBDA8A04633348; 7935
1DBDA8A22309848; 7935
1DBDA8B4D8FF007; 7936
1DBDA8B653F3B48; 7936
1DBDA8B87D15448; 7936
1DBDA8CE4A97787; 7952
1DBDA8CFC58C2C8; 7952
1DBDA8D177B9E0F; 7952
1DBDA8E153DE107; 7952
1DBDA8E2D3D930F; 7952
1DBDA8E4F5F6B4D; 7952
1DBDA8FAC576887; 7956
1DBDA8FC3E6D9CD; 7956
1DBDA8FE5736ADD; 7956
1DBDA9138B65B07; 7962
1DBDA914FD8DADD; 7962
1DBDA916FA152B8; 7962
1DBDA92B464D787; 7955
1DBDA92CB201038; 7955
1DBDA92E9B98869; 7955
1DBDA942558BF07; 7965
1DBDA943B819537; 7965
1DBDA943BAEDDE9; 7965
1DBDA957B7A3207; 7959
1DBDA959BA9F107; 7959
1DBDA96ED215CCE; 7964
1DBDA96F1CB6407; 7964
1DBDA9711FB2307; 7964
1DBDA986DD3DC47; 7964
1DBDA9872D72B07; 7964
1DBDA989601DA87; 7964
1DBDA9A048CCDB2; 7964
1DBDA9A09F0B287; 7964
1DBDA9A2B519E87; 7964
1DBDA9B9ADB22A7; 7966
1DBDA9B9B442A4A; 7966
1DBDA9BA10A3A07; 7966
1DBDA9BBD6D3BA7; 7966
1DBDA9BC39C5307; 7966
1DBDA9D32925AD2; 7964
1DBDA9D38BC5807; 7964
1DBDA9D552473D2; 7964
1DBDA9D5B4E7107; 7964
1DBDA9EC8A589A0; 7967
1DBDA9ECF3D4907; 7967
1DBDA9EEC68CFA0; 7967
1DBDA9EF3008F07; 7967
1DBDAA05FFD2CDF; 7968
1DBDAA066EF6707; 7968
1DBDAA080C5825F; 7968
1DBDAA087B7BC87; 7968
1DBDAA1F61984CD; 7971
1DBDAA1FD705807; 7971
1DBDAA218AB9DCD; 7971
1DBDAA220027107; 7971
1DBDAA393F14907; 7972
1DBDAA3B5EACB87; 7972
1DBDAA52A723A07; 7978
1DBDAA54B3A8F87; 7978
1DBDAA6A620B687; 7975
1DBDAA6C8B2CF87; 7975
1DBDAA838758A07; 7976
1DBDAA85BA03987; 7976
1DBDAA9D0C03E87; 7980
1DBDAA9F0576707; 7980
1DBDAAB5C869A87; 7980
1DBDAAB7E801D07; 7980
1DBDAACF3078B87; 7984
1DBDAAD15010E07; 7984
1DBDAAE7ECDE787; 7983
1DBDAAEA0C76A07; 7983
1DBDAB0154ED887; 7980
1DBDAB037485B07; 7980
1DBDAB1ABCFC987; 7983
1DBDAB1CDC94C07; 7983
1DBDAB34250BA87; 7984
1DBDAB364E2D387; 7984
1DBDAB4D8D1AB87; 7987
1DBDAB4FACB2E07; 7987
1DBDAB66F529C87; 7985
1DBDAB6914C1F07; 7985
1DBDAB805D38D87; 7989
1DBDAB827347987; 7989
1DBDAB992328007; 7986
1DBDAB9B3936C07; 7986
1DBDABB23562687; 7987
1DBDABB454FA907; 7987
1DBDABCB9D71787; 7987
1DBDABCDBD09A07; 7987
1DBDABE415DE61D; 7989
1DBDABE41B72279; 7989
1DBDABE50580887; 7989
1DBDABE6357689D; 7989
1DBDABE63B0A4F9; 7989
1DBDABE72518B07; 7989
1DBDABFD7DED71D; 7991
1DBDABFD82A4D13; 7991
1DBDABFE6D8F987; 7991
1DBDABFFA23CF93; 7991
1DBDAC008D27C07; 7991
1DBDAC16DCD4C55; 7993
1DBDAC16E63AC97; 7993
1DBDAC17D59EA87; 7993
1DBDAC18FC6CED5; 7993
1DBDAC1905D2F17; 7993
1DBDAC19F536D07; 7993
1DBDAC3044E3D55; 7989
1DBDAC304A1899B; 7989
1DBDAC313DADB87; 7989
1DBDAC32602759B; 7989
1DBDAC3353BC787; 7989
1DBDAC490034B8F; 7991
1DBDAC49067E59B; 7991
1DBDAC49FA13787; 7991
1DBDAC4B1FCCE0F; 7991
1DBDAC4C19ABA07; 7991
1DBDAC627EBECB3; 8000
1DBDAC6284E000F; 8000
1DBDAC637EBEC07; 8000
1DBDAC645B951B3; 8000
1DBDAC655B95107; 8000
1DBDAC78D15D1BB; 7995
1DBDAC78D8CA8B3; 7995
1DBDAC79D8CA807; 7995
1DBDAC7ACACFA3B; 7995
1DBDAC7BD23D087; 7995
1DBDAC90C681092; 7993
1DBDAC90D4E13A9; 7993
1DBDAC90D89023B; 7993
1DBDAC91DFFD887; 7993
1DBDAC92EFA2992; 7993
1DBDAC92FE02CA9; 7993
1DBDAC94091F187; 7993
1DBDACAA2E90192; 8001
1DBDACAA36B0C9F; 8001
1DBDACAA3CF04A9; 8001
1DBDACAB480C987; 8001
1DBDACAC01DD012; 8001
1DBDACAC09FDB1F; 8001
1DBDACAD1B59807; 8001
1DBDACC0FD7B2A0; 7993
1DBDACC1032D69F; 7993
1DBDACC21489387; 7993
1DBDACC2E3DAE20; 7993
1DBDACC2E98D21F; 7993
1DBDACC3FAE8F07; 7993
1DBDACD75203012; 7996
1DBDACD75786EA0; 7996
1DBDACD86E94F87; 7996
1DBDACD95E88592; 7996
1DBDACD9640C420; 7996
1DBDACDA7B1A507; 7996
1DBDACF0543E521; 7994
1DBDACF05AB4012; 7994
1DBDACF17745F87; 7994
1DBDACF27D5FE21; 7994
1DBDACF283D5912; 7994
1DBDACF3A067887; 7994
1DBDAD09B708B54; 7992
1DBDAD09BC4D621; 7992
1DBDAD0ADF55087; 7992
1DBDAD0BD6A0DD4; 7992
1DBDAD0BDBE58A1; 7992
1DBDAD0CFEED307; 7992
1DBDAD231893EEC; 8000
1DBDAD231F17C54; 8000
1DBDAD23245C721; 8000
1DBDAD244764187; 8000
1DBDAD24F56A3EC; 8000
1DBDAD24FBEE154; 8000
1DBDAD250132C21; 8000
1DBDAD26243A687; 8000
1DBDAD39CB996C2; 8011
1DBDAD39D1FDBEC; 8011
1DBDAD39D881954; 8011
1DBDAD39DDC6421; 8011
1DBDAD3B00CDE87; 8011
1DBDAD3B824A1C2; 8011
1DBDAD3B88AE6EC; 8011
1DBDAD3B8F32454; 8011
1DBDAD3B9476F21; 8011
1DBDAD3CB77E987; 8011
1DBDAD4E8F4F03B; 8004
1DBDAD4E951A1C2; 8004
1DBDAD4E9B7E6EC; 8004
1DBDAD4EA202454; 8004
1DBDAD4EA746F21; 8004
1DBDAD4FCA4E987; 8004
1DBDAD506C2553B; 8004
1DBDAD5071F06C2; 8004
1DBDAD507854BEC; 8004
1DBDAD507ED8954; 8004
1DBDAD50841D421; 8004
1DBDAD51A724E87; 8004
1DBDAD65386F6A5; 8001
1DBDAD653F2F6BB; 8001
1DBDAD6544FA842; 8001
1DBDAD654B5ED6C; 8001
1DBDAD6551E2AD4; 8001
1DBDAD6557275A1; 8001
1DBDAD667A2F007; 8001
1DBDAD674E7E2A5; 8001
1DBDAD67553E2BB; 8001
1DBDAD675B09442; 8001
1DBDAD67616D96C; 8001
1DBDAD6767F16D4; 8001
1DBDAD68903DC07; 8001
1DBDAD7E4441514; 7998
1DBDAD7E4AA9D25; 7998
1DBDAD7E5169D3B; 7998
1DBDAD7E5734EC2; 7998
1DBDAD7E5D993EC; 7998
1DBDAD7E6961C21; 7998
1DBDAD7F8C69687; 7998
1DBDAD8063D9794; 7998
1DBDAD806A41FA5; 7998
1DBDAD807101FBB; 7998
1DBDAD8076CD142; 7998
1DBDAD807D3166C; 7998
1DBDAD81AC01907; 7998
1DBDAD97AC50614; 8005
1DBDAD97B2B8E25; 8005
1DBDAD97B978E3B; 8005
1DBDAD97BF43FC2; 8005
1DBDAD97C5A84EC; 8005
1DBDAD97D170D21; 8005
1DBDAD98F478787; 8005
1DBDAD999C39814; 8005
1DBDAD99A2A2025; 8005
1DBDAD99A96203B; 8005
1DBDAD99AF2D1C2; 8005
1DBDAD9AE461987; 8005
1DBDADAF07DA194; 7994
1DBDADAF0E429A5; 7994
1DBDADAF15029BB; 7994
1DBDADAF2CFA8A1; 7994
1DBDADB05002307; 7994
1DBDADB0D19D994; 7994
1DBDADB0D8061A5; 7994
1DBDADB0DEC61BB; 7994
1DBDADB219C5B07; 7994
1DBDADC40A93394; 7995
1DBDADC410FBBA5; 7995
1DBDADC42FB3AA1; 7995
1DBDADC552BB507; 7995
1DBDADC62A2B614; 7995
1DBDADC77253787; 7995
1DBDADDD97C2BA1; 7995
1DBDADDEBACA607; 7995
1DBDADE0DA62887; 7995
1DBDADF6FFD1CA1; 7989
1DBDADF822D9707; 7989
1DBDADFA1F194B4; 7989
1DBDAE0EAEF10EC; 7983
1DBDAE0FCDDC953; 7983
1DBDAE0FD705234; 7983
1DBDAE11DF6D15D; 7983
1DBDAE2673623EC; 7986
1DBDAE279758EDD; 7986
1DBDAE2964174CE; 7986
1DBDAE4069CC5CE; 7973
1DBDAE42207D0CE; 7973
1DBDAE54C0DC2CE; 7963
1DBDAE56778CDCE; 7963
1DBDAE696DC0A4E; 7964
1DBDAE6B96E234E; 7964
1DBDAE82D5CFB4E; 7968
1DBDAE84EBDE74E; 7968
1DBDAE9B923574E; 7948
1DBDAE9CFC9AE4E; 7948
1DBDAEAC856D4CE; 7938
1DBDAEAE329494E; 7938
1DBDAEC030D3CCE; 8012
1DBDAEC19B393CE; 8015
1DBDAEC3223AE4E; 8028
1DBDAEC48CA054E; 8019
1DBDAEC5F705C4E; 8022
1DBDAEC7B73FDCE; 8018
1DBDAEC921A54CE; 8021
1DBDAECAE1DF64E; 8023
1DBDAECBFFF994E; 8023
1DBDAED7EBBB94E; 8031
1DBDAED985D00CE; 8031
1DBDAEEB0814FCE; 8023
1DBDAEECDB61E4E; 8023
1DBDAF00C000D4E; 8013
1DBDAF02934DBCE; 8013
1DBDAF15D5CCC4E; 8002
1DBDAF1773D62C7; 8002
1DBDAF2A27481C7; 7994
1DBDAF2C079E732; 7994
1DBDAF402EFF3B2; 7987
1DBDAF420F3C44A; 7987
1DBDAF56DBB5E27; 7985
1DBDAF56E2465CA; 7985
1DBDAF590EB27D2; 7985
1DBDAF704D9FFD2; 7984
1DBDAF726FE56A0; 7984
1DBDAF89B85C520; 7972
1DBDAF8B7C7825F; 7972
1DBDAF9EBEF72DF; 7966
1DBDAF9F29D2AA7; 7966
1DBDAFA0BBA98CD; 7966
1DBDAFB49573427; 7968
1DBDAFB6274A24D; 7968
1DBDAFB6B794AB9; 7968
1DBDAFB6B94FAA1; 7968
1DBDAFB7DBCA879; 7968
1DBDAFCE0994FB9; 7964
1DBDAFCE0B4FFA1; 7964
1DBDAFCF2DCAD79; 7964
1DBDAFD0225486C; 7964
1DBDAFD0292D239; 7964
1DBDAFD02AE8221; 7964
1DBDAFD14D62FF9; 7964
1DBDAFE6C8AB86C; 7964
1DBDAFE6CF84239; 7964
1DBDAFE6D13F221; 7964
1DBDAFE7F3B9FF9; 7964
1DBDAFE8F44F997; 7964
1DBDAFE8FB567EC; 7964
1DBDAFE9022F1B9; 7964
1DBDAFE903EA1A1; 7964
1DBDAFEA2664F79; 7964
1DBDB000333D197; 7960
1DBDB0003A43FEC; 7960
1DBDB000411C9B9; 7960
1DBDB00042D79A1; 7960
1DBDB0016552779; 7960
1DBDB0024BCE98A; 7960
1DBDB00252D5417; 7960
1DBDB00259DC26C; 7960
1DBDB00260B4C39; 7960
1DBDB002626FC21; 7960
1DBDB00384EA9F9; 7960
1DBDB018F22598A; 7945
1DBDB018F92C417; 7945
1DBDB019003326C; 7945
1DBDB019070BC39; 7945
1DBDB01908C6C21; 7945
1DBDB01A2B419F9; 7945
1DBDB01A9937E4D; 7945
1DBDB01A9F4CE0A; 7945
1DBDB01AA653897; 7945
1DBDB01AAD5A6EC; 7945
1DBDB01AB4330B9; 7945
1DBDB01AB5EE0A1; 7945
1DBDB01BD868E79; 7945
1DBDB02C4B2BDCD; 7943
1DBDB02C5140D8A; 7943
1DBDB02C5847817; 7943
1DBDB02C5F4E66C; 7943
1DBDB02C6627039; 7943
1DBDB02C67E2021; 7943
1DBDB02D8A5CDF9; 7943
1DBDB02E87603CD; 7943
1DBDB02E8D7538A; 7943
1DBDB02E947BE17; 7943
1DBDB02E9B82C6C; 7943
1DBDB02EA25B639; 7943
1DBDB02EA416621; 7943
1DBDB02FC6913F9; 7943
1DBDB045CFD724D; 7937
1DBDB045D5EC20A; 7937
1DBDB045DCF2C97; 7937
1DBDB045E3F9AEC; 7937
1DBDB045EAD24B9; 7937
1DBDB045EC8D4A1; 7937
1DBDB0470F08279; 7937
1DBDB047D2D314D; 7937
1DBDB047D8E810A; 7937
1DBDB047DFEEB97; 7937
1DBDB047E6F59EC; 7937
1DBDB047EDCE3B9; 7937
1DBDB047EF893A1; 7937
1DBDB0491204179; 7937
1DBDB05D944854D; 7929
1DBDB05D9A5D50A; 7929
1DBDB05DA163F97; 7929
1DBDB05DA86ADEC; 7929
1DBDB05DAF437B9; 7929
1DBDB05DB0FE7A1; 7929
1DBDB05ED379579; 7929
1DBDB05F843174D; 7929
1DBDB05F8A4670A; 7929
1DBDB05F914D197; 7929
1DBDB05F9853FEC; 7929
1DBDB05F9F2C9B9; 7929
1DBDB05FA0E79A1; 7929
1DBDB060C362779; 7929
1DBDB074573B8CD; 7930
1DBDB0745D5088A; 7930
1DBDB0746457317; 7930
1DBDB0746B5E16C; 7930
1DBDB0747236B39; 7930
1DBDB075966C8F9; 7930
1DBDB076936FECD; 7930
1DBDB0769984E8A; 7930
1DBDB076A08B917; 7930
1DBDB076A79276C; 7930
1DBDB077D2A0EF9; 7930
1DBDB08DD25D6CD; 7924
1DBDB08DD87268A; 7924
1DBDB08DDF79117; 7924
1DBDB08DED58939; 7924
1DBDB08F118E6F9; 7924
1DBDB08FE86C2CD; 7924
1DBDB08FEE8128A; 7924
1DBDB08FF587D17; 7924
1DBDB091279D2F9; 7924
1DBDB0A5A05804D; 7909
1DBDB0A5A66D00A; 7909
1DBDB0A5AD73A97; 7909
1DBDB0A5BB532B9; 7909
1DBDB0A6DF89079; 7909
1DBDB0A743F5E4D; 7909
1DBDB0A74A0AE0A; 7909
1DBDB0A88326E79; 7909
1DBDB0B8C63AD4D; 7913
1DBDB0B8CC4FD0A; 7913
1DBDB0B8E135FB9; 7913
1DBDB0BA056BD79; 7913
1DBDB0BADC4994D; 7913
1DBDB0BC1B7A979; 7913
1DBDB0D0EA0A14D; 7905
1DBDB0D105053B9; 7905
1DBDB0D2293B179; 7905
1DBDB0D41924379; 7905
1DBDB0E7C7F8739; 7919
1DBDB0E8EC2E4F9; 7919
1DBDB0EABF7B379; 7919
1DBDB0FB4D39539; 7920
1DBDB0FC716F2F9; 7920
1DBDB0FE877DEF9; 7920
1DBDB114D1E49B9; 7911
1DBDB115F61A779; 7911
1DBDB117E603979; 7911
1DBDB12B3F032B9; 7922
1DBDB12C6339079; 7922
1DBDB12E3685EF9; 7922
1DBDB13FFEFA739; 7939
1DBDB14123304F9; 7939
1DBDB142971F279; 7939
1DBDB150AF70739; 7958
1DBDB151CE1289D; 7958
1DBDB151D3A64F9; 7958
1DBDB15D9CB06B9; 7969
1DBDB15EC009E13; 7969
1DBDB16025F6397; 7969
1DBDB16DE972417; 7959
1DBDB16F0CCC1D5; 7959
1DBDB16F1632217; 7959
1DBDB170B59EC1B; 7959
1DBDB181165BF6C; 7953
1DBDB18237E3B1B; 7953
1DBDB1843E1F68F; 7953
1DBDB19831A6597; 7952
1DBDB19953EB58F; 7952
1DBDB19B80751B3; 7952
1DBDB1B1A5C190A; 7957
1DBDB1B2C8EC033; 7957
1DBDB1B4E116BBB; 7957
1DBDB1CA19507CD; 7983
1DBDB1CB3B227BB; 7983
1DBDB1CC68A0929; 7983
1DBDB1D8DE98E12; 7987
1DBDB1D8ECF9129; 7987
1DBDB1DAE9B581F; 7987
1DBDB1F0090AD9F; 7998
1DBDB1F1D6A5820; 7998
1DBDB20519248A0; 8006
1DBDB206FA00592; 8006
1DBDB21B3DFD592; 8014
1DBDB21D3A839A1; 8014
1DBDB231AE2FA21; 8001
1DBDB23369250D4; 8001
1DBDB24570EDAD4; 7997
1DBDB24776EF2EC; 7997
1DBDB25D8E3916C; 8003
1DBDB25FA76CEC2; 8003
1DBDB27555CF5C2; 8013
1DBDB2772CDA93B; 8013
1DBDB28B117983B; 8010
1DBDB28D3D647A5; 8010
1DBDB2A43006BA5; 8007
1DBDB2A65C49314; 8007
1DBDB2BDA4C0194; 7997
1DBDB2BEDF16A27; 7997
1DBDB2D306776A7; 8001
1DBDB2D5260F927; 8001
1DBDB2EB89A4BA7; 8022
1DBDB2ECF40A2A7; 8022
1DBDB2FBE446127; 8032
1DBDB2FD916D5A7; 8032
1DBDB30F5674227; 8044
1DBDB311039B6A7; 8044
1DBDB322BF18CA7; 8060
1DBDB3243C910A7; 8060
1DBDB3337918327; 8064
1DBDB335859D8A7; 8064
1DBDB34B4712CA7; 8068
1DBDB34D8CD0927; 8068
1DBDB364299E2A7; 8075
1DBDB36619874A7; 8075
1DBDB37B4BEF727; 8081
1DBDB37D61FE327; 8081
1DBDB39319EA0A7; 8086
1DBDB3953982327; 8086
1DBDB3AB3DB94A7; 8092
1DBDB3AD53C80A7; 8092
1DBDB3C30BB3E27; 8097
1DBDB3C534D5727; 8097
1DBDB3DB390C8A7; 8099
1DBDB3DD622E1A7; 8099
1DBDB3F4B42E6A7; 8106
1DBDB3F6C0B3C27; 8106
1DBDB40C2C545A7; 8109
1DBDB40E5575EA7; 8109
1DBDB42551A1927; 8113
1DBDB427844C8A7; 8113
1DBDB43E211A227; 8113
1DBDB44053C51A7; 8113
1DBDB4579C3C027; 8133
1DBDB45919B4427; 8133
1DBDB4671D1657C; 8144
1DBDB468A286AA7; 8144
1DBDB468B72ACFC; 8144
1DBDB46A3C9B227; 8144
1DBDB479DA11AFC; 8158
1DBDB479DBFEF20; 8158
1DBDB47B5F82027; 8158
1DBDB47B611357C; 8158
1DBDB47B63009A0; 8158
1DBDB47CE683AA7; 8158
1DBDB48B873D57F; 8159
1DBDB48B8C05A7C; 8159
1DBDB48B8DF2EA0; 8159
1DBDB48D1175FA7; 8159
1DBDB48DC371B7F; 8159
1DBDB48DC83A07C; 8159
1DBDB48DCA274A0; 8159
1DBDB48F4DAA5A7; 8159
1DBDB4A505A3CDF; 8161
1DBDB4A50BE89FF; 8161
1DBDB4A510B0EFC; 8161
1DBDB4A5129E320; 8161
1DBDB4A69621427; 8161
1DBDB4A72EC55DF; 8161
1DBDB4A7350A2FF; 8161
1DBDB4A739D27FC; 8161
1DBDB4A73BBFC20; 8161
1DBDB4A8BF42D27; 8161
1DBDB4BE7A20961; 8167
1DBDB4BE80C5ADF; 8167
1DBDB4BE870A7FF; 8167
1DBDB4BE8BD2CFC; 8167
1DBDB4BE8DC0120; 8167
1DBDB4C01143227; 8167
1DBDB4C086A5EE1; 8167
1DBDB4C08D4B05F; 8167
1DBDB4C0938FD7F; 8167
1DBDB4C0985827C; 8167
1DBDB4C09A456A0; 8167
1DBDB4C21DC87A7; 8167
1DBDB4D63762C65; 8179
1DBDB4D63E91C61; 8179
1DBDB4D64536DDF; 8179
1DBDB4D64B7BAFF; 8179
1DBDB4D65043FFC; 8179
1DBDB4D65231420; 8179
1DBDB4D7D5B4527; 8179
1DBDB4D80126465; 8179
1DBDB4D80855461; 8179
1DBDB4D80EFA5DF; 8179
1DBDB4D8153F2FF; 8179
1DBDB4D99F77D27; 8179
1DBDB4EAE6D12EE; 8184
1DBDB4EAEDD0A65; 8184
1DBDB4EAF4FFA61; 8184
1DBDB4EAFBA4BDF; 8184
1DBDB4EB06B1DFC; 8184
1DBDB4EC8C22327; 8184
1DBDB4ECF35686E; 8184
1DBDB4ECFA55FE5; 8184
1DBDB4ED0184FE1; 8184
1DBDB4ED082A15F; 8184
1DBDB4EE98A78A7; 8184
1DBDB502A45A9BA; 8187
1DBDB502AB425EE; 8187
1DBDB502B241D65; 8187
1DBDB502B970D61; 8187
1DBDB502CB230FC; 8187
1DBDB5045093627; 8187
1DBDB504CD7C2BA; 8187
1DBDB504D463EEE; 8187
1DBDB504DB63665; 8187
1DBDB50679B4F27; 8187
1DBDB51BB91E030; 8201
1DBDB51BC01E6BA; 8201
1DBDB51BC7062EE; 8201
1DBDB51BE6E6DFC; 8201
1DBDB51D6C57327; 8201
1DBDB51D6FCEB30; 8201
1DBDB51D76CF1BA; 8201
1DBDB51D7DB6DEE; 8201
1DBDB51F2307E27; 8201
1DBDB52FC3E2930; 8204
1DBDB52FCAE2FBA; 8204
1DBDB52FF1AB6FC; 8204
1DBDB531771BC27; 8204
1DBDB531ED04230; 8204
1DBDB533993D2B9; 8204
1DBDB5490D6F3FC; 8208
1DBDB54A8BDF6B9; 8208
1DBDB54A8D9A6A1; 8208
1DBDB54CA49EF6C; 8208
1DBDB561D35E67C; 8211
1DBDB5634AF5F6C; 8211
1DBDB5656D10A17; 8211
1DBDB57B44F6DFC; 8209
1DBDB57CB587897; 8209
1DBDB57ED7A270A; 8209
1DBDB594B68F57C; 8219
1DBDB596201958A; 8219
1DBDB597F6DAACD; 8219
1DBDB5AAC44FD7C; 8217
1DBDB5AC27C4DCD; 8217
1DBDB5C435E84FC; 8217
1DBDB5C65F09DFC; 8217
1DBDB5DDA780C7C; 8220
1DBDB5DFD0A257C; 8220
1DBDB5F719193FC; 8223
1DBDB5F92F27FFC; 8223
1DBDB61034DD0FC; 8226
1DBDB6125DFE9FC; 8226
1DBDB6299CEC1FC; 8225
1DBDB62BC60DAFC; 8225
1DBDB64304FB2FC; 8226
1DBDB645249357C; 8226
1DBDB65C6D0A3FC; 8226
1DBDB65E962BCFC; 8226
1DBDB675E82C1FC; 8224
1DBDB678114DAFC; 8224
1DBDB68F503B2FC; 8224
1DBDB6916FD357C; 8224
1DBDB6A8B84A3FC; 8231
1DBDB6AABB462FC; 8231
1DBDB6C01D5D5FC; 8232
1DBDB6C23CF587C; 8232
1DBDB6D9856C6FC; 8236
1DBDB6DB9B7B2FC; 8236
1DBDB6F241D22FC; 8239
1DBDB6F47E068FC; 8239
1DBDB70BBCF40FC; 8237
1DBDB70DC97967C; 8237
1DBDB72525031FC; 8239
1DBDB72757AE17C; 8239
1DBDB73EB337CFC; 8237
1DBDB740C9468FC; 8237
1DBDB7581B46DFC; 8240
1DBDB75A3ADF07C; 8240
1DBDB7718355EFC; 8236
1DBDB7739964AFC; 8236
1DBDB78A5C57E7C; 8236
1DBDB78C857977C; 8236
1DBDB7A3C466F7C; 8232
1DBDB7A5DA75B7C; 8232
1DBDB7BC80CCB7C; 8239
1DBDB7BE7A3F3FC; 8239
1DBDB7D3E5DFD7C; 8241
1DBDB7D60577FFC; 8241
1DBDB7ED57784FC; 8241
1DBDB7EF8A2347C; 8241
1DBDB806D29A2FC; 8239
1DBDB808DF1F87C; 8239
1DBDB820574577C; 8240
1DBDB82276DD9FC; 8240
1DBDB839BF5487C; 8241
1DBDB83BE87617C; 8241
1DBDB853276397C; 8238
1DBDB85546FBBFC; 8238
1DBDB86C8F72A7C; 8238
1DBDB86EAF0ACFC; 8238
1DBDB885F781B7C; 8238
1DBDB8881719DFC; 8238
1DBDB89F5F90C7C; 8233
1DBDB8A16C161FC; 8233
1DBDB8B7C621DFC; 8233
1DBDB8B9E5BA07C; 8233
1DBDB8D12E30EFC; 8237
1DBDB8D3443FAFC; 8237
1DBDB8E9EA96AFC; 8240
1DBDB8EC00A56FC; 8240
1DBDB903065A7FC; 8243
1DBDB9052F7C0FC; 8243
1DBDB91C6E698FC; 8241
1DBDB91E8E01B7C; 8241
1DBDB935D6789FC; 8244
1DBDB937F610C7C; 8244
1DBDB94E1FF1885; 8240
1DBDB94F3E87AFC; 8240
1DBDB9503F89B05; 8240
1DBDB9515E1FD7C; 8240
1DBDB966DEE1229; 8240
1DBDB966E5E0B05; 8240
1DBDB9680476D7C; 8240
1DBDB968F4EFE29; 8240
1DBDB968FBEF705; 8240
1DBDB96A1A8597C; 8240
1DBDB980416EB7F; 8241
1DBDB98046F0329; 8241
1DBDB9804DEFC05; 8241
1DBDB9816C85E7C; 8241
1DBDB9826106DFF; 8241
1DBDB98266885A9; 8241
1DBDB9826D87E85; 8241
1DBDB9838C1E0FC; 8241
1DBDB9999DE630E; 8300
1DBDB999A32365B; 8300
1DBDB999A97DC7F; 8300
1DBDB999AEFF429; 8300
1DBDB999B5FED05; 8300
1DBDB99AD494F7C; 8300
1DBDB99B084BA0E; 8302
1DBDB99B0D88D5B; 8302
1DBDB99B13E337F; 8302
1DBDB99B1964B29; 8302
1DBDB99B2064405; 8302
1DBDB99BE3A3F8E; 8302
1DBDB99BE52E3A2; 8302
1DBDB99BE8E12DB; 8302
1DBDB99BEF3B8FF; 8302
1DBDB99BF4BD0A9; 8302
1DBDB99BFBBC985; 8302
1DBDB99D1A52BFC; 8302
1DBDB9A4E78848E; 8295
1DBDB9A4E9128A2; 8295
1DBDB9A4ECC57DB; 8295
1DBDB9A4F31FDFF; 8295
1DBDB9A4F8A15A9; 8295
1DBDB9A4FFA0E85; 8295
1DBDB9A61E370FC; 8295
1DBDB9A65FD4419; 8295
1DBDB9A6650088E; 8295
1DBDB9A6668ACA2; 8295
1DBDB9A66A3DBDB; 8295
1DBDB9A670981FF; 8295
1DBDB9A676199A9; 8295
1DBDB9A67D19285; 8295
1DBDB9A79BAF4FC; 8295
1DBDB9B6D711D19; 8303
1DBDB9B6DC3E18E; 8303
1DBDB9B6DDC85A2; 8303
1DBDB9B6E17B4DB; 8303
1DBDB9B6E7D5AFF; 8303
1DBDB9B6ED572A9; 8303
1DBDB9B6F456B85; 8303
1DBDB9B812ECDFC; 8303
1DBDB9B899E0CF9; 8303
1DBDB9B8A0D5519; 8303
1DBDB9B8A60198E; 8303
1DBDB9B8A78BDA2; 8303
1DBDB9B8AB3ECDB; 8303
1DBDB9B8B1992FF; 8303
1DBDB9B8B71AAA9; 8303
1DBDB9B9DCB05FC; 8303
1DBDB9CC28AB179; 8301
1DBDB9CC2F9F999; 8301
1DBDB9CC34CBE0E; 8301
1DBDB9CC3656222; 8301
1DBDB9CC3A0915B; 8301
1DBDB9CC406377F; 8301
1DBDB9CC4CE4805; 8301
1DBDB9CD6B7AA7C; 8301
1DBDB9CE41D97B1; 8301
1DBDB9CE48433F9; 8301
1DBDB9CE4F37C19; 8301
1DBDB9CE546408E; 8301
1DBDB9CE55EE4A2; 8301
1DBDB9CE59A13DB; 8301
1DBDB9CE5FFB9FF; 8301
1DBDB9CF8B12CFC; 8301
1DBDB9E58A50631; 8297
1DBDB9E590BA279; 8297
1DBDB9E597AEA99; 8297
1DBDB9E59CDAF0E; 8297
1DBDB9E59E65322; 8297
1DBDB9E5A21825B; 8297
1DBDB9E5B4F3905; 8297
1DBDB9E6D389B7C; 8297
1DBDB9E7A2F6B72; 8297
1DBDB9E7A9E88B1; 8297
1DBDB9E7B0524F9; 8297
1DBDB9E7B746D19; 8297
1DBDB9E7BC7318E; 8297
1DBDB9E7BDFD5A2; 8297
1DBDB9E7C1B04DB; 8297
1DBDB9E8F321DFC; 8297
1DBDB9FE3FC44F2; 8291
1DBDB9FE46B6231; 8291
1DBDB9FE4D1FE79; 8291
1DBDB9FE5414699; 8291
1DBDB9FE5940B0E; 8291
1DBDB9FE5ACAF22; 8291
1DBDB9FE7159505; 8291
1DBDB9FF8FEF77C; 8291
1DBDBA003C6F603; 8291
1DBDBA0042C03F2; 8291
1DBDBA0049B2131; 8291
1DBDBA00501BD79; 8291
1DBDBA005710599; 8291
1DBDBA005DC6E22; 8291
1DBDBA0192EB67C; 8291
1DBDBA15F45B383; 8291
1DBDBA15FAAC172; 8291
1DBDBA16019DEB1; 8291
1DBDBA160807AF9; 8291
1DBDBA160EFC319; 8291
1DBDBA162C41185; 8291
1DBDBA174AD73FC; 8291
1DBDBA180394B9C; 8291
1DBDBA180A69F83; 8291
1DBDBA1810BAD72; 8291
1DBDBA1817ACAB1; 8291
1DBDBA181E166F9; 8291
1DBDBA18250AF19; 8291
1DBDBA1960E5FFC; 8291
1DBDBA2F5F1E71C; 8293
1DBDBA2F65F3B03; 8293
1DBDBA2F6C448F2; 8293
1DBDBA2F7336631; 8293
1DBDBA2F79A0279; 8293
1DBDBA2F9DD9905; 8293
1DBDBA30BC6FB7C; 8293
1DBDBA31945DC01; 8293
1DBDBA319B52D1C; 8293
1DBDBA31A228103; 8293
1DBDBA31A878EF2; 8293
1DBDBA31AF6AC31; 8293
1DBDBA31B5D4879; 8293
1DBDBA32F8A417C; 8293
1DBDBA48D34B401; 8291
1DBDBA48DA4051C; 8291
1DBDBA48E115903; 8291
1DBDBA48E7666F2; 8291
1DBDBA48EE58431; 8291
1DBDBA4918FB705; 8291
1DBDBA4A379197C; 8291
1DBDBA4ADFD0981; 8291
1DBDBA4AE6C5A9C; 8291
1DBDBA4AED9AE83; 8291
1DBDBA4AF3EBC72; 8291
1DBDBA4AFADD9B1; 8291
1DBDBA4C4416EFC; 8291
1DBDBA6257F6881; 8293
1DBDBA625EEB99C; 8293
1DBDBA6265C0D83; 8293
1DBDBA626C11B72; 8293
1DBDBA629DA6B85; 8293
1DBDBA63BC3CDFC; 8293
1DBDBA648118181; 8293
1DBDBA64880D29C; 8293
1DBDBA648EE2683; 8293
1DBDBA649533472; 8293
1DBDBA65E74BB20; 8293
1DBDBA7BC98F001; 8286
1DBDBA7BD08411C; 8286
1DBDBA7BD759503; 8286
1DBDBA7C0F3F305; 8286
1DBDBA7D2FC29A0; 8286
1DBDBA7DB978201; 8286
1DBDBA7DC06D31C; 8286
1DBDBA7DC742703; 8286
1DBDBA7F18F627F; 8286
1DBDBA932EA2201; 8277
1DBDBA93359731C; 8277
1DBDBA936D52C29; 8277
1DBDBA948E2027F; 8277
1DBDBA9501EF081; 8277
1DBDBA965B283DF; 8277
1DBDBAA97591C7F; 8271
1DBDBAAA959BD5F; 8271
1DBDBAAC8869461; 8271
1DBDBAC0D44A85B; 8271
1DBDBAC1F409DE1; 8271
1DBDBAC40C73065; 8271
1DBDBADA31F0199; 8267
1DBDBADB54E9EE5; 8267
1DBDBADD6D829EE; 8267
1DBDBAF2E761579; 8262
1DBDBAF40A5036E; 8262
1DBDBAF60FEDCBA; 8262
1DBDBB0B4788AB1; 8266
1DBDBB0C69F98BA; 8266
1DBDBB0E7907E30; 8266
1DBDBB23FCFC972; 8271
1DBDBB251F5EE30; 8271
1DBDBB26EFB69E5; 8271
1DBDBB3D4038F65; 8279
1DBDBB3F2698AE5; 8279
1DBDBB53F9A2C65; 8277
1DBDBB56193AEE5; 8277
1DBDBB6D61B1D65; 8268
1DBDBB6F48118E5; 8268
1DBDBB83C546FE5; 8349
1DBDBB852FAC6E5; 8355
1DBDBB869A11DE5; 8351
1DBDBB8804774E5; 8357
1DBDBB896EDCBE5; 8349
1DBDBB8AEC54FE5; 8354
1DBDBB8C3E04B32; 8356
1DBDBB8D61C1CE5; 8356
1DBDBB97A9E5EE5; 8350
1DBDBB994D83CE5; 8350
1DBDBBAAF90B429; 8316
1DBDBBAC1D91F65; 8316
1DBDBBB18DEF465; 8311
1DBDBBB2E541E65; 8311
1DBDBBC1D57DCE5; 8299
1DBDBBC35C7F765; 8299
1DBDBBD37DE85E5; 8315
1DBDBBD4D53AFE5; 8315
1DBDBBE32356FE5; 8315
1DBDBBE54557416; 8315
1DBDBBFC8DCE296; 8314
1DBDBBFEAFCC986; 8314
1DBDBC15F843806; 8288
1DBDBC17257833F; 8288
1DBDBC2438DDCBF; 8283
1DBDBC243B08637; 8283
1DBDBC2624FEBC2; 8283
1DBDBC3A98AAC42; 8268
1DBDBC3C2407349; 8268
1DBDBC4D3D64AC9; 8268
1DBDBC4F5F7AA32; 8268
1DBDBC66C48DC32; 8256
1DBDBC670D2EF79; 8256
1DBDBC670D4EABE; 8256
1DBDBC689207AF0; 8256
1DBDBC7A62C0CF9; 8249
1DBDBC7A62E083E; 8249
1DBDBC7BE799870; 8249
1DBDBC7C436C80E; 8249
1DBDBC7C4920879; 8249
1DBDBC7C49403BE; 8249
1DBDBC7DC7B6AD8; 8249
1DBDBC91167698E; 8249
1DBDBC911C2A9F9; 8249
1DBDBC929AC0C58; 8249
1DBDBC93387E3FD; 8249
1DBDBC933F9828E; 8249
1DBDBC94BCEFDBC; 8249
1DBDBCAA80F527D; 8242
1DBDBCAA880F10E; 8242
1DBDBCAA8DC3179; 8242
1DBDBCAC0566C3C; 8242
1DBDBCAC873B828; 8242
1DBDBCAC8D7A7FD; 8242
1DBDBCAC949468E; 8242
1DBDBCAE0B79D3E; 8242
1DBDBCC1E952B28; 8251
1DBDBCC1EF91AFD; 8251
1DBDBCC1F6AB98E; 8251
1DBDBCC1FC5F9F9; 8251
1DBDBCC36D9103E; 8251
1DBDBCC3C9A049A; 8251
1DBDBCC3CFB26A8; 8251
1DBDBCC3D5F167D; 8251
1DBDBCC3DD0B50E; 8251
1DBDBCC4FCA1926; 8251
1DBDBCD80D9D49A; 8262
1DBDBCD813AF6A8; 8262
1DBDBCD819EE67D; 8262
1DBDBCD8210850E; 8262
1DBDBCD9409E926; 8262
1DBDBCD9BD33444; 8262
1DBDBCD9C44DF9A; 8262
1DBDBCD9CA601A8; 8262
1DBDBCD9D09F17D; 8262
1DBDBCD9D7B900E; 8262
1DBDBCDAF74F426; 8262
1DBDBCECC679DC4; 8268
1DBDBCECCD9491A; 8268
1DBDBCECD3A6B28; 8268
1DBDBCECD9E5AFD; 8268
1DBDBCECE0FF98E; 8268
1DBDBCEE0095DA6; 8268
1DBDBCEEB8D8E65; 8268
1DBDBCEEBFEC644; 8268
1DBDBCEEC70719A; 8268
1DBDBCEECD193A8; 8268
1DBDBCEED35837D; 8268
1DBDBCEEDA7220E; 8268
1DBDBCEFFA08626; 8268
1DBDBD0424797E5; 8290
1DBDBD042B8CFC4; 8290
1DBDBD0432A7B1A; 8290
1DBDBD0438B9D28; 8290
1DBDBD043EF8CFD; 8290
1DBDBD044612B8E; 8290
1DBDBD0565A8FA6; 8290
1DBDBD057BCC1E5; 8290
1DBDBD0582DF9C4; 8290
1DBDBD0589FA51A; 8290
1DBDBD05900C728; 8290
1DBDBD05964B6FD; 8290
1DBDBD06BCFB9A6; 8290
1DBDBD137413765; 8302
1DBDBD137B26F44; 8302
1DBDBD138241A9A; 8302
1DBDBD138853CA8; 8302
1DBDBD138E92C7D; 8302
1DBDBD1395ACB0E; 8302
1DBDBD14B542F26; 8302
1DBDBD14E8024E5; 8302
1DBDBD14EF15CC4; 8302
1DBDBD14F63081A; 8302
1DBDBD14FC42A28; 8302
1DBDBD1502819FD; 8302
1DBDBD162931CA6; 8302
1DBDBD2470D4B65; 8313
1DBDBD2477E8344; 8313
1DBDBD247F02E9A; 8313
1DBDBD2485150A8; 8313
1DBDBD24926DF0E; 8313
1DBDBD25B204326; 8313
1DBDBD261472965; 8313
1DBDBD261B86144; 8313
1DBDBD2622A0C9A; 8313
1DBDBD2628B2EA8; 8313
1DBDBD2755A2126; 8313
1DBDBD372DD00E5; 8324
1DBDBD3734E38C4; 8324
1DBDBD373BFE41A; 8324
1DBDBD374F6948E; 8324
1DBDBD386EFF8A6; 8324
1DBDBD38C7E4865; 8324
1DBDBD38CEF8044; 8324
1DBDBD38D612B9A; 8324
1DBDBD3A0914026; 8324
1DBDBD4A8CEB4E5; 8330
1DBDBD4A93FECC4; 8330
1DBDBD4AAE8488E; 8330
1DBDBD4BCE1ACA6; 8330
1DBDBD4C865DD65; 8330
1DBDBD4C8D71544; 8330
1DBDBD4DC78D526; 8330
1DBDBD61A5B32E5; 8327
1DBDBD61C74C68E; 8327
1DBDBD62E6E2AA6; 8327
1DBDBD63BBC1EE5; 8327
1DBDBD64FCF16A6; 8327
1DBDBD7B0935D8E; 8329
1DBDBD7C28CC1A6; 8329
1DBDBD7E5B77126; 8329
1DBDBD947ACE50E; 8273
1DBDBD959A64926; 8273
1DBDBD9717DCD26; 8272
1DBDBD989EDE7A6; 8272
1DBDBDA855E3D8E; 8237
1DBDBDA9757A1A6; 8237
1DBDBDABC8FF228; 8233
1DBDBDACE860FFF; 8233
1DBDBDAE0A7F126; 8233
1DBDBDB8C39800E; 8243
1DBDBDB9E32E426; 8243
1DBDBDBB60A6826; 8243
1DBDBDCA162DE8E; 8253
1DBDBDCB35C42A6; 8253
1DBDBDCCEC74DA6; 8253
1DBDBDDDCB1DD0E; 8244
1DBDBDDEEAB4126; 8244
1DBDBDE0B477926; 8244
1DBDBDF2D0466FD; 8250
1DBDBDF3F45B8B4; 8250
1DBDBDF3F6F69A6; 8250
1DBDBDF5FCF6625; 8250
1DBDBE0A3EE2F7D; 8248
1DBDBE0B5F0D925; 8248
1DBDBE0D8AB0CFF; 8248
1DBDBE23B3C5DA8; 8267
1DBDBE24D327B7F; 8267
1DBDBE26554023B; 8267
1DBDBE355FA7B1A; 8276
1DBDBE36803273B; 8276
1DBDBE383AD5685; 8276
1DBDBE49B926344; 8277
1DBDBE4ADB34885; 8277
1DBDBE4D10695A9; 8277
1DBDBE632D34965; 8291
1DBDBE644F56DA9; 8291
1DBDBE6600860FF; 8291
1DBDBE785499EFF; 8297
1DBDBE7A513B7DB; 8297
1DBDBE8F61CA38E; 8302
1DBDBE8F67076DB; 8302
1DBDBE916FD9D22; 8302
1DBDBEA77D9A522; 8311
1DBDBEA966CCE99; 8311
1DBDBEBD8E2DB19; 8310
1DBDBEBFC36D8F9; 8310
1DBDBED7025B0F9; 8317
1DBDBED8FEED3B1; 8317
1DBDBEEE6A8DD31; 8315
1DBDBEF09FD05F2; 8315
1DBDBF07DEBDDF2; 8323
1DBDBF09D1DF883; 8323
1DBDBF1EF134E03; 8326
1DBDBF21138131C; 8326
1DBDBF380FACD9C; 8327
1DBDBF3A3B62C01; 8327
1DBDBF518D63101; 8320
1DBDBF52D43A9F9; 8320
1DBDBF683FDB379; 8327
1DBDBF6A394DBF9; 8327
1DBDBF7F58A3179; 8331
1DBDBF818B4E0F9; 8331
1DBDBF98281BA79; 8334
1DBDBF9A513D379; 8334
1DBDBFB14D68DF9; 8343
1DBDBFB33D51FF9; 8343
1DBDBFC7BA876F9; 8354
1DBDBFC97AC1879; 8354
1DBDBFDC70F54F9; 8361
1DBDBFDE6A67D79; 8361
1DBDBFF333E8879; 8363
1DBDBFF566937F9; 8363
1DBDC00CAF0A679; 8370
1DBDC00EB206579; 8370
1DBDC0241DA6EF9; 8368
1DBDC02659DB4F9; 8368
1DBDC03DA252379; 8381
1DBDC03F5902E79; 8381
1DBDC05202EB6F9; 8393
1DBDC053B99C1F9; 8393
1DBDC065B7DB579; 8402
1DBDC067819ED79; 8402
1DBDC07AC41DDF9; 8408
1DBDC07CC719CF9; 8408
1DBDC09232BA679; 8416
1DBDC09448C9279; 8416
1DBDC0A91BD33F9; 8421
1DBDC0AB0232F79; 8421
1DBDC0C0E0446F9; 8425
1DBDC0C2FFDC979; 8425
1DBDC0D9A633979; 8429
1DBDC0DBCF55279; 8429
1DBDC0F26C22BF9; 8436
1DBDC0F46F1EAF9; 8436
1DBDC10AA304CF9; 8469
1DBDC11259118A2; 8485
1DBDC113E0218F9; 8485
1DBDC11802A74A2; 8494
1DBDC118C45E402; 8494
1DBDC118CAECD22; 8494
1DBDC11A51FCD79; 8494
1DBDC120D9D7682; 8502
1DBDC120E065FA2; 8502
1DBDC1222AD082B; 8502
1DBDC122312A082; 8502
1DBDC12237B89A2; 8502
1DBDC1226775FF9; 8502
1DBDC123BEC89F9; 8502
1DBDC13078EC82B; 8504
1DBDC1307F46082; 8504
1DBDC13085D49A2; 8504
1DBDC1320CE49F9; 8504
1DBDC1328D5E5BB; 8504
1DBDC1329202E8A; 8504
1DBDC1329884AAB; 8504
1DBDC1329EDE302; 8504
1DBDC132A56CC22; 8504
1DBDC1342C7CC79; 8504
1DBDC149898A03B; 8522
1DBDC1498E2E90A; 8522
1DBDC14994B052B; 8522
1DBDC1499B09D82; 8522
1DBDC149A1986A2; 8522
1DBDC14B0E25451; 8522
1DBDC14B108BABB; 8522
1DBDC14B153038A; 8522
1DBDC14B1BB1FAB; 8522
1DBDC14B220B802; 8522
1DBDC14B289A122; 8522
1DBDC14B28A86F9; 8522
1DBDC14CAFAA179; 8522
1DBDC15B8562D51; 8531
1DBDC15B87C93BB; 8531
1DBDC15B8C6DC8A; 8531
1DBDC15B92EF8AB; 8531
1DBDC15B9949102; 8531
1DBDC15B9FD7A22; 8531
1DBDC15D26E7A79; 8531
1DBDC15D481DD60; 8531
1DBDC15D4F26551; 8531
1DBDC15D518CBBB; 8531
1DBDC15D563148A; 8531
1DBDC15D5CB30AB; 8531
1DBDC15D630C902; 8531
1DBDC15D699B222; 8531
1DBDC15EF0AB279; 8531
1DBDC17034C8360; 8534
1DBDC1703BD0B51; 8534
1DBDC1703E371BB; 8534
1DBDC17042DBA8A; 8534
1DBDC170495D6AB; 8534
1DBDC1704FB6F02; 8534
1DBDC1705645822; 8534
1DBDC171DD55879; 8534
1DBDC1724DCC1B4; 8534
1DBDC17254605E0; 8534
1DBDC1725B68DD1; 8534
1DBDC1725DCF43B; 8534
1DBDC1726273D0A; 8534
1DBDC17268F592B; 8534
1DBDC173FCEDAF9; 8534
1DBDC18949F7C34; 8533
1DBDC189508C060; 8533
1DBDC1895794851; 8533
1DBDC18959FAEBB; 8533
1DBDC1895E9F78A; 8533
1DBDC1897209522; 8533
1DBDC18AF919579; 8533
1DBDC18B7319534; 8533
1DBDC18B79AD960; 8533
1DBDC18B80B6151; 8533
1DBDC18B831C7BB; 8533
1DBDC18B87C108A; 8533
1DBDC18D223AE79; 8533
1DBDC1A2BB903B4; 8540
1DBDC1A2C2247E0; 8540
1DBDC1A2C92CFD1; 8540
1DBDC1A2E3A1CA2; 8540
1DBDC1A46AB1CF9; 8540
1DBDC1A4BE8C2B4; 8540
1DBDC1A4C5206E0; 8540
1DBDC1A4CC28ED1; 8540
1DBDC1A66DADBF9; 8540
1DBDC1BA2A2CC34; 8552
1DBDC1BA30C1060; 8552
1DBDC1BA523E522; 8552
1DBDC1BBD94E579; 8552
1DBDC1BBD96E0BE; 8552
1DBDC1BBFD79AB4; 8552
1DBDC1BDA6E738E; 8552
1DBDC1CEBC60F22; 8553
1DBDC1D03DBCF0E; 8553
1DBDC1D2563B2FD; 8553
1DBDC1E82DF96A2; 8561
1DBDC1E9A83B7FD; 8561
1DBDC1EB885C3A8; 8561
1DBDC1FEE7633A2; 8571
1DBDC2005B66528; 8571
1DBDC20228A119A; 8571
1DBDC214497A6A2; 8573
1DBDC215B76B61A; 8573
1DBDC217CFE8D44; 8573
1DBDC22DBB12E22; 8572
1DBDC22F21E9244; 8572
1DBDC2313A6DCE5; 8572
1DBDC2473634C22; 8573
1DBDC24895F7865; 8573
1DBDC260B156A22; 8579
1DBDC262AAC92A2; 8579
1DBDC2786C3E6A2; 8579
1DBDC27A8BD6922; 8579
1DBDC291D44D7A2; 8590
1DBDC2939E10FA2; 8590
1DBDC2A72CDB422; 8588
1DBDC2A955FCD22; 8588
1DBDC2C0C4995A2; 8590
1DBDC2C2F744522; 8590
1DBDC2DA3FBB3A2; 8595
1DBDC2DC2FA45A2; 8595
1DBDC2F25A01122; 8597
1DBDC2F479993A2; 8597
1DBDC30BC210222; 8596
1DBDC30DEB31B22; 8596
1DBDC3252A1F322; 8596
1DBDC32749B75A2; 8596
1DBDC33E922E422; 8593
1DBDC340B1C66A2; 8593
1DBDC357FA3D522; 8595
1DBDC35A19D57A2; 8595
1DBDC371624C622; 8604
1DBDC3733F22B22; 8604
1DBDC387BC58222; 8603
1DBDC389E579B22; 8603
1DBDC3A12467322; 8596
1DBDC3A31450522; 8596
1DBDC3B87FF0EA2; 8605
1DBDC3BA533DD22; 8605
1DBDC3CE8428022; 8598
1DBDC3D06A87BA2; 8598
1DBDC3E534086A2; 8598
1DBDC3E753A0922; 8598
1DBDC3FE9C177A2; 8597
1DBDC400BBAFA22; 8597
1DBDC41804268A2; 8594
1DBDC41A23BEB22; 8594
1DBDC4316C359A2; 8590
1DBDC43382445A2; 8590
1DBDC44A289B5A2; 8597
1DBDC44C0EFB122; 8597
1DBDC46137D9D22; 8596
1DBDC4635771FA2; 8596
1DBDC47A9FE8E22; 8599
1DBDC47CB5F7A22; 8599
1DBDC493BBACB22; 8601
1DBDC495DB44DA2; 8601
1DBDC4AD4057FA2; 8602
1DBDC4AF5FF0222; 8602
1DBDC4C6B1F0722; 8599
1DBDC4C8D1889A2; 8599
1DBDC4E019FF822; 8601
1DBDC4E23997AA2; 8601
1DBDC4F98B97FA2; 8596
1DBDC4FB8E93EA2; 8596
1DBDC511F229122; 8606
1DBDC513BBEC922; 8606
1DBDC527A08B822; 8599
1DBDC5297D61D22; 8599
1DBDC53E506BEA2; 8608
1DBDC54023B8D22; 8608
1DBDC55454A3022; 8604
1DBDC556579EF22; 8604
1DBDC56CB1AAB22; 8604
1DBDC56ED142DA2; 8604
1DBDC58610305A2; 8608
1DBDC588263F1A2; 8608
1DBDC59EC30CB22; 8604
1DBDC5A0CF920A2; 8604
1DBDC5B775E90A2; 8605
1DBDC5B99581322; 8605
1DBDC5D0D46EB22; 8598
1DBDC5D2C457D22; 8598
1DBDC5E82FF86A2; 8598
1DBDC5EA4F90922; 8598
1DBDC6018E7E122; 8599
1DBDC602A73F464; 8599
1DBDC603CAB2722; 8599
1DBDC619EFB62E4; 8597
1DBDC61B13295A2; 8597
1DBDC61D0C9BE22; 8597
1DBDC63357C53E4; 8597
1DBDC6347B386A2; 8597
1DBDC6369AD0922; 8597
1DBDC64CB64AE64; 8605
1DBDC64DD9BE122; 8605
1DBDC64FC01DCA2; 8605
1DBDC663BBFFF64; 8608
1DBDC664DF73222; 8608
1DBDC666F581E22; 8608
1DBDC67CC4B0F64; 8604
1DBDC67DE824222; 8604
1DBDC67FF4A97A2; 8604
1DBDC695778D4E4; 8603
1DBDC6969B007A2; 8603
1DBDC698BA98A22; 8603
1DBDC6AED612F64; 8605
1DBDC6AFF986222; 8605
1DBDC6B2191E4A2; 8605
1DBDC6C834989E4; 8596
1DBDC6C9580BCA2; 8596
1DBDC6C9DD19F14; 8596
1DBDC6CB34E21A2; 8596
1DBDC6DE8EA45E4; 8581
1DBDC6DFB2178A2; 8581
1DBDC6DFE3B9004; 8581
1DBDC6E142A29A2; 8581
1DBDC6F12F037E4; 8587
1DBDC6F25276AA2; 8587
1DBDC6F2D667CDE; 8587
1DBDC6F428BE682; 8587
1DBDC707AA8EE94; 8596
1DBDC708FBC8802; 8596
1DBDC70AC8BBE2B; 8596
1DBDC71DAEC6014; 8600
1DBDC71EF9A612B; 8600
1DBDC720FFA9A8A; 8600
1DBDC7360BCDB14; 8592
1DBDC7374B8773B; 8592
1DBDC737502C00A; 8592
1DBDC73925F75D1; 8592
1DBDC74CBBAE194; 8588
1DBDC74DF901751; 8588
1DBDC75011911E0; 8588
1DBDC7657813D94; 8581
1DBDC766AE5EB60; 8581
1DBDC7688E2A2B4; 8581
1DBDC77C8752514; 8579
1DBDC77DB708EB4; 8579
1DBDC77FAF60E68; 8579
1DBDC796EE4E668; 8582
1DBDC7990DE68E8; 8582
1DBDC7B0565D768; 8590
1DBDC7B23333C68; 8590
1DBDC7C722DA168; 8594
1DBDC7C938E8D68; 8594
1DBDC7DFDF3FD68; 8588
1DBDC7E1E23BC68; 8588
1DBDC7F78CC8EFD; 8562
1DBDC7F8AEB8668; 8562
1DBDC8048DD6AD7; 8543
1DBDC805AF0B2E8; 8543
1DBDC80E407E9E8; 8546
1DBDC8101D54EE8; 8546
1DBDC824F9E86E8; 8533
1DBDC82693FCE68; 8533
1DBDC838A54EEE8; 8530
1DBDC83AB3E1997; 8530
1DBDC8515A38997; 8542
1DBDC85327A2E7D; 8542
1DBDC866144D47D; 8528
1DBDC8678312F36; 8528
1DBDC8786337FB6; 8503
1DBDC8829569AE5; 8495
1DBDC8840DFCCA8; 8495
1DBDC893E31A728; 8494
1DBDC896051DCD3; 8494
1DBDC8AD60A7853; 8476
1DBDC8AED91828E; 8476
1DBDC8BF59DF20E; 8483
1DBDC8C13080C70; 8483
1DBDC8D56AF45F0; 8509
1DBDC8E1A019A84; 8518
1DBDC8E3219DAE2; 8518
1DBDC8F34306962; 8524
1DBDC8F52304A19; 8524
1DBDC909F60EB99; 8528
1DBDC90C0EB0A30; 8528
1DBDC922B507A30; 8520
1DBDC9249503420; 8520
1DBDC93984A9920; 8514
1DBDC93B777F3D7; 8514
1DBDC950F632A57; 8508
1DBDC952FC1C623; 8508
1DBDC968AA7ED23; 8492
1DBDC969D306F61; 8492
1DBDC97B5ED54E1; 8464
1DBDC982DBB7F61; 8447
1DBDC984461D661; 8442
1DBDC985B082D61; 8445
1DBDC987FFCA061; 8445
1DBDC989A367E61; 8445
1DBDC9A0E255661; 8442
1DBDC9A1ECEBB05; 8442
1DBDC9A30B76F61; 8442
1DBDC9B93562985; 8476
1DBDC9BA097B894; 8476
1DBDC9BA0A0951F; 8476
1DBDC9BA10BAF05; 8476
1DBDC9BB2F46361; 8476
1DBDC9C363C249F; 8477
1DBDC9C36A73E85; 8477
1DBDC9C488FF2E1; 8477
1DBDC9C58FBCF28; 8477
1DBDC9C5966D41F; 8477
1DBDC9C59D1EE05; 8477
1DBDC9C6BBAA261; 8477
1DBDC9DCCEAA728; 8498
1DBDC9DCD55AC1F; 8498
1DBDC9DCDC0C605; 8498
1DBDC9DDFA97A61; 8498
1DBDC9DE390FE28; 8498
1DBDC9DE3FC031F; 8498
1DBDC9DF64FD161; 8498
1DBDC9ED75970A8; 8503
1DBDC9ED7C4759F; 8503
1DBDC9ED82F8F85; 8503
1DBDC9EEA1843E1; 8503
1DBDC9EF65802A8; 8503
1DBDC9EF6C3079F; 8503
1DBDC9F0916D5E1; 8503
1DBDCA0484D5828; 8513
1DBDCA049237705; 8513
1DBDCA05B0C2B61; 8513
1DBDCA0661ABD28; 8513
1DBDCA078D99061; 8513
1DBDCA19F44EA05; 8526
1DBDCA1B12D9E61; 8526
1DBDCA1CB677C61; 8526
1DBDCA2D5369E05; 8534
1DBDCA2E71F5261; 8534
1DBDCA3045420E1; 8534
1DBDCA42D21D485; 8528
1DBDCA43F0A88E1; 8528
1DBDCA45F3A47E1; 8528
1DBDCA5A40B9D05; 8517
1DBDCA5B5F45161; 8517
1DBDCA5D2908961; 8517
1DBDCA6F26D6B85; 8522
1DBDCA704561FE1; 8522
1DBDCA72485DEE1; 8522
1DBDCA86FE5AB85; 8496
1DBDCA881CE5FE1; 8496
1DBDCA893B002E1; 8496
1DBDCA94416F585; 8479
1DBDCA955FFA9E1; 8479
1DBDCA9F381491F; 8460
1DBDCAA05A33AB9; 8460
1DBDCAA4D820E9F; 8450
1DBDCAA5F8A96B6; 8450
1DBDCAA9FC32F9F; 8437
1DBDCAAB1B4A12A; 8437
1DBDCAAC8550AA6; 8446
1DBDCAADEF4C1FC; 8444
1DBDCAB653B58A8; 8450
1DBDCAB776030AF; 8450
1DBDCAB91DD1627; 8450
1DBDCACA79F0B27; 8452
1DBDCACCA576F64; 8452
1DBDCAE3EDEDDE4; 8471
1DBDCAE5409A894; 8471
1DBDCAF56B8CD94; 8482
1DBDCAF70F2AB94; 8482
1DBDCB0874D3714; 8479
1DBDCB0A9DF5014; 8479
1DBDCB21444C014; 8490
1DBDCB232122514; 8490
1DBDCB36B976014; 8493
1DBDCB38E297914; 8493
1DBDCB4FDEC3394; 8503
1DBDCB51C522F14; 8503
1DBDCB65F60D214; 8498
1DBDCB6815A5494; 8498
1DBDCB7E19DC614; 8508
1DBDCB7FF6B2B14; 8508
1DBDCB93DB51A14; 8506
1DBDCB9606DB284; 8506
1DBDCBAD4F52104; 8508
1DBDCBAF92C821F; 8508
1DBDCBC6E38B2DE; 8509
1DBDCBC6EE51D9F; 8509
1DBDCBC92409BC8; 8509
1DBDCBE062F73C8; 8495
1DBDCBF3C3882E8; 8507
1DBDCBF58D4BAE8; 8507
1DBDCC0748C90E8; 8514
1DBDCC09128C8E8; 8514
1DBDCC1D6012F68; 8520
1DBDCC1F7621B68; 8520
1DBDCC34D838E68; 8529
1DBDCC36D1AB6E8; 8529
1DBDCC4B02959E8; 8544
1DBDCC4C800DDE8; 8544
1DBDCC5D6032E68; 8551
1DBDCC5F501C068; 8551
1DBDCC73777CCE8; 8558
1DBDCC756765EE8; 8558
1DBDCC8A3A70068; 8556
1DBDCC8C76A4668; 8556
1DBDCCA3B591E68; 8570
1DBDCCA56C42968; 8570
1DBDCCB7C056768; 8574
1DBDCCB9E978068; 8574
1DBDCCD039FA5E8; 8584
1DBDCCD216D0AE8; 8584
1DBDCCE5FB6F9E8; 8585
1DBDCCE82E1A968; 8585
1DBDCCFF76917E8; 8604
1DBDCD00F409BE8; 8604
1DBDCD111EFC0E8; 8615
1DBDCD12CC23568; 8615
1DBDCD243B55768; 8626
1DBDCD25E87CBE8; 8626
1DBDCD37F0455E8; 8632
1DBDCD39E9B7E68; 8632
1DBDCD4F090D3E8; 8638
1DBDCD511592968; 8638
1DBDCD66CD7E6E8; 8643
1DBDCD68E38D2E8; 8643
1DBDCD7EE7C4468; 8659
1DBDCD8081D8BE8; 8659
1DBDCD919B36368; 8662
1DBDCD93BACE5E8; 8662
1DBDCDAA7DC1968; 8669
1DBDCDAC80BD868; 8669
1DBDCDC1EC5E1E8; 8677
1DBDCDC3D2BDD68; 8677
1DBDCDD8597CAE8; 8688
1DBDCDDA19B6C68; 8688
1DBDCDED0FEA8E8; 8693
1DBDCDEF12E67E8; 8693
1DBDCE04CAD2568; 8702
1DBDCE06B1320E8; 8702
1DBDCE1AD892D68; 8699
1DBDCE1CF82AFE8; 8699
1DBDCE33F456A68; 8715
1DBDCE358E6B1E8; 8715
1DBDCE46F413D68; 8723
1DBDCE48D0EA268; 8723
1DBDCE5D6132668; 8755
1DBDCE6533E9B68; 8754
1DBDCE675D0B468; 8754
1DBDCE7E9EA8EE2; 8756
1DBDCE7EA5822E8; 8756
1DBDCE80C226A9F; 8756
1DBDCE980A9D91F; 8765
1DBDCE99F431E66; 8765
1DBDCEAE67DDEE6; 8766
1DBDCEB08048485; 8766
1DBDCEC7C8BF305; 8760
1DBDCEC9C50981F; 8760
1DBDCEDF7CF559F; 8754
1DBDCEE182CA628; 8754
1DBDCEF7312CD28; 8757
1DBDD55874C47B6; 8788
1DBDD559DF29EB6; 8784
1DBDD55B498F5B6; 8791
1DBDD55CB3F4CB6; 8786
1DBDD55E447FDB6; 8790
1DBDD55FB86EB36; 8785
1DBDD56122D4236; 8786
1DBDD562A9D5CB6; 8786
1DBDD57376E8036; 8803
1DBDD574C4B13B6; 8803
1DBDD582BCF8936; 8851
1DBDD584275E036; 8860
1DBDD58676A5336; 8860
1DBDD587C46E6B6; 8860
1DBDD5A00E634B6; 8892
1DBDD5AA6010D36; 8887
1DBDD5AC335DBB6; 8887
1DBDD5BFCBB16B6; 8885
1DBDD5C1F4D2FB6; 8885
1DBDD5D93D49E36; 8876
1DBDD5DB2D33036; 8876
1DBDD5EFA0DF0B6; 8883
1DBDD5F19A51936; 8883
1DBDD606B9A6EB6; 8883
1DBDD608F5DB4B6; 8883
1DBDD6203E52336; 8891
1DBDD62224B1EB6; 8891
1DBDD63701456B6; 8901
1DBDD638DE1BBB6; 8901
1DBDD64C6CE6036; 8899
1DBDD64E9F90FB6; 8899
1DBDD66604A41B6; 8902
1DBDD668374F136; 8902
1DBDD67F7FC5FB6; 8900
1DBDD681B270F36; 8900
1DBDD698FAE7DB6; 8896
1DBDD69B2D92D36; 8896
1DBDD6B1672097B; 8861
1DBDD6B2891C8B6; 8861
1DBDD6BAFDF3C36; 8855
1DBDD6BC98083B6; 8855
1DBDD6CDB165B36; 8840
1DBDD6CF38675B6; 8840
1DBDD6DEB7B05B6; 8824
1DBDD6E00579936; 8824
1DBDD6EDB07A084; 8846
1DBDD6EECF8FDB6; 8846
1DBDD6F74467136; 8868
1DBDD6F8CB68BB6; 8873
1DBDD6FA35CE2B6; 8876
1DBDD6FBA0339B6; 8880
1DBDD6FD0A990B6; 8889
1DBDD6FF59E03B6; 8889
1DBDD700A7A9736; 8889
1DBDD717F0205B6; 8902
1DBDD719C36D436; 8902
1DBDD72C5A42FB6; 8949
1DBDD72EA000C36; 8951
1DBDD737AD6E7B6; 8957
1DBDD7395A95C36; 8957
1DBDD74ABF42D84; 8933
1DBDD74C0E07B36; 8933
1DBDD756B589E36; 8925
1DBDD7584F9E5B6; 8925
1DBDD76913272B6; 8928
1DBDD76B3C48BB6; 8928
1DBDD781E29FBB6; 8939
1DBDD783C8FF736; 8939
1DBDD7974E40536; 8951
1DBDD7990E7A6B6; 8951
1DBDD7AB628E4B6; 8965
1DBDD7AD22C8636; 8965
1DBDD7BD990A504; 8985
1DBDD7BEF158936; 8985
1DBDD7CB3C78A36; 8977
1DBDD7CCE99FEB6; 8977
1DBDD7DEA51D4B6; 8977
1DBDD7E0E151AB6; 8977
1DBDD7F829C8936; 8966
1DBDD7FA19B1B36; 8966
1DBDD80DA87BFB6; 8966
1DBDD80FD19D8B6; 8966
1DBDD8272D27436; 8972
1DBDD8294336036; 8972
1DBDD83F04AB436; 8984
1DBDD840D7F82B6; 8984
1DBDD853C4A28B6; 8993
1DBDD855A178DB6; 8993
1DBDD8693043236; 8993
1DBDD86B7600EB6; 8993
1DBDD882B4EE6B6; 8992
1DBDD884F122CB6; 8992
1DBDD89C3999B36; 9003
1DBDD89E1FF96B6; 9003
1DBDD8B1AEC3B36; 9013
1DBDD8B382109B6; 9013
1DBDD8C6D7A2736; 9027
1DBDD8C884C9BB6; 9027
1DBDD8D950E0504; 9053
1DBDD8DA6FF6236; 9053
1DBDD8E33AA2036; 9099
1DBDD8E4A507736; 9106
1DBDD8E60F6CE36; 9116
1DBDD8E779D2536; 9121
1DBDD8E8E437C36; 9127
1DBDD8EA4E9D336; 9134
1DBDD8EBB902A36; 9140
1DBDD8ED2368136; 9147
1DBDD8EE8DCD836; 9154
1DBDD8EFF832F36; 9159
1DBDD8F16298636; 9166
1DBDD8F2CCFDD36; 9174
1DBDD8F44A76136; 9180
1DBDD8F5B4DB836; 9186
1DBDD8F71F40F36; 9197
1DBDD8F96E88236; 9195
1DBDD902726C736; 9195
1DBDD904A5176B6; 9195
1DBDD91BED8E536; 9200
1DBDD91E16AFE36; 9200
1DBDD93467323B6; 9207
1DBDD93673B7936; 9207
1DBDD94BDF582B6; 9215
1DBDD94BE4C7FDF; 9215
1DBDD94DCB1BED5; 9215
1DBDD9629E26055; 9221
1DBDD964A4F795C; 9221
1DBDD97A070EC5C; 9223
1DBDD97BF64C004; 9223
1DBDD9933539804; 9227
1DBDD9955E5B104; 9227
1DBDD9AC17C4E04; 9235
1DBDD9AE07AE004; 9235
1DBDD9C2DAB8184; 9235
1DBDD9C516EC784; 9235
1DBDD9DC3CC5CC2; 9264
1DBDD9DD60E1584; 9264
1DBDD9E8ED45484; 9277
1DBDD9EA27FBB04; 9277
1DBDD9F7F094004; 9298
1DBDD9FFC34B504; 9299
1DBDDA01FF7FB04; 9299
1DBDDA193E6D304; 9309
1DBDDA1B24CCE84; 9309
1DBDDA2F55B7184; 9317
1DBDDA2F9293BAF; 9317
1DBDDA2F96228E5; 9317
1DBDDA3145A0384; 9317
1DBDDA44195292F; 9322
1DBDDA441CE1665; 9322
1DBDDA45CC5F104; 9322
1DBDDA4625D7EAF; 9322
1DBDDA462966BE5; 9322
1DBDDA47D8E4684; 9322
1DBDDA5C33986AF; 9339
1DBDDA5C37273E5; 9339
1DBDDA5DBA9A12F; 9339
1DBDDA5DBE28E65; 9339
1DBDDA5DE6A4E84; 9339
1DBDDA5F6DA6904; 9339
1DBDDA6E31D7A2F; 9351
1DBDDA6E3566765; 9351
1DBDDA6FD57582F; 9351
1DBDDA6FE4E4204; 9351
1DBDDA718882004; 9351
1DBDDA80E8D8665; 9356
1DBDDA829856104; 9356
1DBDDA8494D2E81; 9356
1DBDDA987411265; 9366
1DBDDA9A1D0FB81; 9366
1DBDDA9BEA6C2FB; 9366
1DBDDAADD628565; 9373
1DBDDAAF793677B; 9373
1DBDDAB159516B0; 9373
1DBDDAC48F92265; 9372
1DBDDAC62C5B830; 9372
1DBDDAC62CF1D24; 9372
1DBDDAC858A69C2; 9372
1DBDDADE012A9E5; 9377
1DBDDADF97941C2; 9377
1DBDDAF671451E5; 9382
1DBDDAF874410E5; 9382
1DBDDB0E8B8AF65; 9386
1DBDDB10A199B65; 9386
1DBDDB2747F0B65; 9389
1DBDDB297A9BAE5; 9389
1DBDDB40B9892E5; 9392
1DBDDB42CF97EE5; 9392
1DBDDB59D54CFE5; 9391
1DBDDB5BFE6E8E5; 9391
1DBDDB736D0B165; 9393
1DBDDB758CA33E5; 9393
1DBDDB8CE82CF65; 9394
1DBDDB8F114E865; 9394
1DBDDBA67FEB0E5; 9400
1DBDDBA88C70665; 9400
1DBDDBBE3AD2D65; 9403
1DBDDBC050E1965; 9403
1DBDDBD74D0D3E5; 9401
1DBDDBD9762ECE5; 9401
1DBDDBF0C82F1E5; 9406
1DBDDBF2D4B4765; 9406
1DBDDC092EC0365; 9407
1DBDDC0B57E1C65; 9407
1DBDDC2296CF465; 9412
1DBDDC24A3549E5; 9412
1DBDDC3AFD605E5; 9411
1DBDDC3D1CF8865; 9411
1DBDDC54656F6E5; 9408
1DBDDC56A1A3CE5; 9408
1DBDDC6DE0914E5; 9412
1DBDDC6FE38D3E5; 9412
1DBDDC869CF70E5; 9418
1DBDDC889FF2FE5; 9418
1DBDDC9E57DED65; 9416
1DBDDCA07776FE5; 9416
1DBDDCB7BFEDE65; 9418
1DBDDCB9DF860E5; 9418
1DBDDCD127FCF65; 9412
1DBDDCD334824E5; 9412
1DBDDCE8E2E4BE5; 9413
1DBDDCEAF8F37E5; 9413
1DBDDD02547D365; 9415
1DBDDD0490B1965; 9415
1DBDDD1BCF9F165; 9416
1DBDDD1DDC246E5; 9416
1DBDDD3541378E5; 9408
1DBDDD372797465; 9408
1DBDDD4C46EC9E5; 9411
1DBDDD4E6684C65; 9411
1DBDDD655927065; 9412
1DBDDD6778BF2E5; 9412
1DBDDD7EC136165; 9417
1DBDDD80CDBB6E5; 9417
1DBDDD9727C72E5; 9421
1DBDDD993DD5EE5; 9421
1DBDDDAFE42CEE5; 9414
1DBDDDB1D4160E5; 9414
1DBDDDC73FB6A65; 9415
1DBDDDC968D8365; 9415
1DBDDDE0A7C5B65; 9418
1DBDDDE2C75DDE5; 9418
1DBDDDFA0FD4C65; 9424
1DBDDDFC25E3865; 9424
1DBDDE11D445F65; 9427
1DBDDE13D741E65; 9427
1DBDDE2AE6805E5; 9425
1DBDDE2D0618865; 9425
1DBDDE444E8F6E5; 9415
1DBDDE462B65BE5; 9415
1DBDDE5A5C4FEE5; 9419
1DBDDE5C68D5465; 9419
1DBDDE72C2E1065; 9412
1DBDDE74A940BE5; 9412
1DBDDE89C896165; 9412
1DBDDE8BF1B7A65; 9412
1DBDDEA330A5265; 9420
1DBDDEA51704DE5; 9420
1DBDDEBA365A365; 9416
1DBDDEBC55F25E5; 9416
1DBDDED2F2BFF65; 9419
1DBDDED512581E5; 9419
1DBDDEEC5ACF065; 9430
1DBDDEEE2492865; 9430
1DBDDF01B35CCE5; 9424
1DBDDF03A345EE5; 9424
1DBDDF190EE6865; 9428
1DBDDF1B2E7EAE5; 9428
1DBDDF31CB4C465; 9429
1DBDDF33EAE46E5; 9429
1DBDDF4B335B565; 9429
1DBDDF4D52F37E5; 9429
1DBDDF649B6A665; 9422
1DBDDF668B53865; 9422
1DBDDF7BF6F41E5; 9429
1DBDDF7DDD53D65; 9429
1DBDDF92FCA92E5; 9426
1DBDDF951C41565; 9426
1DBDDFAC0EE3965; 9417
1DBDDFADEBB9E65; 9417
1DBDDFC268EF565; 9411
1DBDDFC46BEB465; 9411
1DBDDFD9CE02765; 9396
1DBDDFDB71A0565; 9396
1DBDDFECD7490E5; 9400
1DBDDFEED0BB965; 9400
1DBDE004FB184E5; 9396
1DBDE00711270E5; 9396
1DBDE01DB77E0E5; 9394
1DBDE01FD716365; 9394
1DBDE0371BFE4AF; 9398
1DBDE0371F8D1E5; 9398
1DBDE0384748C94; 9398
1DBDE04EE416614; 9397
1DBDE05103AE894; 9397
1DBDE0684C25714; 9386
1DBDE06A1F72594; 9386
1DBDE07DA4B3394; 9387
1DBDE07FC44B614; 9387
1DBDE0970CC2494; 9378
1DBDE0990634D14; 9378
1DBDE0AD79E0D94; 9383
1DBDE0AF7353614; 9383
1DBDE0C58A9D494; 9391
1DBDE0C77A86694; 9391
1DBDE0DC4D90814; 9391
1DBDE0DE639F414; 9391
1DBDE0F5B59F914; 9390
1DBDE0F7DEC1214; 9390
1DBDE10F1DAEA14; 9381
1DBDE1110D97C14; 9381
1DBDE1258143C94; 9374
1DBDE12767A3814; 9374
1DBDE13C4437014; 9374
1DBDE13E6D58914; 9374
1DBDE155D26BB14; 9365
1DBDE157B8CB694; 9365
1DBDE16C3F8A414; 9359
1DBDE16E38FCC94; 9359
1DBDE183AE26C94; 9347
1DBDE18577EA494; 9347
1DBDE1980EC0014; 9338
1DBDE199E20CE94; 9338
1DBDE1AE7BDE914; 9312
1DBDE1B9CF0A114; 9291
1DBDE1BF658D014; 9284
1DBDE1C957DC794; 9267
1DBDE1CF4DBD794; 9262
1DBDE1D0B822E94; 9262
1DBDE1E0A053614; 9247
1DBDE1E20AB8D14; 9247
1DBDE1F0FAF4B94; 9236
1DBDE1F28B7FC94; 9236
1DBDE2035892014; 9223
1DBDE204D60A414; 9223
1DBDE215605AA14; 9212
1DBDE2170D81E94; 9212
1DBDE228BF75E14; 9200
1DBDE22A6313C14; 9200
1DBDE23BC8BC794; 9197
1DBDE23DE854A14; 9197
1DBDE2548EABA14; 9189
1DBDE256881E294; 9189
1DBDE26B519ED94; 9206
1DBDE26CD8A0814; 9206
1DBDE27D0392D14; 9201
1DBDE27F068EC14; 9201
1DBDE294722F594; 9202
1DBDE296AE63B94; 9202
1DBDE2ADED51394; 9198
1DBDE2B0330F014; 9198
1DBDE2C6D966014; 9189
1DBDE2C8A329814; 9189
1DBDE2DD0D4C214; 9181
1DBDE2DF06BEA94; 9181
1DBDE2F37A6AB14; 9188
1DBDE2F57D66A14; 9188
1DBDE30A9CBBF94; 9192
1DBDE30CBC54214; 9192
1DBDE3231FE9494; 9185
1DBDE325490AD94; 9185
1DBDE33AB4AB714; 9200
1DBDE33C3223B14; 9200
1DBDE34D681D614; 9193
1DBDE34F5806814; 9193
1DBDE3637F67494; 9191
1DBDE365C525114; 9191
1DBDE37D0412914; 9188
1DBDE37F2D34214; 9188
1DBDE39632E9314; 9187
1DBDE398674D584; 9187
1DBDE3AFAFC4404; 9185
1DBDE3B1E4DB8E9; 9185
1DBDE3C936DBDE9; 9187
1DBDE3CA98E8FD1; 9187
1DBDE3E1E15FE51; 9200
1DBDE3E3AB23651; 9200
1DBDE3F64B82851; 9219
1DBDE3F7B5E7F51; 9219
1DBDE405AE2F4D1; 9227
1DBDE40764DFFD1; 9227
1DBDE41A1851ED1; 9246
1DBDE41B792DF51; 9246
1DBDE4296641F0A; 9264
1DBDE42A8606151; 9264
1DBDE435C61EC51; 9276
1DBDE4370A5E951; 9276
1DBDE4446A0F6D1; 9289
1DBDE445CAEB751; 9289
1DBDE4546EDC1D1; 9290
1DBDE456AB107D1; 9290
1DBDE46DF387651; 9297
1DBDE4700996251; 9297
1DBDE4856BAD551; 9287
1DBDE487520D0D1; 9287
1DBDE49AE0D7551; 9281
1DBDE49D006F7D1; 9281
1DBDE4B26C10151; 9282
1DBDE4B49531A51; 9282
1DBDE4CBF0BB5D1; 9293
1DBDE4CDD71B151; 9293
1DBDE4E165E55D1; 9289
1DBDE4E38F06ED1; 9289
1DBDE4F9E912AD1; 9280
1DBDE4FBD8FBCD1; 9280
1DBDE5102682351; 9286
1DBDE51233078D1; 9286
1DBDE5279EA8251; 9301
1DBDE529686BA51; 9301
1DBDE53AC48AF51; 9317
1DBDE53C2566FD1; 9317
1DBDE54B1F2C4D1; 9332
1DBDE54C8008551; 9332
1DBDE55ACE24551; 9347
1DBDE55C2576F51; 9347
1DBDE569D1730D1; 9355
1DBDE56B9B368D1; 9355
1DBDE57E3B95AD1; 9366
1DBDE5800EE2951; 9366
1DBDE59262F6751; 9372
1DBDE5945C68FD1; 9372
1DBDE5A98547BD1; 9378
1DBDE5AB9B567D1; 9378
1DBDE5C15342551; 9387
1DBDE5C385ED4D1; 9387
1DBDE5D7AD4E151; 9394
1DBDE5D9809AFD1; 9394
1DBDE5EE8CDD851; 9389
1DBDE5F0A2EC451; 9389
1DBDE606BA362D1; 9397
1DBDE608B3A8B51; 9397
1DBDE61D903C351; 9403
1DBDE61F9CC18D1; 9403
1DBDE6350862251; 9404
1DBDE6374496851; 9404
1DBDE64E8D0D6D1; 9404
1DBDE650C941CD1; 9404
1DBDE66811B8B51; 9411
1DBDE66A27C7751; 9411
1DBDE67F89DEA51; 9419
1DBDE6819FED651; 9419
1DBDE69672F77D1; 9432
1DBDE6980D0BF51; 9432
1DBDE6AAF02CED1; 9461
1DBDE6B30F2F7D1; 9464
1DBDE6B37C401BA; 9464
1DBDE6B3805D9A2; 9464
1DBDE6B51BB4D51; 9464
1DBDE6C845C0CBA; 9469
1DBDE6C849DE4A2; 9469
1DBDE6C9E535851; 9469
1DBDE6CA51D7C1A; 9469
1DBDE6CA524623A; 9469
1DBDE6CA5663A22; 9469
1DBDE6CBF1BADD1; 9469
1DBDE6E06921A9A; 9475
1DBDE6E069900BA; 9475
1DBDE6E06DAD8A2; 9475
1DBDE6E20904C51; 9475
1DBDE6E2780A643; 9475
1DBDE6E27F3069A; 9475
1DBDE6E27F9ECBA; 9475
1DBDE6E283BC4A2; 9475
1DBDE6E41F13851; 9475
1DBDE6F82FF63C3; 9470
1DBDE6F8371C41A; 9470
1DBDE6F8378AA3A; 9470
1DBDE6F83BA8222; 9470
1DBDE6F9D6FF5D1; 9470
1DBDE6FA3ECC09F; 9470
1DBDE6FA4604FC3; 9470
1DBDE6FA4D2B01A; 9470
1DBDE6FA4D9963A; 9470
1DBDE6FA51B6E22; 9470
1DBDE6FBED0E1D1; 9470
1DBDE7104C8C89F; 9475
1DBDE71053C57C3; 9475
1DBDE7105AEB81A; 9475
1DBDE7105F77622; 9475
1DBDE711FACE9D1; 9475
1DBDE7125911E1F; 9475
1DBDE712604AD43; 9475
1DBDE7126770D9A; 9475
1DBDE7140753F51; 9475
1DBDE72866D261F; 9495
1DBDE7286E0B543; 9495
1DBDE72879BD3A2; 9495
1DBDE729D137D1F; 9495
1DBDE72A1514751; 9495
1DBDE72B7AD9318; 9495
1DBDE73920A9D22; 9499
1DBDE73AB760598; 9499
1DBDE73CC6DC70A; 9499
1DBDE750E51B022; 9500
1DBDE752753EE0A; 9500
1DBDE754AA6AA6C; 9500
1DBDE76A603CE22; 9499
1DBDE76BDED38FB; 9499
1DBDE76BE95826C; 9499
1DBDE76E14F9E1F; 9499
1DBDE783DB5EC22; 9506
1DBDE7855D70C9F; 9506
1DBDE79B5384B22; 9513
1DBDE79D5680A22; 9513
1DBDE7B26C4C922; 9530
1DBDE7B3E9C4D22; 9530
1DBDE7C414B7222; 9519
1DBDE7C5B855022; 9519
1DBDE7D71DFDBA2; 9520
1DBDE7D9471F4A2; 9520
1DBDE7F0991F9A2; 9524
1DBDE7F2C2412A2; 9524
1DBDE8095F0EC22; 9518
1DBDE80B6B941A2; 9518
1DBDE821237FF22; 9525
1DBDE8231369122; 9525
1DBDE83832BE6A2; 9519
1DBDE83A48CD2A2; 9519
1DBDE84FF72F9A2; 9526
1DBDE851DD8F522; 9526
1DBDE867066E122; 9529
1DBDE8692F8FA22; 9529
1DBDE8802231E22; 9525
1DBDE88241CA0A2; 9525
1DBDE898E8210A2; 9530
1DBDE89AFE2FCA2; 9530
1DBDE8B1583B8A2; 9531
1DBDE8B30101547; 9531
1DBDE8B38AE6822; 9531
1DBDE8CA3FEED47; 9530
1DBDE8CAC9D4022; 9530
1DBDE8CC694B720; 9530
1DBDE8CCF2F5922; 9530
1DBDE8E3B1C25A0; 9524
1DBDE8E43B6C7A2; 9524
1DBDE8E5B7DCF90; 9524
1DBDE8E647F1D22; 9524
1DBDE8FB6FC8D10; 9529
1DBDE8FBFFDDAA2; 9529
1DBDE8FD77060DB; 9529
1DBDE8FE0C63022; 9529
1DBDE91384C68DB; 9527
1DBDE9141A23822; 9527
1DBDE915AC8B2E5; 9527
1DBDE9164345122; 9527
1DBDE92D8BBBFA2; 9527
1DBDE92FB4DD8A2; 9527
1DBDE946FD54722; 9532
1DBDE9491CEC9A2; 9532
1DBDE95F6D6EF22; 9534
1DBDE9619690822; 9534
1DBDE978DF076A2; 9538
1DBDE97AFE9F922; 9538
1DBDE991A4F6922; 9546
1DBDE9938B564A2; 9546
1DBDE9A85E60622; 9541
1DBDE9AA615C522; 9541
1DBDE9C0822FA22; 9548
1DBDE9C27BA22A2; 9548
1DBDE9D7916E1A2; 9542
1DBDE9D9946A0A2; 9542
1DBDE9EF4C55E22; 9543
1DBDE9F17F00DA2; 9543
1DBDEA08D1012A2; 9554
1DBDEA0AA44E122; 9554
1DBDEA1E33185A2; 9552
1DBDEA2049271A2; 9552
1DBDEA377E8B322; 9556
1DBDEA399499F22; 9556
1DBDEA503AF0F22; 9553
1DBDEA526D9BEA2; 9553
1DBDEA69AC896A2; 9556
1DBDEA6BC2982A2; 9556
1DBDEA82C84D3A2; 9550
1DBDEA84CB492A2; 9550
1DBDEA9A8335022; 9557
1DBDEA9C7CA78A2; 9557
1DBDEAB192737A2; 9550
1DBDEAB3825C9A2; 9550
1DBDEAC8BE4E2A2; 9558
1DBDEACAA4ADE22; 9558
1DBDEADF21E3522; 9552
1DBDEAE11B55DA2; 9552
1DBDEAF6A392AA2; 9552
1DBDEAF8C32AD22; 9552
1DBDEB100BA1BA2; 9557
1DBDEB1221B07A2; 9557
1DBDEB287232D22; 9560
1DBDEB2AA4DDCA2; 9560
1DBDEB41ED54B22; 9554
1DBDEB43F9DA0A2; 9554
1DBDEB59BB4F4A2; 9559
1DBDEB5BAB386A2; 9559
1DBDEB71D595222; 9559
1DBDEB73FEB6B22; 9559
1DBDEB8B3DA4322; 9555
1DBDEB8C3317B05; 9555
1DBDEB8D53B2F22; 9555
1DBDEBA2D96EB05; 9562
1DBDEBA3FA09F22; 9562
1DBDEBA4D5C282B; 9562
1DBDEBA4DC6AA05; 9562
1DBDEBA5FD05E22; 9562
1DBDEBBA37D9B2B; 9557
1DBDEBBA3E81D05; 9557
1DBDEBBB5F1D122; 9557
1DBDEBBC34E0976; 9557
1DBDEBBC3AD5A2B; 9557
1DBDEBBC417DC05; 9557
1DBDEBBD6219022; 9557
1DBDEBD242A1176; 9558
1DBDEBD2489622B; 9558
1DBDEBD24F3E405; 9558
1DBDEBD36FD9822; 9558
1DBDEBD45BF7273; 9558
1DBDEBD462393F6; 9558
1DBDEBD4682E4AB; 9558
1DBDEBD58F71AA2; 9558
1DBDEBEBA46E0F3; 9554
1DBDEBEBAAB0276; 9554
1DBDEBEBB0A532B; 9554
1DBDEBEBB74D505; 9554
1DBDEBECD7E8922; 9554
1DBDEBEDC12975A; 9554
1DBDEBEDC406373; 9554
1DBDEBEDCA484F6; 9554
1DBDEBEDD03D5AB; 9554
1DBDEBEEF780BA2; 9554
1DBDEC045DF70DA; 9552
1DBDEC0460D3CF3; 9552
1DBDEC046715E76; 9552
1DBDEC0473B3105; 9552
1DBDEC05944E522; 9552
1DBDEC068268F57; 9552
1DBDEC0687189DA; 9552
1DBDEC0689F55F3; 9552
1DBDEC069037776; 9552
1DBDEC07BD6FE22; 9552
1DBDEC1DC156757; 9545
1DBDEC1DC6061DA; 9545
1DBDEC1DC8E2DF3; 9545
1DBDEC1DDBC2205; 9545
1DBDEC1EFC5D622; 9545
1DBDEC1FB505B4B; 9545
1DBDEC1FBAC8FD7; 9545
1DBDEC1FBF78A5A; 9545
1DBDEC1FC255673; 9545
1DBDEC20F5CFEA2; 9545
1DBDEC3520A64CB; 9545
1DBDEC352669957; 9545
1DBDEC3540D5405; 9545
1DBDEC366170822; 9545
1DBDEC374D67587; 9545
1DBDEC37535144B; 9545
1DBDEC3759148D7; 9545
1DBDEC38941B7A2; 9545
1DBDEC4E8C54D87; 9540
1DBDEC4E923EC4B; 9540
1DBDEC4EB26DB85; 9540
1DBDEC4FD308FA2; 9540
1DBDEC5088AEBB2; 9540
1DBDEC508F50C87; 9540
1DBDEC51D604EA2; 9540
1DBDEC66F5CD4B2; 9536
1DBDEC672288385; 9536
1DBDEC6843237A2; 9536
1DBDEC69183F448; 9536
1DBDEC691EEEDB2; 9536
1DBDEC6A6C450A2; 9536
1DBDEC7FB50CDC8; 9531
1DBDEC7FE877605; 9531
1DBDEC810912A22; 9531
1DBDEC81B34CBDC; 9531
1DBDEC830C0E922; 9531
1DBDEC9802BD385; 9521
1DBDEC9923587A2; 9521
1DBDEC99A553330; 9521
1DBDEC9AF6A5622; 9521
1DBDECADB400F2B; 9525
1DBDECAED726D3A; 9525
1DBDECAEDB44522; 9525
1DBDECB0ECC731A; 9525
1DBDECC61A920AB; 9522
1DBDECC73D4989A; 9522
1DBDECC968CE7C3; 9522
1DBDECDF8FBEDF6; 9521
1DBDECE0B145643; 9521
1DBDECE2C9A499F; 9521
1DBDECF8FB153F3; 9516
1DBDECFA1BA4E9F; 9516
1DBDECFBD8D8D88; 9516
1DBDED1232E4988; 9502
1DBDED13E00BE08; 9502
1DBDED25E7D4808; 9563
1DBDED27228AE88; 9555
1DBDED288CF0588; 9562
1DBDED29D936447; 9562
1DBDED2AF8D3C08; 9562
1DBDED2C5026608; 9562
1DBDED43989D488; 9556
1DBDED459B99388; 9556
1DBDED5B79AAB08; 9542
1DBDED5D1D48908; 9542
1DBDED6EF562288; 9549
1DBDED70B59C408; 9549
1DBDED850322A88; 9548
1DBDED872C44388; 9548
1DBDED9E74BB208; 9538
1DBDED9F29DB096; 9538
1DBDEDA05B1AD88; 9538
1DBDEDB3513BD16; 9511
1DBDEDB44CAB8D2; 9511
1DBDEDB452B9C96; 9511
1DBDEDB4645C1C7; 9511
1DBDEDB583F9988; 9511
1DBDEDBEE11AED2; 9503
1DBDEDBEE729296; 9503
1DBDEDC01868F88; 9503
1DBDEDC071A5FD2; 9503
1DBDEDC1A8F4088; 9503
1DBDEDD144C6716; 9490
1DBDEDD27606408; 9490
1DBDEDD4101AB88; 9490
1DBDEDE35FA1E16; 9494
1DBDEDE490E1B08; 9494
1DBDEDE68A54388; 9494
1DBDEDFB79E7B96; 9491
1DBDEDFCAB27888; 9491
1DBDEDFEDDD2808; 9491
1DBDEE149F34F16; 9495
1DBDEE15D074C08; 9495
1DBDEE17E9CBFA0; 9495
1DBDEE2D6524196; 9494
1DBDEE2E9022FA0; 9494
1DBDEE30C4A5E75; 9494
1DBDEE46E045F96; 9498
1DBDEE480393675; 9498
1DBDEE4A25DA1BF; 9498
1DBDEE5FA9B04D2; 9507
1DBDEE60CC311BF; 9507
1DBDEE62B5E9E1A; 9507
1DBDEE773986CC7; 9498
1DBDEE773CA8B9A; 9498
1DBDEE790D0EC20; 9498
1DBDEE8CF1ADB20; 9492
1DBDEE8EEE3EE90; 9492
1DBDEEA459DF810; 9478
1DBDEEA601BEADB; 9478
1DBDEEB7B3B2A5B; 9444
1DBDEEBCD667C65; 9436
1DBDEEC4B08728B; 9415
1DBDEEC61A8D5F7; 9421
1DBDEEC77C5F58F; 9417
1DBDEEC78493D61; 9413
1DBDEEC8E6C4C8F; 9418
1DBDEEC8EE990E5; 9417
1DBDEECA5896FEC; 9418
1DBDEECA707FA3D; 9418
1DBDEECBE44FDCC; 9418
1DBDEEDB0B29A0F; 9397
1DBDEEDC08E05DA; 9397
1DBDEEDC7829A4C; 9397
1DBDEEE7A294F0F; 9382
1DBDEEE8A3DCAA3; 9382
1DBDEEE90C447A7; 9382
1DBDEEF3E42B98F; 9368
1DBDEEF4E857C51; 9368
1DBDEEF54AA05F4; 9368
1DBDEF008EA9B8F; 9368
1DBDEF01F1C208A; 9368
1DBDEF028FF487F; 9368
1DBDEF0297082A5; 9368
1DBDEF03B87BED2; 9368
1DBDEF19E1F4D7F; 9344
1DBDEF19E9087A5; 9344
1DBDEF1B0A7C3D2; 9344
1DBDEF1B394777F; 9344
1DBDEF1B405B1A5; 9344
1DBDEF1C61CEDD2; 9344
1DBDEF2944A19FF; 9338
1DBDEF294BB5425; 9338
1DBDEF2A6D29052; 9338
1DBDEF2B3E1427F; 9338
1DBDEF2B4527CA5; 9338
1DBDEF2C669B8D2; 9338
1DBDEF3F6574EFF; 9333
1DBDEF3F6C88925; 9333
1DBDEF408DFC552; 9333
1DBDEF417B83AFF; 9333
1DBDEF418297525; 9333
1DBDEF42A40B152; 9333
1DBDEF5789442FF; 9336
1DBDEF579057D25; 9336
1DBDEF58B1CB952; 9336
1DBDEF59BBEF27F; 9336
1DBDEF59C302CA5; 9336
1DBDEF5AE4768D2; 9336
1DBDEF70B81ACFF; 9345
1DBDEF70BF2E725; 9345
1DBDEF71E0A2352; 9345
1DBDEF72B18D57F; 9345
1DBDEF73DA14BD2; 9345
1DBDEF872EC2C7F; 9360
1DBDEF8735D66A5; 9360
1DBDEF88574A2D2; 9360
1DBDEF89FAE80D2; 9360
1DBDEF99F2D1C25; 9366
1DBDEF9B1445852; 9366
1DBDEF9D0DB80D2; 9366
1DBDEFB0BF4E625; 9362
1DBDEFB1E0C2252; 9362
1DBDEFB41CF6852; 9362
1DBDEFC998505A5; 9366
1DBDEFCAB9C41D2; 9366
1DBDEFCCF5F87D2; 9366
1DBDEFE27ADBBA5; 9384
1DBDEFE39C4F7D2; 9384
1DBDEFE519C7BD2; 9384
1DBDEFF42CCFB25; 9400
1DBDEFF54E43752; 9400
1DBDEFF6AF1F7D2; 9400
1DBDF003DBC7BA5; 9399
1DBDF004FD3B7D2; 9399
1DBDF007396FDD2; 9399
1DBDF01D6073025; 9409
1DBDF01E81E6C52; 9409
1DBDF0207B594D2; 9409
1DBDF0341137516; 9443
1DBDF03557ECCD2; 9443
1DBDF03B5FFCCFF; 9448
1DBDF03C8158D52; 9448
1DBDF03C8884352; 9448
1DBDF03E2AB2B4B; 9448
1DBDF04E70570A5; 9456
1DBDF04F905B6CB; 9456
1DBDF0517043ADA; 9456
1DBDF06434420FF; 9460
1DBDF06554E29DA; 9460
1DBDF0677772E49; 9460
1DBDF07DD17EA49; 9456
1DBDF07FFD89305; 9456
1DBDF096A3E0305; 9460
1DBDF098D96C72B; 9460
1DBDF0AF763A0AB; 9451
1DBDF0B169B7876; 9451
1DBDF0C5E6ECF76; 9457
1DBDF0C7F6B99F3; 9457
1DBDF0DD625A373; 9487
1DBDF0E849C17DA; 9495
1DBDF0E9DF264D7; 9495
1DBDF0FA008F357; 9489
1DBDF0FBF43E74B; 9489
1DBDF110C7488CB; 9479
1DBDF112B147C07; 9479
1DBDF1263688A07; 9476
1DBDF12862918B2; 9476
1DBDF13F5EBD332; 9474
1DBDF1419441FC8; 9474
1DBDF158DCB8E48; 9487
1DBDF15AAB49BDC; 9487
1DBDF16D421F75C; 9500
1DBDF16F003FCB0; 9500
1DBDF1805C5F1B0; 9489
1DBDF1820DE03CE; 9489
1DBDF19415A8DCE; 9489
1DBDF19614E2E96; 9489
1DBDF1AD53D0696; 9508
1DBDF1AEE45B796; 9508
1DBDF1BF0F4DC96; 9513
1DBDF1C12EE5F16; 9513
1DBDF1D69A86896; 9534
1DBDF1D7F1D9296; 9534
1DBDF1E5DA50B0F; 9555
1DBDF1E74173216; 9555
1DBDF1F091A2B16; 9558
1DBDF1F29E28096; 9558
1DBDF207C706C96; 9575
1DBDF2095791D96; 9575
1DBDF2198284296; 9577
1DBDF21BD1CB596; 9577
1DBDF23310B8D96; 9586
1DBDF23513B4C96; 9586
1DBDF249B70FD96; 9590
1DBDF24BD6A8016; 9590
1DBDF2623A3D296; 9604
1DBDF2640400A96; 9604
1DBDF276023FE16; 9615
1DBDF277CC03616; 9615
1DBDF28A2017416; 9613
1DBDF28C563D652; 9613
1DBDF2A39EB44D2; 9624
1DBDF2A51BF460F; 9624
1DBDF2B8BDD178F; 9627
1DBDF2BAF07C70F; 9627
1DBDF2D1ECA818F; 9634
1DBDF2D402B6D8F; 9634
1DBDF2E964CE08F; 9638
1DBDF2EB977900F; 9638
1DBDF3023DD000F; 9647
1DBDF304374288F; 9647
1DBDF318B477F8F; 9650
1DBDF31AF0AC58F; 9650
1DBDF331E34E98F; 9649
1DBDF3341F82F8F; 9649
1DBDF34B67F9E0F; 9655
1DBDF34D7E08A0F; 9655
1DBDF36335F478F; 9662
1DBDF363BA01CFA; 9662
1DBDF36538F068F; 9662
1DBDF378D95727A; 9671
1DBDF37A5845C0F; 9671
1DBDF37AB99D4A5; 9671
1DBDF37ABFB6DFA; 9671
1DBDF37C3EA578F; 9671
1DBDF38EEA877A5; 9690
1DBDF38EF0A10FA; 9690
1DBDF3904E2635C; 9690
1DBDF39054ECEA5; 9690
1DBDF3905B067FA; 9690
1DBDF3906F8FA8F; 9690
1DBDF391D9F518F; 9690
1DBDF39F3E621DC; 9687
1DBDF39F4528D25; 9687
1DBDF39F4B4267A; 9687
1DBDF3A0CA3100F; 9687
1DBDF3A15DFA45C; 9687
1DBDF3A164C0FA5; 9687
1DBDF3A16ADA8FA; 9687
1DBDF3A2E9C928F; 9687
1DBDF3B7C18F6DC; 9690
1DBDF3B7C856225; 9690
1DBDF3B7CE6FB7A; 9690
1DBDF3B94D5E50F; 9690
1DBDF3B9F43A65C; 9690
1DBDF3B9FB011A5; 9690
1DBDF3BB800948F; 9690
1DBDF3D13CB14DC; 9696
1DBDF3D1499197A; 9696
1DBDF3D2C88030F; 9696
1DBDF3D352C00DC; 9696
1DBDF3D4DE8EF0F; 9696
1DBDF3E90E02C7A; 9707
1DBDF3EA8CF160F; 9707
1DBDF3EC603E48F; 9707
1DBDF3FE23CEB7A; 9710
1DBDF3FFA2BD50F; 9710
1DBDF401CE9813D; 9710
1DBDF417491BEFA; 9716
1DBDF418C13A53D; 9716
1DBDF41AC73F3DA; 9716
1DBDF42F171687A; 9725
1DBDF43088B47DA; 9725
1DBDF432691BCA3; 9725
1DBDF4452E606FA; 9721
1DBDF4469A05FA3; 9721
1DBDF448A96FC51; 9721
1DBDF45DA80457A; 9724
1DBDF45F0D04ED1; 9724
1DBDF4612F51625; 9724
1DBDF477199CCFA; 9730
1DBDF47870B4A7F; 9730
1DBDF47877C84A5; 9730
1DBDF48EE79767A; 9726
1DBDF49110B8F7A; 9726
1DBDF4A7C0995FA; 9734
1DBDF4A993E647A; 9734
1DBDF4BE7A032FA; 9738
1DBDF4C0A324BFA; 9738
1DBDF4D73FF257A; 9736
1DBDF4D96913E7A; 9736
1DBDF4F0CE2707A; 9740
1DBDF4F2EDBF2FA; 9740
1DBDF50994162FA; 9742
1DBDF50BC6C127A; 9742
1DBDF52305AEA7A; 9746
1DBDF5252ED037A; 9746
1DBDF53BD52737A; 9746
1DBDF53DF4BF5FA; 9746
1DBDF55559D27FA; 9754
1DBDF5575CCE6FA; 9754
1DBDF56C7C23C7A; 9749
1DBDF56E6C0CE7A; 9749
1DBDF5848CE037A; 9749
1DBDF586BF8B2FA; 9749
1DBDF59DFE78AFA; 9748
1DBDF5A0279A3FA; 9748
1DBDF5B7701127A; 9748
1DBDF5B99932B7A; 9748
1DBDF5D0E1A99FA; 9751
1DBDF5D30ACB2FA; 9751
1DBDF5EA534217A; 9753
1DBDF5EC98FFDFA; 9753
1DBDF603E176C7A; 9753
1DBDF605EDFC1FA; 9753
1DBDF61D530F3FA; 9761
1DBDF61F396EF7A; 9761
1DBDF634160277A; 9756
1DBDF63618FE67A; 9756
1DBDF64C435B1FA; 9766
1DBDF64E20316FA; 9766
1DBDF661FB46F7A; 9765
1DBDF6642DF1EFA; 9765
1DBDF67B7668D7A; 9790
1DBDF67CBAA8A7A; 9790
1DBDF68A9653C7A; 9765
1DBDF690103A7FA; 9770
1DBDF691678D1FA; 9770
1DBDF6A074653FA; 9765
1DBDF6A26DD7C7A; 9765
1DBDF6B783A3B7A; 9760
1DBDF6B9869FA7A; 9760
1DBDF6CF946027A; 9771
1DBDF6D1549A3FA; 9771
1DBDF6E4971947A; 9784
1DBDF6E64DC9F7A; 9784
1DBDF6F7FFBDEFA; 9775
1DBDF6F9ACE537A; 9775
1DBDF70D0C0077A; 9781
1DBDF70F0EFC67A; 9781
1DBDF724711397A; 9781
1DBDF72690ABBFA; 9781
1DBDF73DD922A7A; 9772
1DBDF73FC90BC7A; 9772
1DBDF7543CB7CFA; 9775
1DBDF75652C68FA; 9775
1DBDF76D4EF237A; 9773
1DBDF76F6E8A5FA; 9773
1DBDF786B70147A; 9778
1DBDF788C3869FA; 9778
1DBDF79EE459EFA; 9777
1DBDF7A103F217A; 9777
1DBDF7B84C68FFA; 9776
1DBDF7BA889D5FA; 9776
1DBDF7D1C78ADFA; 9775
1DBDF7D3D41037A; 9775
1DBDF7EA0C6565D; 9777
1DBDF7EB2F99EFA; 9777
1DBDF7EC3586F5D; 9777
1DBDF7ED58BB7FA; 9777
1DBDF8036E82BCA; 9775
1DBDF803747475D; 9775
1DBDF80497A8FFA; 9775
1DBDF80597A44CA; 9775
1DBDF8059D9605D; 9775
1DBDF806C0CA8FA; 9775
1DBDF81CCF9EE7A; 9779
1DBDF81CD691CCA; 9779
1DBDF81CDC8385D; 9779
1DBDF81DFFB80FA; 9779
1DBDF81EE5ADA7A; 9779
1DBDF81EECA08CA; 9779
1DBDF81EF29245D; 9779
1DBDF82015C6CFA; 9779
1DBDF83586F3DF6; 9781
1DBDF8358C04A7A; 9781
1DBDF83592F78CA; 9781
1DBDF83598E945D; 9781
1DBDF836BC1DCFA; 9781
1DBDF837B0156F6; 9781
1DBDF837B52637A; 9781
1DBDF837BC191CA; 9781
1DBDF838E53F5FA; 9781
1DBDF84EEA38405; 9772
1DBDF84EEF02EF6; 9772
1DBDF84EF413B7A; 9772
1DBDF84EFB069CA; 9772
1DBDF84F00F855D; 9772
1DBDF850242CDFA; 9772
1DBDF850D097F85; 9772
1DBDF850D562A76; 9772
1DBDF850DA736FA; 9772
1DBDF8520A8C97A; 9772
1DBDF865475ADF4; 9770
1DBDF865481A838; 9770
1DBDF8654DCD685; 9770
1DBDF8655298176; 9770
1DBDF86557A8DFA; 9770
1DBDF865648D7DD; 9770
1DBDF86687C207A; 9770
1DBDF86766F3074; 9770
1DBDF86767B2AB8; 9770
1DBDF8676D65905; 9770
1DBDF86772303F6; 9770
1DBDF868A75A2FA; 9770
1DBDF87EA98C27B; 9766
1DBDF87EAF69EF4; 9766
1DBDF87EB029938; 9766
1DBDF87EB5DC785; 9766
1DBDF87ECC9C8DD; 9766
1DBDF87FEFD117A; 9766
1DBDF880C9244FB; 9766
1DBDF880CF02174; 9766
1DBDF880CFC1BB8; 9766
1DBDF880D574A05; 9766
1DBDF8820F693FA; 9766
1DBDF897612ED66; 9768
1DBDF89765F1E7B; 9768
1DBDF8976BCFAF4; 9768
1DBDF8976C8F538; 9768
1DBDF89789024DD; 9768
1DBDF898AC36D7A; 9768
1DBDF89980C6FE6; 9768
1DBDF899858A0FB; 9768
1DBDF8998B67D74; 9768
1DBDF89ACBCEFFA; 9768
1DBDF8B0F3F2FB4; 9760
1DBDF8B0F8ECEE6; 9760
1DBDF8B0FDAFFFB; 9760
1DBDF8B120C065D; 9760
1DBDF8B243F4EFA; 9760
1DBDF8B2E3DC1B4; 9760
1DBDF8B2E8D60E6; 9760
1DBDF8B433DE0FA; 9760
1DBDF8C7BB667F7; 9757
1DBDF8C7C06F9B4; 9757
1DBDF8C7ED3D05D; 9757
1DBDF8C910718FA; 9757
1DBDF8C9D1753F7; 9757
1DBDF8C9D67E5B4; 9757
1DBDF8CB26804FA; 9757
1DBDF8E0C6C65C2; 9755
1DBDF8E0CDA0E77; 9755
1DBDF8E0FF776DD; 9755
1DBDF8E222ABF7A; 9755
1DBDF8E2EFE7EC2; 9755
1DBDF8E44BCD87A; 9755
1DBDF8FA296EE60; 9755
1DBDF8FA2ED56C2; 9755
1DBDF8FA67867DD; 9755
1DBDF8FB8ABB07A; 9755
1DBDF8FC5290760; 9755
1DBDF8FDB3DC97A; 9755
1DBDF91395A2805; 9758
1DBDF9139B075E0; 9758
1DBDF913D91EF5D; 9758
1DBDF914FC537FA; 9758
1DBDF915ABB1405; 9758
1DBDF91712623FA; 9758
1DBDF92CAAB0F2B; 9753
1DBDF92CF4E2C5D; 9753
1DBDF92E18174FA; 9753
1DBDF92EC0BFB2B; 9753
1DBDF9302E260FA; 9753
1DBDF9455B73DDD; 9763
1DBDF9467EA867A; 9763
1DBDF9484BDBBA5; 9763
1DBDF95B0D6DFCA; 9758
1DBDF95C307AAA5; 9758
1DBDF95E2CAFE5C; 9758
1DBDF973173787A; 9747
1DBDF9743A7065C; 9747
1DBDF975BE0F4AA; 9747
1DBDF988F704EAA; 9750
1DBDF98B169D12A; 9750
1DBDF9A1D9904AA; 9756
1DBDF9A3D302D2A; 9756
1DBDF9B99E017AA; 9860
1DBDF9BB0866EAA; 9873
1DBDF9BC72CC5AA; 9868
1DBDF9BDDD31CAA; 9871
1DBDF9C019662AA; 9871
1DBDF9C170B8CAA; 9871
1DBDF9D8B92FB2A; 9875
1DBDF9DAD8C7DAA; 9875
1DBDF9F17F1EDAA; 9874
1DBDF9F3A8406AA; 9874
1DBDFA0AFA40BAA; 9867
1DBDFA0CF3B342A; 9867
1DBDFA225F53DAA; 9862
1DBDFA246BD932A; 9862
1DBDFA3A70104AA; 9860
1DBDFA3C9931DAA; 9860
1DBDFA53E1A8C2A; 9853
1DBDFA55ECB6F4B; 9853
1DBDFA6B4ECE24B; 9845
1DBDFA6D2ED08CC; 9845
1DBDFA8201DAA4C; 9854
1DBDFA83E207D87; 9854
1DBDFA980968A07; 9865
1DBDFA99C3D6096; 9865
1DBDFAACBA09D16; 9870
1DBDFAAEB6FE138; 9870
1DBDFAC46EE9EB8; 9867
1DBDFAC6A37878D; 9867
1DBDFADD961AB8D; 9859
1DBDFADF63402D3; 9859
1DBDFAF44F03460; 9836
1DBDFAF452E67D3; 9836
1DBDFAF58974FBD; 9836
1DBDFB0293512BD; 9829
1DBDFB04575B29E; 9829
1DBDFB17440589E; 9824
1DBDFB1949EE6A8; 9824
1DBDFB2F01DA428; 9826
1DBDFB2FB21C00C; 9826
1DBDFB2FB4EF808; 9826
1DBDFB3123F62C7; 9826
1DBDFB46FA92E8C; 9830
1DBDFB46FD66688; 9830
1DBDFB486C6D147; 9830
1DBDFB491F4E9B6; 9830
1DBDFB4923B478C; 9830
1DBDFB492687F88; 9830
1DBDFB4A8EB50A4; 9830
1DBDFB5FBC1C336; 9824
1DBDFB5FC355908; 9824
1DBDFB612B82A24; 9824
1DBDFB61C1D5B5E; 9824
1DBDFB633175927; 9824
1DBDFB7787C6C08; 9815
1DBDFB78E9616A7; 9815
1DBDFB7A6E7A6D1; 9815
1DBDFB8D9F10A88; 9782
1DBDFB8F37FB1D1; 9782
1DBDFB96C7F0951; 9776
1DBDFB9862050D1; 9776
1DBDFBA8CFB9351; 9769
1DBDFBAAB618ED1; 9769
1DBDFBBEE7031D1; 9754
1DBDFBC0778E2D1; 9754
1DBDFBD144A0651; 9754
1DBDFBD3774B5D1; 9754
1DBDFBEABFC2451; 9750
1DBDFBECE8E3D51; 9750
1DBDFC038F3AD51; 9725
1DBDFC04C9F13D1; 9725
1DBDFC11DD56D51; 9722
1DBDFC13F365951; 9722
1DBDFC2A0126151; 9721
1DBDFC2C3D5A751; 9721
1DBDFC43638095D; 9691
1DBDFC44874F551; 9691
1DBDFC4F66FFA60; 9709
1DBDFC508624251; 9709
1DBDFC57A4D2C08; 9723
1DBDFC593DBD351; 9723
1DBDFC5F7ABC442; 9733
1DBDFC609E03A51; 9733
1DBDFC68FC2CEAB; 9747
1DBDFC6A1DE23D1; 9747
1DBDFC72466E351; 9750
1DBDFC743FE0BD1; 9750
1DBDFC8912EAD51; 9771
1DBDFC8A60B40D1; 9771
1DBDFC987F21051; 9785
1DBDFC99DFFD0D1; 9785
1DBDFCA8248FA51; 9788
1DBDFCAA4DB1351; 9788
1DBDFCC0A7BCF51; 9799
1DBDFCC275379C8; 9799
1DBDFCD5D452DC8; 9786
1DBDFCD772FAA2A; 9786
1DBDFCE92E7802A; 9784
1DBDFCEB766F02D; 9784
1DBDFD02B55C82D; 9789
1DBDFD04C4BC6DD; 9789
1DBDFD1B285195D; 9799
1DBDFD1CFF362CA; 9799
1DBDFD31007154A; 9800
1DBDFD332C2967A; 9800
1DBDFD4A74A04FA; 9783
1DBDFD4C132D676; 9783
1DBDFD5D2301776; 9769
1DBDFD5EAEC1D85; 9769
1DBDFD6ED02AC05; 9761
1DBDFD709DC4C38; 9761
1DBDFD83DF84274; 9757
1DBDFD83E043CB8; 9757
1DBDFD8615DABFB; 9757
1DBDFD9C665D17B; 9739
1DBDFD9DD588DE6; 9739
1DBDFDAE138DFE6; 9751
1DBDFDAFB231EB4; 9751
1DBDFDC075BABB4; 9763
1DBDFDC2144F7F7; 9763
1DBDFDD337365F7; 9765
1DBDFDD576199C2; 9765
1DBDFDECBE90842; 9779
1DBDFDEE82ED7E0; 9779
1DBDFE00E08AC60; 9790
1DBDFE02884D305; 9790
1DBDFE14F8FD485; 9793
1DBDFE1724F2E2B; 9793
1DBDFE2E211E8AB; 9796
1DBDFE2FC981908; 9796
1DBDFE4711F8788; 9795
1DBDFE494E2CD88; 9795
1DBDFE6096A3C08; 9803
1DBDFE62999FB08; 9803
1DBDFE77B8F5088; 9815
1DBDFE798C41F08; 9815
1DBDFE8C2317A88; 9815
1DBDFE8E5F4C088; 9815
1DBDFEA5A7C2F08; 9820
1DBDFEA7DA6DE88; 9820
1DBDFEBE3479A88; 9828
1DBDFEC02462C88; 9828
1DBDFED500F6488; 9832
1DBDFED72A17D88; 9832
1DBDFEEDD06ED88; 9843
1DBDFEEFC057F88; 9843
1DBDFF034F22408; 9851
1DBDFF052BF8908; 9851
1DBDFF19666C288; 9853
1DBDFF1BAC29F08; 9853
1DBDFF32EB17708; 9852
1DBDFF351DC2688; 9852
1DBDFF4C82D5888; 9864
1DBDFF4E5622708; 9864
1DBDFF6198A1788; 9875
1DBDFF636BEE608; 9875
1DBDFF7602C4188; 9892
1DBDFF7776B2F08; 9892
1DBDFF86B33A188; 9908
1DBDFF87F779E88; 9908
1DBDFF95ACFF688; 9914
1DBDFF9789D5B88; 9914
1DBDFFAB6E74A88; 9921
1DBDFFAD7AFA008; 9921
1DBDFFC26AA0508; 9930
1DBDFFC43463D08; 9930
1DBDFFD82C15908; 9931
1DBDFFDA6849F08; 9931
1DBDFFF1B0C0D88; 9940
1DBDFFF39720908; 9940
1DBE00081DDF688; 9939
1DBE000A508A608; 9939
1DBE00219901488; 9948
1DBE002388EA688; 9948
1DBE0039079DD08; 9975
1DBE0043F1E1D88; 9984
1DBE00456F5A188; 9984
1DBE00559778E8C; 10013
1DBE00559A4C688; 10013
1DBE005C1801236; 10014
1DBE005E3A56DDE; 10014
1DBE0074D72475E; 10013
1DBE0076F96740C; 10013
1DBE008E41DE28C; 10023
1DBE009022B3F32; 10023
1DBE00A44A14BB2; 10029
1DBE0207EAB9178; 10059
1DBE020A1D640F8; 10059
1DBE02215C518F8; 10056
1DBE022385731F8; 10056
1DBE023ACDEA078; 10079
1DBE023C1BB33F8; 10079
1DBE024A69CF3F8; 10072
1DBE024C3D1C278; 10072
1DBE025FCBE66F8; 10071
1DBE0261FE91678; 10071
1DBE02793D7EE78; 10071
1DBE027B66A0778; 10071
1DBE0292AF175F8; 10073
1DBE0294D838EF8; 10073
1DBE02AC20AFD78; 10073
1DBE02AE666D9F8; 10073
1DBE02C5AEE4878; 10068
1DBE02C795443F8; 10068
1DBE02DDBFA0F78; 10064
1DBE02DFDF391F8; 10064
1DBE02F685901F8; 10065
1DBE02F8AEB1AF8; 10065
1DBE030FF728978; 10064
1DBE0312204A278; 10064
1DBE032968C10F8; 10066
1DBE032B91E29F8; 10066
1DBE0342DA59878; 10063
1DBE0345037B178; 10063
1DBE035C4BF1FF8; 10063
1DBE035E75138F8; 10063
1DBE0375BD8A778; 10064
1DBE0377E6AC078; 10064
1DBE038F2F22EF8; 10063
1DBE039158447F8; 10063
1DBE03A8A0BB678; 10063
1DBE03AAC9DCF78; 10063
1DBE03C21253DF8; 10067
1DBE03C431EC078; 10067
1DBE03DAD843078; 10069
1DBE03DD0164978; 10069
1DBE03F449DB7F8; 10071
1DBE03F672FD0F8; 10071
1DBE040DBB73F78; 10081
1DBE040F984A478; 10081
1DBE0423C934778; 10086
1DBE0425CC30678; 10086
1DBE043BD9F0E78; 10085
1DBE043E0C9BDF8; 10085
1DBE04554B895F8; 10093
1DBE045744FBE78; 10093
1DBE046C34A2378; 10092
1DBE046E41278F8; 10092
1DBE0485A63AAF8; 10110
1DBE04872D3C578; 10110
1DBE0497A479E78; 10089
1DBE0498C294178; 10089
1DBE04A4456E9F8; 10087
1DBE04A6486A8F8; 10087
1DBE04BD01D45F8; 10081
1DBE04D23DC5EF8; 10078
1DBE04D453D4AF8; 10078
1DBE04EB5000578; 10081
1DBE04ED8C34B78; 10081
1DBE0504CB22378; 10070
1DBE050694E5B78; 10070
1DBE051A2D39678; 10122
1DBE051B979ED78; 10128
1DBE051D1517178; 10137
1DBE051E7F7C878; 10136
1DBE0520362D378; 10136
1DBE05314601478; 10140
1DBE05332C60FF8; 10140
1DBE054956BDB78; 10140
1DBE054B8968AF8; 10140
1DBE0562C8562F8; 10144
1DBE0564E7EE578; 10144
1DBE057B8E45578; 10140
1DBE057DA454178; 10140
1DBE059470D0B78; 10140
1DBE059699F2478; 10140
1DBE05ADEBF2978; 10143
1DBE05B01E9D8F8; 10143
1DBE05C76714778; 10132
1DBE05C930D7F78; 10132
1DBE05DCC92BA78; 10130
1DBE05DEF24D378; 10130
1DBE05F63AC41F8; 10128
1DBE05F863E5AF8; 10128
1DBE060FAC5C978; 10132
1DBE0611D57E278; 10132
1DBE0628724BBF8; 10130
1DBE062A9B6D4F8; 10130
1DBE0641E3E4378; 10125
1DBE0643F9F2F78; 10125
1DBE065A53FEB78; 10117
1DBE065C3A5E6F8; 10117
1DBE0671764FFF8; 10158
1DBE067585D1478; 10160
1DBE0677591E2F8; 10160
1DBE068AE7E8778; 10150
1DBE068CB1ABF78; 10150
1DBE069FF42AFF8; 10145
1DBE06A20A39BF8; 10145
1DBE06B7B89C2F8; 10135
1DBE06B995727F8; 10135
1DBE06CD7A116F8; 10126
1DBE06CF56E7BF8; 10126
1DBE06E34510178; 10119
1DBE06E53E829F8; 10119
1DBE06FA1B161F8; 10116
1DBE06FC3AAE478; 10116
1DBE071349ECBF8; 10097
1DBE0714C764FF8; 10097
1DBE0724A60C0F8; 10095
1DBE0726D8B7078; 10095
1DBE073E2AB7578; 10109
1DBE073FE168078; 10109
1DBE075201325AA; 10083
1DBE075323E70F8; 10083
1DBE075D1FBFEF8; 10077
1DBE075ED6709F8; 10077
1DBE07712A847F8; 10128
1DBE077294E9EF8; 10127
1DBE07742574FF8; 10127
1DBE07849CB28F8; 10138
1DBE078640506F8; 10138
1DBE0797FBCDCF8; 10106
1DBE079E7793C11; 10116
1DBE079E7F005C0; 10116
1DBE07A671AAA92; 10130
1DBE07A67645126; 10130
1DBE07AB4F936CC; 10139
1DBE07AFC6C3FE2; 10146
1DBE07B74B303D0; 10175
1DBE07B8B52D3D0; 10154
1DBE07BA1F340C3; 10152
1DBE07C3A234C34; 10151
1DBE07C3A676014; 10151
1DBE07C5DB5B294; 10151
1DBE07DD1A48A94; 10149
1DBE07DF4613226; 10149
1DBE07F68E8A0A6; 10162
1DBE07F84A00322; 10162
1DBE080AEA5F522; 10140
1DBE080C172C36F; 10140
1DBE08188871E6F; 10150
1DBE081A0AB0D22; 10150
1DBE082A35A3222; 10099
1DBE082B9FAAC69; 10098
1DBE082D445AF44; 10098
1DBE083E116D2C4; 10061
1DBE084026EFE26; 10057
1DBE084347317F4; 10059
1DBE0844D2C06B4; 10059
1DBE0855F5A74B4; 10099
1DBE08575FAE013; 10103
1DBE0858C9B47C4; 10083
1DBE085A33B0ECC; 10110
1DBE085B9DB790D; 10092
1DBE085D07BE086; 10101
1DBE085E84CA8ED; 10098
1DBE085FEED178C; 10103
1DBE086158D6E77; 10107
1DBE0862C2DDD09; 10110
1DBE086495AB2B2; 10112
1DBE08712A7F39F; 10141
1DBE087293B467C; 10143
1DBE087C2410149; 10158
1DBE0883C513B0A; 10188
1DBE0884F5E9BDD; 10169
1DBE08865FF0CB9; 10196
1DBE0887C9EDF2B; 10177
1DBE088940AF92A; 10178
1DBE0889470442E; 10178
1DBE088AEA9AC36; 10178
1DBE089BF34C498; 10241
1DBE089BFA6ED36; 10241
1DBE089D6DFE4A9; 10221
1DBE089ED7F89A1; 10222
1DBE08A06387898; 10222
1DBE08B14D35F98; 10259
1DBE08B362B87F3; 10238
1DBE08B4CCBDA16; 10260
1DBE08B636BB100; 10255
1DBE08B7A0C06F4; 10241
1DBE08B90ABE510; 10265
1DBE08BA74C2D3A; 10243
1DBE08BBEC0EC13; 10243
1DBE08BBF1CFFA8; 10243
1DBE08BE168F916; 10243
1DBE08D57219496; 10271
1DBE08D6962AE4F; 10271
1DBE08E2B19BECF; 10240
1DBE08E2B75011F; 10240
1DBE08E431A956A; 10261
1DBE08E5AEB5B27; 10238
1DBE08E7355527C; 10235
1DBE08EAAB4ACDD; 10220
1DBE08EC1550B0C; 10212
1DBE08ED925E0D7; 10208
1DBE08EF05EB469; 10200
1DBE08F06FE9DC5; 10192
1DBE08F1ECFF53C; 10186
1DBE08F356FB227; 10183
1DBE08F516BE3F5; 10177
1DBE08F680C6450; 10173
1DBE08F7FDD2F56; 10171
1DBF34E52799C2D; 10317
1DBF34FA5A01EAD; 10301
1DBF34FC1A3C02D; 10301
1DBF350CE74E3AD; 10292
1DBF350E9DFEEAD; 10292
1DBF3521BA5852D; 10289
1DBF3523E379E2D; 10289
1DBF353AE92EF2D; 10273
1DBF353C96563AD; 10273
1DBF354DFBFEF2D; 10262
1DBF354FC5C272D; 10262
1DBF3561CD8B12D; 10258
1DBF3563E399D2D; 10258
1DBF3579FAE3BAD; 10249
1DBF357BEACCDAD; 10249
1DBF35901BB70AD; 10244
1DBF359244D89AD; 10244
1DBF35A8490FB2D; 10236
1DBF35AA68A7DAD; 10236
1DBF35BF3BB1F2D; 10228
1DBF35C1188842D; 10228
1DBF35D59F471AD; 10214
1DBF35D75F8132D; 10214
1DBF35E8F4D8F2D; 10201
1DBF35EA856402D; 10201
1DBF35FB5BFFA2D; 10198
1DBF35FD983402D; 10198
1DBF36143E8B02D; 10185
1DBF361611D7EAD; 10185
1DBF3628B2370AD; 10200
1DBF362A4C4B82D; 10200
1DBF363B52962AD; 10175
1DBF364413B8A2D; 10168
1DBF364603A1C2D; 10168
1DBF3656250AAAD; 10163
1DBF3657E544C2D; 10163
1DBF366D2ABFBAD; 10158
1DBF366F66F41AD; 10158
1DBF36859ADA3AD; 10155
1DBF3687BA7262D; 10155
1DBF369ED33A42D; 10149
1DBF36A118F80AD; 10149
1DBF36B6C75A7AD; 10162
1DBF36B87481C2D; 10162
1DBF36CAABF96AD; 10144
1DBF36CC1FE842D; 10144
1DBF36DA6E0442D; 10159
1DBF36DBBBCD7AD; 10159
1DBF36E97ADC62D; 10164
1DBF36EB8761BAD; 10164
1DBF370063F53AD; 10143
1DBF3701C4D142D; 10143
1DBF370FC6A202D; 10171
1DBF3713F2BF82D; 10152
1DBF3715834A92D; 10149
1DBF37176020E2D; 10151
1DBF371E872EE2D; 10159
1DBF371FCB6EB2D; 10159
1DBF372CDED44AD; 10175
1DBF372E0677E2D; 10175
1DBF3739561E615; 10196
1DBF373A77BD92D; 10196
1DBF3740B9E9D2D; 10204
1DBF3741D80402D; 10204
1DBF374D0E934AD; 10210
1DBF374EEB699AD; 10210
1DBF3761E19D62D; 10233
1DBF3763722872D; 10233
1DBF376F0E1A315; 10246
1DBF3770858E0AD; 10246
1DBF377DEEC84AD; 10264
1DBF377F166BE2D; 10264
1DBF3789B464AAD; 10268
1DBF378BA44DCAD; 10268
1DBF37A03E1F72D; 10269
1DBF37A28D66A2D; 10269
1DBF37B9D5DD8AD; 10264
1DBF37BC088882D; 10264
1DBF37D2629442D; 10256
1DBF37D478A302D; 10256
1DBF37E94223B2D; 10255
1DBF37EB916AE2D; 10255
1DBF3802D9E1CAD; 10250
1DBF38051F9F92D; 10250
1DBF381B8334BAD; 10234
1DBF381D305C02D; 10234
1DBF382E49B97AD; 10218
1DBF382FBDA852D; 10218
1DBF383E24DB895; 10198
1DBF383FB8EB9AD; 10198
1DBF384A4D5AFAD; 10192
1DBF384C2A314AD; 10192
1DBF385ECA906AD; 10177
1DBF38606E2E4AD; 10177
1DBF38708F9732D; 10176
1DBF3872DEDE62D; 10176
1DBF38899E4C995; 10216
1DBF388ADC8802D; 10216
1DBF3891B74AC2D; 10234
1DBF3892DB69595; 10238
1DBF38947902D2D; 10241
1DBF3895E36842D; 10241
1DBF389FC2A4EAD; 1422
1DBF38A2419B22D; 1431
1DBF38A401D53AD; 1431
1DBF38A54F9E72D; 1432
1DBF38B5BD529AD; 1429
1DBF38B8162332D; 1429
1DBF38CEBC7A32D; 1430
1DBF38D10237FAD; 1430
1DBF38E85DC1B2D; 1434
1DBF38EA2400315; 1434
1DBF3900D3E0995; 1437
1DBF39032CB1315; 1437
1DBF391A3266415; 1438
1DBF391C6E9AA15; 1438
1DBF3933CA24595; 1441
1DBF39363607C15; 1441
1DBF394D74F5415; 1441
1DBF394FB129A15; 1441
1DBF39670CB3595; 1445
1DBF39695BFA895; 1445
1DBF397FF8C8215; 1439
1DBF39821860495; 1439
1DBF3997E35EF15; 1443
1DBF399A291CB95; 1443
1DBF39B0C5EA515; 1449
1DBF39B2F895495; 1449
1DBF39C8A6F7B95; 1453
1DBF39CAE32C195; 1453
1DBF39E18983195; 1454
1DBF39E3CF40E15; 1454
1DBF39FB2ACA995; 1456
1DBF39FD839B315; 1456
1DBF3A14C288B15; 1456
1DBF3A170846795; 1456
1DBF3A2E5A46C95; 1456
1DBF3A30BCA0C95; 1456
1DBF3A47FB8E495; 1474
1DBF3A498C19595; 1474
1DBF3A5A1FF3215; 1475
1DBF3A5C65B0E95; 1475
1DBF3A73B7B1395; 1474
1DBF3A7606F8695; 1474
1DBF3A8D45E5E95; 1474
1DBF3A8F8BA3B15; 1474
1DBF3AA6D41A995; 1469
1DBF3AA906C5915; 1469
1DBF3ABF60D1515; 1478
1DBF3AC15A43D95; 1478
1DBF3AD58B2E095; 1469
1DBF3AD784A0915; 1469
1DBF3AEB693F815; 1489
1DBF3AECB708B95; 1489
1DBF3AF96910B74; 1492
1DBF3AFABC6F676; 1492
1DBF3AFAC262E15; 1492
1DBF3AFCE7BCC57; 1492
1DBF3B11EC3E074; 1496
1DBF3B1341C8857; 1496
1DBF3B2AC53FFF4; 1500
1DBF3B2D01745F4; 1500
1DBF3B439E41F74; 1503
1DBF3B45E3FFBF4; 1503
1DBF3B5D2C76A74; 1531
1DBF3B5E4A90D74; 1531
1DBF3B6A3FDC3F4; 1521
1DBF3B6BC6DDE74; 1521
1DBF3B7BA584F74; 1522
1DBF3B7DE1B9574; 1522
1DBF3B952A303F4; 1527
1DBF3B975CDB374; 1527
1DBF3BADAD5D8F4; 1521
1DBF3BAFD67F1F4; 1521
1DBF3BC58E6AF74; 1527
1DBF3BC7AE031F4; 1527
1DBF3BDD65EEF74; 1525
1DBF3BDFA223574; 1525
1DBF3BF6EA9A3F4; 1525
1DBF3BF939E16F4; 1525
1DBF3C108258574; 1525
1DBF3C12B5034F4; 1525
1DBF3C2A07039F4; 1531
1DBF3C2C1D125F4; 1531
1DBF3C41D4FE374; 1525
1DBF3C43F4965F4; 1525
1DBF3C59A2F8CF4; 1526
1DBF3C5BDF2D2F4; 1526
1DBF3C733AB6E74; 1526
1DBF3C758074AF4; 1526
1DBF3C8CBF622F4; 1532
1DBF3C8ED570EF4; 1532
1DBF3CA48D5CC74; 1532
1DBF3CA6C991274; 1532
1DBF3CBE12080F4; 1532
1DBF3CC057C5D74; 1532
1DBF3CD796B3574; 1525
1DBF3CD9A338AF4; 1525
1DBF3CEF0ED9474; 1504
1DBF3CF06FB54F4; 1504
1DBF3CFF8FA03F4; 1526
1DBF3D093F2DDF4; 1539
1DBF3D1298E6D74; 1529
1DBF3D13DD26A74; 1529
1DBF3D213CD77F4; 1536
1DBF3D231024674; 1536
1DBF3D3652A36F4; 1535
1DBF3D389861374; 1535
1DBF3D4FD74EB74; 1535
1DBF3D521383174; 1535
1DBF3D695BF9FF4; 1508
1DBF3D6A839D974; 1508
1DBF3D76FE6CAF4; 1535
1DBF3D796A50174; 1508
1DBF3D7A9F9A1A4; 1508
1DBF3D7BC320AF4; 1508
1DBF3D7CEAC4474; 1508
1DBF3D944FD7674; 1535
1DBF3D95777AFF4; 1535
1DBF3DA1FBD37F4; 1536
1DBF3DA43807DF4; 1536
1DBF3DBB8A082F4; 1514
1DBF3DBCEAE4374; 1514
1DBF3DCB985E474; 1509
1DBF3DCD91D0CF4; 1509
1DBF3DE26E644F4; 1529
1DBF3DE3CF40574; 1529
1DBF3DF27330FF4; 1530
1DBF3DF4A5DBF74; 1530
1DBF3E0BF7DC474; 1508
1DBF3E0D6BCB1F4; 1508
1DBF3E1C527D9F4; 1508
1DBF3E1E8528974; 1508
1DBF3E35AB96E24; 1539
1DBF3E36CF1D774; 1539
1DBF3E41B9617F4; 1515
1DBF3E43CF703F4; 1536
1DBF3E4539D5AF4; 1510
1DBF3E46A43B1F4; 1509
1DBF3E4834C62F4; 1509
1DBF3E5901D8674; 1516
1DBF3E5AE8381F4; 1516
1DBF3E6F0F98E74; 1536
1DBF3E7066EB874; 1536
1DBF3E7EB507874; 1533
1DBF3E80DE29174; 1533
1DBF3E972EAB6F4; 1530
1DBF3E996ADFCF4; 1530
1DBF3EB0A9CD4F4; 1540
1DBF3EB2902D074; 1540
1DBF3EC6C117374; 1539
1DBF3EC8FD4B974; 1539
1DBF3EE03C39174; 1533
1DBF3EE25247D74; 1533
1DBF3EF80A33AF4; 1539
1DBF3EFA20426F4; 1539
1DBF3F0FD82E474; 1540
1DBF3F120AD93F4; 1540
1DBF3F295350274; 1537
1DBF3F2B8F84874; 1537
1DBF3F42CE72074; 1537
1DBF3F45011CFF4; 1537
1DBF3F5C4993E74; 1540
1DBF3F5E85C8474; 1540
1DBF3F75C4B5C74; 1530
1DBF3F77AB157F4; 1530
1DBF3F8BDBFFAF4; 1533
1DBF3F8E21BD774; 1533
1DBF3FA5145FB74; 1539
1DBF3FA7175BA74; 1539
1DBF3FBCE25A4F4; 1533
1DBF3FBF01F2774; 1533
1DBF3FD4B054E74; 1534
1DBF3FD6E2FFDF4; 1534
1DBF3FEE2B76C74; 1518
1DBF3FEFCF14A74; 1518
1DBF400134BD5F4; 1533
1DBF4002C5486F4; 1533
1DBF401244916F4; 1534
1DBF4014773C674; 1534
1DBF402BC1ED7AB; 1543
1DBF402BC93CB74; 1543
1DBF402DBD54CE7; 1543
1DBF40423A8A3E7; 1543
1DBF40447024EE5; 1543
1DBF405BB89BD65; 1542
1DBF405DEE3F8AA; 1542
1DBF407536B672A; 1535
1DBF40773D41624; 1535
1DBF408CA8E1FA4; 1545
1DBF408E811A1FF; 1545
1DBF40A20FE467F; 1542
1DBF40A44E5F821; 1542
1DBF40BB4101C21; 1545
1DBF4295093A243; 1551
1DBF42AAC125FC3; 1552
1DBF42AD19F6943; 1552
1DBF42C458E4143; 1555
1DBF42C6A82B443; 1555
1DBF42DDF0A22C3; 1571
1DBF42DFBA65AC3; 1571
1DBF42F1200E643; 1620
1DBF42F28A73D43; 1614
1DBF42F3F4D9443; 1620
1DBF42F55F3EB43; 1617
1DBF42F715EF643; 1616
1DBF42F8E93C4C3; 1616
1DBF430AF104EC3; 1673
1DBF430C5B6A5C3; 1670
1DBF430E1BA4743; 1675
1DBF430F8609E43; 1669
1DBF4311F1ED4C3; 1669
1DBF4313493FEC3; 1669
1DBF432A882D6C3; 1669
1DBF432CEA876C3; 1669
1DBF43442974EC3; 1659
1DBF434622E7743; 1659
1DBF435A110FCC3; 1659
1DBF435C69E0643; 1659
1DBF4373B2574C3; 1676
1DBF437585A4343; 1676
1DBF43869F01AC3; 1677
1DBF4388DB360C3; 1677
1DBF43A040492C3; 1674
1DBF43A29919C43; 1674
1DBF43B9EB1A143; 1683
1DBF43BBF79F6C3; 1683
1DBF43D074D4DC3; 1697
1DBF43D251AB2C3; 1697
1DBF43E3ADCA7C3; 1700
1DBF43E5E9FEDC3; 1700
1DBF43FCA368AC3; 1705
1DBF43FED613A43; 1705
1DBF4414ED5D8C3; 1712
1DBF4417167F1C3; 1712
1DBF442C2C4B0C3; 1713
1DBF442E851BA43; 1713
1DBF4445D71BF43; 1714
1DBF44482FEC8C3; 1714
1DBF445F94FFAC3; 1732
1DBF44614226F43; 1732
1DBF4471B964843; 1743
1DBF4473799E9C3; 1743
1DBF4485351BFC3; 1748
1DBF448771505C3; 1748
1DBF449D1FB2CC3; 1744
1DBF449F6570943; 1744
1DBF44B60BC7943; 1747
1DBF44B88ABDCC3; 1747
1DBF44CFC9AB4C3; 1745
1DBF44D20F69143; 1745
1DBF44E9747C343; 1752
1DBF44EB8A8AF43; 1752
1DBF4500E318BC3; 1759
1DBF45030C3A4C3; 1759
1DBF45182B8FA43; 1752
1DBF451A2E8B943; 1752
1DBF452F1E31E43; 1753
1DBF45316D79143; 1753
1DBF4548B5EFFC3; 1763
1DBF454AE89AF43; 1763
1DBF455F0FFBBC3; 1758
1DBF456142A6B43; 1758
1DBF4578780ACC3; 1758
1DBF457AD0DB643; 1758
1DBF459219524C3; 1762
1DBF45945F10143; 1762
1DBF45AB0567143; 1762
1DBF45AD67C1143; 1762
1DBF45C4A6AE943; 1772
1DBF45C6A9AA843; 1772
1DBF45DADA94B43; 1773
1DBF45DD33654C3; 1773
1DBF45F47BDC343; 1767
1DBF45F6B810943; 1767
1DBF460C7985D43; 1766
1DBF460ED2566C3; 1766
1DBF46262456BC3; 1771
1DBF46285701B43; 1771
1DBF463EC420443; 1774
1DBF4640F6CB3C3; 1774
1DBF46580609B43; 1775
1DBF465A5550E43; 1775
1DBF4671943E643; 1779
1DBF4673D9FC2C3; 1779
1DBF468A80532C3; 1782
1DBF468CB2FE243; 1782
1DBF46A3B8B3343; 1776
1DBF46A5D84B5C3; 1776
1DBF46BB9037343; 1776
1DBF46BDDF7E643; 1776
1DBF46D51E6BE43; 1756
1DBF46D6A56D8C3; 1756
1DBF46E4FC7662C; 1777
1DBF46E500DE22A; 1777
1DBF46E5FDF45AC; 1777
1DBF46E6025C1AA; 1777
1DBF46E74C5A243; 1777
1DBF46F0A31C66F; 1792
1DBF46F0A5768AC; 1792
1DBF46F0A9DE4AA; 1792
1DBF46F191878EF; 1792
1DBF46F193E1B2C; 1792
1DBF46F1984972A; 1792
1DBF46F2E2477C3; 1792
1DBF46FB86AA1F9; 1798
1DBF46FB8D606EF; 1798
1DBF46FB8FBA92C; 1798
1DBF46FB942252A; 1798
1DBF46FCDE205C3; 1798
1DBF46FD46E4379; 1798
1DBF46FD4D9A86F; 1798
1DBF46FD4FF4AAC; 1798
1DBF46FD545C6AA; 1798
1DBF46FE9E5A743; 1798
1DBF470F9435BED; 1861
1DBF470F9AF8179; 1861
1DBF470FA1AE66F; 1861
1DBF470FA4088AC; 1861
1DBF470FA8704AA; 1861
1DBF4710F26E543; 1861
1DBF4710FE9B2ED; 1858
1DBF4711055D879; 1858
1DBF47110C13D6F; 1858
1DBF47110E6DFAC; 1858
1DBF471112D5BAA; 1858
1DBF47125CD3C43; 1858
1DBF47126278777; 1858
1DBF471269009ED; 1858
1DBF47126FC2F79; 1858
1DBF4712767946F; 1858
1DBF471278D36AC; 1858
1DBF47127D3B2AA; 1858
1DBF471350E39F7; 1858
1DBF4713576BC6D; 1858
1DBF47135E2E1F9; 1858
1DBF471364E46EF; 1858
1DBF4713673E92C; 1858
1DBF47136BA652A; 1858
1DBF4714A27A434; 1858
1DBF4714A8363F7; 1858
1DBF4714AEBE66D; 1858
1DBF4714B580BF9; 1858
1DBF4714B5A45C3; 1858
1DBF4714BC370EF; 1858
1DBF4714BE9132C; 1858
1DBF4714C2F8F2A; 1858
1DBF47160CF6FC3; 1858
1DBF472BE167C34; 1860
1DBF472BE723BF7; 1860
1DBF472BEDABE6D; 1860
1DBF472BF46E3F9; 1860
1DBF472BFB248EF; 1860
1DBF472C01E672A; 1860
1DBF472D4BE47C3; 1860
1DBF472E16AA915; 1860
1DBF472E1D9C234; 1860
1DBF472E23581F7; 1860
1DBF472E29E046D; 1860
1DBF472E30A29F9; 1860
1DBF472E3758EEF; 1860
1DBF472F8818DC3; 1860
1DBF47455F21795; 1861
1DBF474566130B4; 1861
1DBF47456BCF077; 1861
1DBF474572572ED; 1861
1DBF47457919879; 1861
1DBF47458691BAA; 1861
1DBF4746D08FC43; 1861
1DBF47479E773D5; 1861
1DBF4747A4DF415; 1861
1DBF4747ABD0D34; 1861
1DBF4747B18CCF7; 1861
1DBF4747B814F6D; 1861
1DBF4749164D8C3; 1861
1DBF475EDD64BD5; 1870
1DBF475EE3CCC15; 1870
1DBF475EEABE534; 1870
1DBF475EF07A4F7; 1870
1DBF475F0B3D02A; 1870
1DBF4760553B0C3; 1870
1DBF4760E3CF015; 1870
1DBF4760E9EA155; 1870
1DBF4760F052195; 1870
1DBF4760F743AB4; 1870
1DBF4760FCFFA77; 1870
1DBF476261C0643; 1870
1DBF47756104715; 1867
1DBF4775671F855; 1867
1DBF47756D87895; 1867
1DBF477574791B4; 1867
1DBF477594F7CAA; 1867
1DBF4776DEF5D43; 1867
1DBF4777809C995; 1867
1DBF477786B7AD5; 1867
1DBF47778D1FB15; 1867
1DBF4778FE8DFC3; 1867
1DBF478E602C095; 1864
1DBF478E66471D5; 1864
1DBF478E941F62A; 1864
1DBF478FDE1D6C3; 1864
1DBF47909C60695; 1864
1DBF4790A27B7D5; 1864
1DBF47921A51CC3; 1864
1DBF47A7E4D7515; 1879
1DBF47A818CAAAA; 1879
1DBF47A962C8B43; 1879
1DBF47AB2302CC3; 1879
1DBF47BBD743FAA; 1885
1DBF47BD2142043; 1885
1DBF47BF243DF43; 1885
1DBF47D2F99542A; 1885
1DBF47D443934C3; 1885
1DBF47D6763E443; 1885
1DBF47EC74B722A; 1890
1DBF47EDBAF8FCD; 1890
1DBF47EDBEB52C3; 1890
1DBF47EFEA5E936; 1890
1DBF4804F7E472A; 1893
1DBF48063AE0EB6; 1893
1DBF481E4CE0B2A; 1893
1DBF48207F8BAAA; 1893
1DBF4837D18BFAA; 1896
1DBF483A0DC05AA; 1896
1DBF4851563742A; 1888
1DBF48534FA9CAA; 1888
1DBF48683F501AA; 1911
1DBF48697A0682A; 1911
1DBF48768D6C1AA; 1913
1DBF4878B68DAAA; 1913
1DBF488FB2B952A; 1915
1DBF4891EEEDB2A; 1915
1DBF48A92DDB32A; 1918
1DBF48AB60862AA; 1918
1DBF48C2A8FD12A; 1915
1DBF48C4E53172A; 1915
1DBF48DC241EF2A; 1919
1DBF48DE56C9EAA; 1919
1DBF48F4F39782A; 1915
1DBF48F71CB912A; 1915
1DBF490DC31012A; 1914
1DBF490FFF4472A; 1914
1DBF49273E31F2A; 1916
1DBF492970DCEAA; 1916
1DBF4940B953D2A; 1922
1DBF4942C5D92AA; 1922
1DBF49587DC502A; 1922
1DBF495AB9F962A; 1922
1DBF4971F8E6E2A; 1915
1DBF49740EF5A2A; 1915
1DBF49897A963AA; 1915
1DBF498BA3B7CAA; 1915
1DBF49A3125452A; 1915
1DBF49A544FF4AA; 1915
1DBF49BC8D7632A; 1916
1DBF49BEC0212AA; 1916
1DBF49D6089812A; 1916
1DBF49D83B430AA; 1916
1DBF49EF83B9F2A; 1915
1DBF49F1BFEE52A; 1915
1DBF4A0908653AA; 1916
1DBF4A0B3B1032A; 1916
1DBF4A228D1082A; 1913
1DBF4A24A31F42A; 1913
1DBF4A3BA8D452A; 1916
1DBF4A3DE508B2A; 1916
1DBF4A5523F632A; 1916
1DBF4A574D17C2A; 1916
1DBF4A6E8C0542A; 1916
1DBF4A70AB9D6AA; 1916
1DBF4A87FD9DBAA; 1913
1DBF4A8A3048B2A; 1913
1DBF4AA16F3632A; 1913
1DBF4AA3A1E12AA; 1913
1DBF4ABAE0CEAAA; 1913
1DBF4ABD09F03AA; 1913
1DBF4AD4526722A; 1913
1DBF4AD685121AA; 1913
1DBF4AEDC3FF9AA; 1913
1DBF4AEFED212AA; 1913
1DBF4B07359812A; 1913
1DBF4B0968430AA; 1913
1DBF4B20A7308AA; 1914
1DBF4B22D0521AA; 1914
1DBF4B3A2BDBD2A; 1914
1DBF4B3C5E86CAA; 1914
1DBF4B539D744AA; 1914
1DBF4B54A4E7CFB; 1914
1DBF4B55C695DAA; 1914
1DBF4B6C269727B; 1913
1DBF4B6D484532A; 1913
1DBF4B6E52EAE16; 1913
1DBF4B6E59421FB; 1913
1DBF4B6F7AF02AA; 1913
1DBF4B85AE74996; 1913
1DBF4B85B4CBD7B; 1913
1DBF4B86D679E2A; 1913
1DBF4B87D175E83; 1913
1DBF4B87D796296; 1913
1DBF4B87DDED67B; 1913
1DBF4B88FF9B72A; 1913
1DBF4B9F3689083; 1913
1DBF4B9F3CA9496; 1913
1DBF4B9F430087B; 1913
1DBF4BA064AE92A; 1913
1DBF4BA14B84D41; 1913
1DBF4BA15935A68; 1913
1DBF4BA15FAA983; 1913
1DBF4BA165CAD96; 1913
1DBF4BA16C2217B; 1913
1DBF4BA28DD022A; 1913
1DBF4BB8CD342C1; 1914
1DBF4BB8DAE4FE8; 1914
1DBF4BB8E159F03; 1914
1DBF4BB8E77A316; 1914
1DBF4BB8EDD16FB; 1914
1DBF4BBA0F7F7AA; 1914
1DBF4BBAFFDF241; 1914
1DBF4BBB06F711F; 1914
1DBF4BBB0D8FF68; 1914
1DBF4BBB1404E83; 1914
1DBF4BBB1A25296; 1914
1DBF4BBB207C67B; 1914
1DBF4BBC422A72A; 1914
1DBF4BD248560C1; 1912
1DBF4BD24F6DF9F; 1912
1DBF4BD25606DE8; 1912
1DBF4BD25C7BD03; 1912
1DBF4BD2629C116; 1912
1DBF4BD268F34FB; 1912
1DBF4BD38AA15AA; 1912
1DBF4BD47B01041; 1912
1DBF4BD48218F1F; 1912
1DBF4BD488B1D68; 1912
1DBF4BD48F26C83; 1912
1DBF4BD49547096; 1912
1DBF4BD5BD4C52A; 1912
1DBF4BEBC377EC1; 1914
1DBF4BEBCA8FD9F; 1914
1DBF4BEBD128BE8; 1914
1DBF4BEBD79DB03; 1914
1DBF4BEBE4152FB; 1914
1DBF4BED05C33AA; 1914
1DBF4BEDEC997C1; 1914
1DBF4BEDF3B169F; 1914
1DBF4BEDFA4A4E8; 1914
1DBF4BEE00BF403; 1914
1DBF4BEF2EE4CAA; 1914
1DBF4C053E99CC1; 1913
1DBF4C0545B1B9F; 1913
1DBF4C054C4A9E8; 1913
1DBF4C055F370FB; 1913
1DBF4C0680E51AA; 1913
1DBF4C077144C41; 1913
1DBF4C07785CB1F; 1913
1DBF4C077EF5968; 1913
1DBF4C08B39012A; 1913
1DBF4C1EC345141; 1917
1DBF4C1ECA5D01F; 1917
1DBF4C1EE3E257B; 1917
1DBF4C20059062A; 1917
1DBF4C20CFCA6C1; 1917
1DBF4C20D6E259F; 1917
1DBF4C221215BAA; 1917
1DBF4C3799D591F; 1917
1DBF4C37B35AE7B; 1917
1DBF4C38D508F2A; 1917
1DBF4C39C2F721F; 1917
1DBF4C3AFE2A82A; 1917
1DBF4C5124F35FB; 1919
1DBF4C5246A16AA; 1919
1DBF4C546FC2FAA; 1919
1DBF4C6A968BD7B; 1919
1DBF4C6BB839E2A; 1919
1DBF4C6DEAE4DAA; 1919
1DBF4C8408244FB; 1913
1DBF4C8529D25AA; 1913
1DBF4C872CCE4AA; 1913
1DBF4C9BC30C17B; 1917
1DBF4C9CE4BA22A; 1917
1DBF4C9F0DDBB2A; 1917
1DBF4CB488FB3FB; 1924
1DBF4CB5AAA94AA; 1924
1DBF4CB7ADA53AA; 1924
1DBF4CCBF140896; 1923
1DBF4CCD14DE12C; 1923
1DBF4CCD1945D2A; 1923
1DBF4CCF4EB84EF; 1923
1DBF4CE575EBD16; 1923
1DBF4CE6972F36F; 1923
1DBF4CE8A687A79; 1923
1DBF4CFEE164083; 1923
1DBF4D0002115F9; 1923
1DBF4D02378366D; 1923
1DBF4D185F9A5E8; 1927
1DBF4D197FFA4ED; 1927
1DBF4D1B8F80E77; 1927
1DBF4D3117D8B41; 1920
1DBF4D323F614F7; 1920
1DBF4D343317DB4; 1920
1DBF4D487CEBD41; 1920
1DBF4D499EB8734; 1920
1DBF4D4BCA71D95; 1920
1DBF4D63095F595; 1924
1DBF4D65228F7D5; 1924
1DBF4D7BC8E67D5; 1930
1DBF4D7DCF50C15; 1930
1DBF4D93873C995; 1910
1DBF4DA30AAC2F5; 1909
1DBF4DA533CDBF5; 1909
1DBF4DBC7C44A75; 1910
1DBF4DBEA566375; 1910
1DBF4DD5EDDD1F5; 1978
1DBF4DD758428F5; 1982
1DBF4DD92B8F775; 1982
1DBF4DDA82E2175; 1981
1DBF4DEB466AE75; 1976
1DBF4DED19B7CF5; 1976
1DBF4E0268BC2F5; 1974
1DBF4E048854575; 1974
1DBF4E1BDA54A75; 1969
1DBF4E1DF9ECCF5; 1969
1DBF4E344A6F275; 1966
1DBF4E367D1A1F5; 1966
1DBF4E4E2E787F5; 1964
1DBF4E4FEEB2975; 1964
1DBF4E6753C5B75; 1964
1DBF4E698670AF5; 1964
1DBF4E80CEE7975; 1965
1DBF4E8301928F5; 1965
1DBF4E9A4A09775; 1968
1DBF4E9C9950A75; 1968
1DBF4EB3D83E275; 1974
1DBF4EB5E4C37F5; 1974
1DBF4ECBAFC2275; 1977
1DBF4ECDE26D1F5; 1977
1DBF4EE4E8222F5; 1973
1DBF4EE707BA575; 1973
1DBF4EFDB79ABF5; 1973
1DBF4EFFEA45B75; 1973
1DBF4F1732BC9F5; 1977
1DBF4F196567975; 1977
1DBF4F3002352F5; 1980
1DBF4F3247F2F75; 1980
1DBF4F4986E0775; 1980
1DBF4F4BC314D75; 1980
1DBF4F630B8BBF5; 1979
1DBF4F6547C01F5; 1979
1DBF4F7C9037075; 1986
1DBF4F7ECC6B675; 1986
1DBF4F94380BFF5; 1987
1DBF4F964E1ABF5; 1987
1DBF4FADBCB7475; 1994
1DBF4FAFC93C9F5; 1994
1DBF4FC534DD375; 2001
1DBF4FC77111975; 2001
1DBF4FDC86DD875; 2008
1DBF4FDE9CEC475; 2008
1DBF4FF3B2B8375; 2018
1DBF4FF55656175; 2018
1DBF5008DB96F75; 2025
1DBF500ACB80175; 2025
1DBF501FA813975; 2026
1DBF5021EDD15F5; 2026
1DBF50392CBEDF5; 2022
1DBF503B68F33F5; 2022
1DBF505205C0D75; 2026
1DBF50544B7E9F5; 2026
1DBF506B0E71D75; 2033
1DBF506D1AF72F5; 2033
1DBF508290212F5; 2050
1DBF508446D1DF5; 2050
1DBF5094BE0F6F5; 2054
1DBF5096C724C3F; 2054
1DBF50ABCE6BBF3; 2056
1DBF50ACF1817BF; 2056
1DBF50AF309D64B; 2056
1DBF50C679144CB; 2063
1DBF50C89C17840; 2063
1DBF50DE07B81C0; 2069
1DBF50E00E2E41B; 2069
1DBF50F5835841B; 2073
1DBF50F7B91D59C; 2073
1DBF510E5F7459C; 2073
1DBF51109E8A516; 2073
1DBF5127E701396; 2077
1DBF512A2679C7B; 2077
1DBF5140CCD0C7B; 2082
1DBF5142F924816; 2082
1DBF51595330416; 2076
1DBF515B631EC03; 2076
1DBF51712E1D683; 2080
1DBF517376EFA68; 2080
1DBF518A191F3C1; 2079
1DBF518A26D00E8; 2079
1DBF518C5C6B89F; 2079
1DBF51A3AE6BD9F; 2077
1DBF51A5457AD7F; 2077
1DBF51BC8DF1BFF; 2079
1DBF51BEC09CB7F; 2079
1DBF51D61C266FF; 2086
1DBF51D83BBE97F; 2086
1DBF51EDA75F2FF; 2085
1DBF51F0002FC7F; 2085
1DBF52076542E7F; 2082
1DBF5209AB00AFF; 2082
1DBF5220B0B5BFF; 2089
1DBF5222C6C47FF; 2089
1DBF52384577E7F; 2093
1DBF523A7822DFF; 2093
1DBF5251280347F; 2097
1DBF5253774A77F; 2097
1DBF526A1DA177F; 2104
1DBF526C1713FFF; 2104
1DBF528153058FF; 2108
1DBF528398C357F; 2108
1DBF529A3590EFF; 2125
1DBF529BD92ECFF; 2125
1DBF52ACA64107F; 2125
1DBF52AEEBFECFF; 2125
1DBF52C65111EFF; 2125
1DBF52C8A0591FF; 2125
1DBF52DFDF469FF; 2129
1DBF52E21B7AFFF; 2129
1DBF52F8C1D1FFF; 2129
1DBF52FB11192FF; 2129
1DBF5312599017F; 2140
1DBF5314366667F; 2140
1DBF5327CEBA17F; 2120
1DBF53292F961FF; 2120
1DBF5337B6EA8FF; 2145
1DBF533DACCB8FF; 2121
1DBF533F1730FFF; 2145
1DBF534081966FF; 2120
1DBF5341FF0EAFF; 2121
1DBF53438F99BFF; 2121
1DBF5355418DB7F; 2147
1DBF535E02B02FF; 2151
1DBF535FE90FE7F; 2151
1DBF5373CDAED7F; 2154
1DBF537609E337F; 2154
1DBF538CFC8577F; 2173
1DBF538E79FDB7F; 2173
1DBF539E58A4C7F; 2173
1DBF53A09E628FF; 2173
1DBF53B7F062DFF; 2197
1DBF53B96451B7F; 2197
1DBF53C7662277F; 2197
1DBF53C985BA9FF; 2197
1DBF53E0EACDBFF; 2191
1DBF53E300DC7FF; 2191
1DBF53F8B8C857F; 2197
1DBF53FAD8607FF; 2197
1DBF541086C2EFF; 2198
1DBF5412C2F74FF; 2198
1DBF542A0B6E37F; 2195
1DBF542C47A297F; 2195
1DBF544390197FF; 2196
1DBF5445CC4DDFF; 2196
1DBF545CBE1B541; 2229
1DBF545E0CB957F; 2229
1DBF5466B9F4341; 2224
1DBF546807A145C; 2224
1DBF5468089237F; 2224
1DBF5469DFEDEA9; 2224
1DBF547BCFC0241; 2255
1DBF547D18E38A9; 2255
1DBF54847DCFCC1; 2265
1DBF5485C4B2C5C; 2265
1DBF5490EF157C1; 2266
1DBF549232B7623; 2266
1DBF54945607881; 2266
1DBF54AA6A375C1; 2266
1DBF54ABA807D81; 2266
1DBF54ADD366AF3; 2266
1DBF54C3E5593C1; 2260
1DBF54C51BDD973; 2260
1DBF54DBC666A41; 2268
1DBF54DDB64FC41; 2268
1DBF54F27C5C781; 2242
1DBF54F39DEAA41; 2242
1DBF54FF20C52C1; 2270
1DBF55009E3D6C1; 2271
1DBF5502253F141; 2271
1DBF5512EEDD501; 2250
1DBF5514106B7C1; 2250
1DBF551FE91AAC1; 2274
1DBF55240BAEC41; 2274
1DBF552647E3241; 2274
1DBF553D86D0A41; 2274
1DBF553FC305041; 2274
1DBF55570B7BEC1; 2250
1DBF55584632541; 2250
1DBF55669DD7BC1; 2274
1DBF556D35D8A41; 2273
1DBF556F5570CC1; 2273
1DBF5586519C741; 2252
1DBF5587BC01E41; 2252
1DBF5596F8890C1; 2253
1DBF55992B34041; 2253
1DBF55B06A21841; 2268
1DBF55B22A5B9C1; 2268
1DBF55C41E80C88; 2246
1DBF55C53D2B9C1; 2246
1DBF55D128ED9C1; 2274
1DBF55D36521FC1; 2274
1DBF55D4BC749C1; 2274
1DBF55EC04EB841; 2246
1DBF55ED2C8F1C1; 2246
1DBF55F94800241; 2273
1DBF55FB1B4D0C1; 2271
1DBF55FC42F0A41; 2271
1DBF5608B436541; 2277
1DBF560A910CA41; 2277
1DBF561E1C62F01; 2253
1DBF561F3DF11C1; 2253
1DBF562B16A04C1; 2253
1DBF562D3FC1DC1; 2253
1DBF56448838C41; 2278
1DBF5645CC78941; 2278
1DBF565322A0041; 2274
1DBF56552F255C1; 2274
1DBF566A913C8C1; 2277
1DBF566CC3E7841; 2277
1DBF5683C0132C1; 2274
1DBF5685CC98841; 2274
1DBF569CDBD6FC1; 2278
1DBF569F04F88C1; 2278
1DBF56B5A1C6241; 2277
1DBF56B7CAE7B41; 2277
1DBF56CF430DA41; 2261
1DBF56D0DD221C1; 2261
1DBF56E255DDA41; 2253
1DBF56E432B3F41; 2253
1DBF56F80DC97C1; 2251
1DBF56FA36EB0C1; 2251
1DBF57117F61F41; 2260
1DBF5713825DE41; 2260
1DBF5727F609EC1; 2251
1DBF5729C956D41; 2251
1DBF573DC108941; 2261
1DBF573F8142AC1; 2261
1DBF5752CD4B1C1; 2258
1DBF5754ECE3441; 2258
1DBF576BE90EEC1; 2277
1DBF576D5CFDC41; 2277
1DBF577D3BA4D41; 2258
1DBF577E59BF041; 2258
1DBF578A7EB9741; 2253
1DBF578C6EA2941; 2253
1DBF57A09F8CC41; 2256
1DBF57A2B59B841; 2256
1DBF57B9C4D9FC1; 2262
1DBF57BBDAE8BC1; 2262
1DBF57D192D4941; 2277
1DBF57D3235FA41; 2277
1DBF57E49291C41; 2283
1DBF57E6827AE41; 2283
1DBF57FBA1D03C1; 2282
1DBF57FDD47B341; 2282
1DBF58151368B41; 2255
1DBF58163182E41; 2255
1DBF5822AC51FC1; 2254
1DBF5824D5738C1; 2254
1DBF583C1DEA741; 2262
1DBF583E175CFC1; 2262
1DBF58532D28EC1; 2261
1DBF5855564A7C1; 2261
1DBF586C9EC1641; 2264
1DBF586EC7E2F41; 2264
1DBF58861059DC1; 2317
1DBF58878DD21C1; 2316
1DBF588901C0F41; 2316
1DBF58998C11541; 2316
1DBF589BB532E41; 2316
1DBF58B1F8E57CE; 2352
1DBF58B3C5EF541; 2352
1DBF58BC8711CC1; 2355
1DBF58BE9397241; 2355
1DBF58D3A963141; 2355
1DBF58D5BF71D41; 2355
1DBF58ED1AFB8C1; 2350
1DBF58EF3A93B41; 2350
1DBF59058B160C1; 2334
1DBF59071BA11C1; 2334
1DBF591834FE941; 2354
1DBF5919662B941; 2354
1DBF5925E0FAAC1; 2348
1DBF5927A134C41; 2348
1DBF593B3988741; 2355
1DBF593D1A0CFAE; 2355
1DBF5951ED1712E; 2355
1DBF5954189FD81; 2355
1DBF596B578D581; 2351
1DBF596D707F708; 2351
1DBF598416D6708; 2345
1DBF598626A5781; 2345
1DBF599BD507E81; 2350
1DBF599CF6AC1CE; 2350
1DBF59B3046C9CE; 2350
1DBF59B52D8E2CE; 2350
1DBF59CC760514E; 2378
1DBF59CDBA44E4E; 2378
1DBF59DAA784DCE; 2395
1DBF59E4D30CC4E; 2371
1DBF59E646FB9CE; 2377
1DBF59E7A7D7A4E; 2380
1DBF59E9ED956CE; 2380
1DBF59EB44E80CE; 2380
1DBF5A0368B74CE; 2414
1DBF5A0CE895E4E; 2392
1DBF5A0E52FB54E; 2391
1DBF5A0FE38664E; 2391
1DBF5A205AC3F4E; 2395
1DBF5A2267494CE; 2395
1DBF5A387509CCE; 2373
1DBF5A39D5E5D4E; 2373
1DBF5A481A786CE; 2365
1DBF5A49DAB284E; 2365
1DBF5A5D26BAF4E; 2398
1DBF5A637BFA04E; 2403
1DBF5A650C8514E; 2403
1DBF5A76427EC4E; 2377
1DBF5A7E618154E; 2373
1DBF5A803E57A4E; 2373
1DBF5A938A6014E; 2388
1DBF5A951AEB24E; 2388
1DBF5AA59BB21CE; 2374
1DBF5AA7192A5CE; 2374
1DBF5AB6F7D16CE; 2373
1DBF5AB93D8F34E; 2373
1DBF5AD086061CE; 2372
1DBF5AD2B8B114E; 2372
1DBF5AEA143ACCE; 2366
1DBF5AEC33D2F4E; 2366
1DBF5B01F54834E; 2375
1DBF5B03E53154E; 2375
1DBF5B181FA4ECE; 2374
1DBF5B1A524FE4E; 2374
1DBF5B31A45034E; 2375
1DBF5B33E08494E; 2375
1DBF5B4B28FB7CE; 2375
1DBF5B4D6EB944E; 2375
1DBF5B64ADA6C4E; 2377
1DBF5B66E9DB24E; 2377
1DBF5B7E32520CE; 2374
1DBF5B80780FD4E; 2374
1DBF5B97B6FD54E; 2371
1DBF5B99E9A84CE; 2371
1DBF5BB102702CE; 2374
1DBF5BB3C4283CE; 2374
1DBF5BCB0315BCE; 2374
1DBF5BCCCCD93CE; 2374
1DBF5BE444FF2CE; 2374
1DBF5BE66E20BCE; 2374
1DBF5BFDC0210CE; 2376
1DBF5C0005DED4E; 2376
1DBF5C1744CC54E; 2371
1DBF5C196DEDE4E; 2371
1DBF5C2FC7F9A4E; 2436
1DBF5C31CAF594E; 2436
1DBF5C3318BECCE; 2437
1DBF5C438FFC5CE; 2431
1DBF5C45634944E; 2431
1DBF5C5A2CC9F4E; 2438
1DBF5C5C1329ACE; 2438
1DBF5C7102CFFCE; 2435
1DBF5C733F045CE; 2435
1DBF5C8A3B3004E; 2447
1DBF5C8C180654E; 2447
1DBF5C9F5A855CE; 2456
1DBF5CA153F7E4E; 2456
1DBF5CB4EC4B94E; 2468
1DBF5CB6AC85ACE; 2468
1DBF5CC8F71024E; 2461
1DBF5CCAFA0C14E; 2461
1DBF5CDF774184E; 2461
1DBF5CE1D99B84E; 2461
1DBF5CF915ABED8; 2462
1DBF5CF9188904E; 2462
1DBF5CFB57C0044; 2462
1DBF5D12A9C0544; 2464
1DBF5D14043180A; 2464
1DBF5D2B4CA868A; 2466
1DBF5D2D9BEF98A; 2466
1DBF5D44E46680A; 2472
1DBF5D47209AE0A; 2472
1DBF5D5CCEFD50A; 2486
1DBF5D5EBEE670A; 2486
1DBF5D707A63D0A; 2482
1DBF5D727D5FC0A; 2482
1DBF5D888B2040A; 2500
1DBF5D8A384788A; 2500
1DBF5D9A6339D8A; 2499
1DBF5D9CB28108A; 2499
1DBF5DB4048158A; 2496
1DBF5DB65D51F0A; 2496
1DBF5DCDA5C8D8A; 2493
1DBF5DCFFE9970A; 2493
1DBF5DE7471058A; 2492
1DBF5DE99FE0F0A; 2492
1DBF5E00E857D8A; 2495
1DBF5E03412870A; 2495
1DBF5E1A899F58A; 2496
1DBF5E1D089590A; 2496
1DBF5E34773218A; 2487
1DBF5E36D002B0A; 2487
1DBF5E4B735DC0A; 2486
1DBF5E4D6346E0A; 2486
1DBF5E64C2B095D; 2519
1DBF5E65E67430A; 2519
1DBF5E700872B0A; 2523
1DBF5E7201E538A; 2523
1DBF5E8658F508A; 2518
1DBF5E8B43CEA8A; 2518
1DBF5EA15B1890A; 2500
1DBF5EB89A0610A; 2504
1DBF5EBADFC3D8A; 2504
1DBF5ED1AC4078A; 2511
1DBF5ED36C7A90A; 2511
1DBF5EE8B1F588A; 2514
1DBF5EEADB1718A; 2514
1DBF5F01F3DEF8A; 2521
1DBF5F045638F8A; 2521
1DBF5F19B85028A; 2519
1DBF5F1BEAFB20A; 2519
1DBF5F33632110A; 2525
1DBF5F358C42A0A; 2525
1DBF5F4B6A5418A; 2525
1DBF5F50389180A; 2525
1DBF5F67810868A; 2529
1DBF5F7EB66C80A; 2524
1DBF5F80F2A0E0A; 2524
1DBF5F97301068A; 2534
1DBF5F98F9D3E8A; 2534
1DBF5FACC1D6A0A; 2527
1DBF5FB143C8C8A; 2527
1DBF5FC8792CE0A; 2558
1DBF5FDFAE90F8A; 2559
1DBF5FE1FDD828A; 2559
1DBF5FF9464F10A; 2541
1DBF5FFAE9ECF0A; 2541
1DBF600B612A80A; 2548
1DBF600D5A9D08A; 2548
1DBF60218B8738A; 2570
1DBF6022E2D9D8A; 2570
1DBF6030390148A; 2571
1DBF603291D1E0A; 2571
1DBF6049D0BF60A; 2574
1DBF604C75DB38A; 2574
1DBF60637B9048A; 2580
1DBF60653240F8A; 2580
1DBF607B06C908A; 2595
1DBF607CBD79B8A; 2595
1DBF608CD737B62; 2602
1DBF608CDF0DF3F; 2602
1DBF608E3FBEA8A; 2602
1DBF608EED46762; 2602
1DBF608EF51CB3F; 2602
1DBF609055CD68A; 2602
1DBF60A368F4DF5; 2596
1DBF60A36A7BE62; 2596
1DBF60A4D302D8A; 2596
1DBF60A5757A375; 2596
1DBF60A6DF8830A; 2596
1DBF60BAEC2B3E2; 2601
1DBF60BAF64B298; 2601
1DBF60BC54B230A; 2601
1DBF60BE784016B; 2601
1DBF60D31983E62; 2606
1DBF60D4860096B; 2606
1DBF60D6B27C2B3; 2606
1DBF60EB5065F62; 2605
1DBF60ECB6B3433; 2605
1DBF60EEF5F2B03; 2605
1DBF6104DE9AA62; 2606
1DBF61063E69983; 2606
1DBF610890BF5DD; 2606
1DBF611E7FE2262; 2607
1DBF611FD93645D; 2607
1DBF61220570235; 2607
1DBF6137F17A9E2; 2618
1DBF6139445DA35; 2618
1DBF614E71ABFE2; 2644
1DBF61596F02D62; 2650
1DBF615B4BD9262; 2650
1DBF616E3883862; 2664
1DBF616FD297FE2; 2664
1DBF61809FAA362; 2671
1DBF61828F93562; 2671
1DBF6196C07D862; 2694
1DBF6197FB33EE2; 2694
1DBF61A4B8C4DE2; 2665
1DBF61A6232A4E2; 2674
1DBF61A78D8FBE2; 2668
1DBF61A8F7F52E2; 2689
1DBF61AA625A9E2; 2673
1DBF61ABDFD2DE2; 2665
1DBF61AD4A384E2; 2671
1DBF61AFA308E62; 2671
1DBF61B0F0D21E2; 2671
1DBF61C84C5BD62; 2666
1DBF61CA757D662; 2666
1DBF61E0CF89262; 2669
1DBF61E31546EE2; 2669
1DBF61FA54346E2; 2671
1DBF61FC9068CE2; 2671
1DBF6213D8DFB62; 2673
1DBF62161514162; 2673
1DBF622D5D8AFE2; 2669
1DBF622F9035F62; 2669
1DBF6246368CF62; 2669
1DBF624872C1562; 2669
1DBF625FD7D4762; 2669
1DBF62621408D62; 2669
1DBF62795C7FBE2; 2668
1DBF627B98B41E2; 2668
1DBF6292E12B062; 2669
1DBF629513D5FE2; 2669
1DBF62AC65D64E2; 2675
1DBF62AE9881462; 2675
1DBF62C446E3B62; 2693
1DBF62C5B149262; 2693
1DBF62D54FDEE8B; 2671
1DBF62D6A480FE2; 2671
1DBF62E10941562; 2677
1DBF62E2DC8E3E2; 2677
1DBF62F57363F62; 2669
1DBF62F759C3AE2; 2669
1DBF630B8AADDE2; 2678
1DBF630D710D962; 2678
1DBF63215F35EE2; 2678
1DBF632391E0E62; 2678
1DBF633ADA57CE2; 2678
1DBF633D168C2E2; 2678
1DBF63545579AE2; 2678
1DBF63568824A62; 2678
1DBF636DD09B8E2; 2679
1DBF63700346862; 2679
1DBF63874BBD6E2; 2673
1DBF638961CC2E2; 2673
1DBF639F102E9E2; 2675
1DBF63A142D9962; 2675
1DBF63B88B507E2; 2681
1DBF63BA97D5D62; 2681
1DBF63D04FC1AE2; 2674
1DBF63D252BD9E2; 2674
1DBF63E768898E2; 2675
1DBF63E991AB1E2; 2675
1DBF6400DA22062; 2675
1DBF64031656662; 2675
1DBF641A5543E62; 2674
1DBF641C7E65762; 2674
1DBF6433E378962; 2679
1DBF6435F987562; 2679
1DBF644C66A5E62; 2677
1DBF64635948262; 2674
1DBF64658269B62; 2674
1DBF647CCAE09E2; 2680
1DBF647EE0EF5E2; 2680
1DBF64948F51CE2; 2674
1DBF64969BD7262; 2674
1DBF64AC53C2FE2; 2674
1DBF64AE7CE48E2; 2674
1DBF64C5C55B762; 2676
1DBF64C7EE7D062; 2676
1DBF64DF36F3EE2; 2682
1DBF64E14D02AE2; 2682
1DBF64F6FB651E2; 2678
1DBF64F907EA762; 2678
1DBF650F881BD62; 2675
1DBF6511A7B3FE2; 2675
1DBF6528A3DFA62; 2678
1DBF652AD68A9E2; 2678
1DBF65421F01862; 2674
1DBF65443E99AE2; 2674
1DBF655AE4F0AE2; 2684
1DBF655CB83D962; 2684
1DBF65709CDC862; 2695
1DBF65725D169E2; 2695
1DBF6585534A662; 2688
1DBF65875FCFBE2; 2688
1DBF659BD62C50B; 2711
1DBF659D3DE1362; 2711
1DBF65A997718CB; 2687
1DBF65AABA2E462; 2687
1DBF65B063C4062; 2693
1DBF65B087CE3AA; 2693
1DBF65B1A803D62; 2693
1DBF65BE33CA52A; 2687
1DBF65BF53FFEE2; 2687
1DBF65C004BB4BC; 2687
1DBF65C00B92175; 2687
1DBF65C010A0A2A; 2687
1DBF65C130D63E2; 2687
1DBF65D3DFD0D3C; 2696
1DBF65D3E6A79F5; 2696
1DBF65D3EBB62AA; 2696
1DBF65D50BEBC62; 2696
1DBF65D5BCA723C; 2696
1DBF65D5BF3EDFA; 2696
1DBF65D5C37DEF5; 2696
1DBF65D6E8C2162; 2696
1DBF65E9A3DDCFA; 2689
1DBF65E9AD2B6AA; 2689
1DBF65EACD61062; 2689
1DBF65EAD53743F; 2689
1DBF65EB8FAADD2; 2689
1DBF65ECBBC31F5; 2689
1DBF660066953AA; 2708
1DBF66018543CF5; 2708
1DBF6602F1C6C98; 2708
1DBF6610CABFFAA; 2688
1DBF6611F515818; 2688
1DBF661CB681FAA; 2687
1DBF661DDDB4B45; 2687
1DBF66200020295; 2687
1DBF6636281A72A; 2686
1DBF66374897115; 2686
1DBF66391E4D80B; 2686
1DBF66505D3B00B; 2689
1DBF6652865C90B; 2689
1DBF66698C11A0B; 2685
1DBF666BABA9C8B; 2685
1DBF66825200C8B; 2688
1DBF66847B2258B; 2688
1DBF669B80D768B; 2689
1DBF669DA9F8F8B; 2689
1DBF66B4F26FE0B; 2676
1DBF66B6BC3360B; 2676
1DBF66C9530918B; 2695
1DBF66CAAA5BB8B; 2695
1DBF66D8A2A310B; 2704
1DBF66DA4FCA58B; 2704
1DBF66EC5792F8B; 2689
1DBF66EDCB81D0B; 2689
1DBF66FDAA28E0B; 2691
1DBF66FFC9C108B; 2691
1DBF6716E288E8B; 2683
1DBF6718F897A8B; 2683
1DBF672DC21858B; 2682
1DBF672FD82718B; 2682
1DBF67473D3A38B; 2674
1DBF67495CD260B; 2674
1DBF675E3965E0B; 2668
1DBF67601FC598B; 2668
1DBF6775BB1538B; 2696
1DBF67771BF140B; 2696
1DBF6782659358B; 2694
1DBF67841C4408B; 2694
1DBF679AD5ADD8B; 2676
1DBF679CB77CE58; 2676
1DBF67AD25310D8; 2714
1DBF67AE397A27A; 2713
1DBF67AFCF11F6D; 2713
1DBF67C03CC61ED; 2716
1DBF67C25FA3B0B; 2716
1DBF67D905FAB0B; 2693
1DBF67DA5995EB6; 2693
1DBF67E864F0136; 2717
1DBF67EFE983F91; 2741
1DBF67F228A9A95; 2741
1DBF67F37672E15; 2747
1DBF680AB560615; 2743
1DBF680CE1E6AAB; 2743
1DBF68237EB442B; 2764
1DBF6824E51028B; 2764
1DBF6833D54C10B; 2770
1DBF6835AA988CB; 2770
1DBF684A27CDFCB; 2763
1DBF684C3DDCBCB; 2763
1DBF68615D3214B; 2837
1DBF6862DAAA54B; 2840
1DBF6864B91558D; 2843
1DBF6865E8ADA4B; 2843
1DBF686ECA8CF13; 2830
1DBF686ECEE69EF; 2830
1DBF686EF7B010D; 2830
1DBF68701DBEF4B; 2830
1DBF6878F614D93; 2827
1DBF6878FA6E86F; 2827
1DBF687A4946DCB; 2827
1DBF687B7E5B7F8; 2827
1DBF687B881DE13; 2827
1DBF687B882DDC3; 2827
1DBF687B8C778EF; 2827
1DBF687CDB4FE4B; 2827
1DBF6890F3857F8; 2834
1DBF6890FD57DC3; 2834
1DBF689101A18EF; 2834
1DBF68925079E4B; 2834
1DBF68927A87278; 2834
1DBF68927D94EA7; 2834
1DBF68928459843; 2834
1DBF6893D77B8CB; 2834
1DBF68A77D40478; 2869
1DBF68A7804E0A7; 2869
1DBF68A81477D9C; 2869
1DBF68A81BD1BB9; 2869
1DBF68A81F602F8; 2869
1DBF68A8226DF27; 2869
1DBF68A85BB2F75; 2869
1DBF68A97C5494B; 2869
1DBF68AF582211C; 2849
1DBF68AF5F7BF39; 2849
1DBF68AF630A678; 2849
1DBF68AF66182A7; 2849
1DBF68AF712676F; 2849
1DBF68B0BFFECCB; 2849
1DBF68B0D59A51C; 2850
1DBF68B0DCF4339; 2850
1DBF68B0E082A78; 2850
1DBF68B0E3906A7; 2850
1DBF68B1519499C; 2849
1DBF68B158EE7B9; 2849
1DBF68B15C7CEF8; 2849
1DBF68B15F8AB27; 2849
1DBF68B23CFA2B9; 2850
1DBF68B29F5DD1C; 2850
1DBF68B2A6B7B39; 2850
1DBF68B2AA46278; 2850
1DBF68B2AD53EA7; 2850
1DBF68B40227C8D; 2850
1DBF68C329AE31C; 2855
1DBF68C33108139; 2855
1DBF68C33496878; 2855
1DBF68C337A44A7; 2855
1DBF68C342B296F; 2855
1DBF68C48C7828D; 2855
1DBF68C4F371B1C; 2855
1DBF68C4FACB939; 2855
1DBF68C4FE5A078; 2855
1DBF68C50167CA7; 2855
1DBF68C650676E1; 2855
1DBF68DA5588E1C; 2881
1DBF68DA5CE2C39; 2881
1DBF68DA6071378; 2881
1DBF68DA637EFA7; 2881
1DBF68DA6E8D46F; 2881
1DBF68DB6A19A9C; 2881
1DBF68DB71738B9; 2881
1DBF68DB780FC27; 2881
1DBF68DBB27E9E1; 2881
1DBF68E74C5241C; 2890
1DBF68E753AC239; 2890
1DBF68E7573A978; 2890
1DBF68E75A485A7; 2890
1DBF68E87C8B40D; 2890
1DBF68E90302F1C; 2890
1DBF68E90A5CD39; 2890
1DBF68EA333BF0D; 2890
1DBF68F9C68BC1C; 2894
1DBF68F9D174178; 2894
1DBF68FAF6C4C0D; 2894
1DBF68FBD31119C; 2894
1DBF68FD034A18D; 2894
1DBF6911FECCBF8; 2895
1DBF6913241D68D; 2895
1DBF6914579D578; 2895
1DBF69157CEE00D; 2895
1DBF692B968AD78; 2902
1DBF692CBBDB80D; 2902
1DBF692EC860D8D; 2902
1DBF6943183A2F8; 2911
1DBF69443D8AD8D; 2911
1DBF69464086C8D; 2911
1DBF69595F331F8; 2927
1DBF695A8483C8D; 2927
1DBF695C0B8570D; 2927
1DBF696B374CB78; 2926
1DBF696C5C9D60D; 2926
1DBF696D8693E78; 2926
1DBF696EABE490D; 2926
1DBF6984C581678; 2933
1DBF6985EAD210D; 2933
1DBF6987F9F86B8; 2933
1DBF699D58F3E33; 2940
1DBF699D5F9423D; 2940
1DBF699D6599038; 2940
1DBF699F6D4076A; 2940
1DBF69B3682319C; 2928
1DBF69B48C95CEA; 2928
1DBF69B65AA2ECF; 2928
1DBF69C7DBCF21C; 2935
1DBF69C8FB020CF; 2935
1DBF69CB066D12A; 2935
1DBF69DEA4B3EEF; 2966
1DBF69E01C3902A; 2966
1DBF69E90D0A82A; 2960
1DBF69EACD449AA; 2960
1DBF69FC7F3892A; 2967
1DBF69FE823482A; 2967
1DBF6A12FF69F2A; 2978
1DBF6A14D2B6DAA; 2978
1DBF6A27C8EAA2A; 3002
1DBF6A28E704D2A; 3002
1DBF6A3469DF5AA; 2977
1DBF6A36E8D592A; 2977
1DBF6A391B808AA; 2977
1DBF6A4FA1A516F; 2976
1DBF6A50D66852A; 2976
1DBF6A52BCC80AA; 2976
1DBF6A6A0EC85AA; 2981
1DBF6A6C37E9EAA; 2981
1DBF6A8291F5AAA; 2974
1DBF6A84AC7F475; 2974
1DBF6A99FE3643C; 2979
1DBF6A9A050D0F5; 2979
1DBF6A9C16DCBFA; 2979
1DBF6AB22E26A7A; 3000
1DBF6AB39DF96D2; 3000
1DBF6AC23860AD2; 2977
1DBF6ACB568D152; 2974
1DBF6ACC8A583EF; 2974
1DBF6AE1373CB6F; 2971
1DBF6AE3737116F; 2971
1DBF6AFA6F9CBEF; 2984
1DBF6AFC4C730EF; 2984
1DBF6B0FD1B3EEF; 3011
1DBF6B1981418EF; 2986
1DBF6B1BED24F6F; 2986
1DBF6B1D447796F; 2986
1DBF6B34836516F; 2993
1DBF6B36A2FD3EF; 2993
1DBF6B4BDEEECEF; 2994
1DBF6B4E1199C6F; 2994
1DBF6B656D237EF; 3001
1DBF6B679FCE76F; 3001
1DBF6B7D01E5A6F; 3009
1DBF6B7EF1CEC6F; 3009
1DBF6B938BA06EF; 3024
1DBF6B952F3E4EF; 3024
1DBF6BA6489BC6F; 3026
1DBF6BA8A16C5EF; 3026
1DBF6BBFE059DEF; 3028
1DBF6BC21C8E3EF; 3028
1DBF6BD96E8E8EF; 3028
1DBF6BDBAAC2EEF; 3028
1DBF6BF30FD60EF; 3037
1DBF6BF5094896F; 3037
1DBF6C09867E06F; 3039
1DBF6C0BCC3BCEF; 3039
1DBF6C230B294EF; 3046
1DBF6C252AC176F; 3046
1DBF6C3A8CD8A6F; 3049
1DBF6C3B6736718; 3049
1DBF6C3CBF839EF; 3049
1DBF6C526362198; 3060
1DBF6C53BBAF46F; 3060
1DBF6C54464A296; 3060
1DBF6C5449C1D18; 3060
1DBF6C55A20EFEF; 3060
1DBF6C67D514716; 3061
1DBF6C67D88C198; 3061
1DBF6C6930D946F; 3061
1DBF6C6A0CA030F; 3061
1DBF6C6A1148D16; 3061
1DBF6C6A14C0798; 3061
1DBF6C6B6D0DA6F; 3061
1DBF6C81551718F; 3062
1DBF6C8159BFB96; 3062
1DBF6C815D37618; 3062
1DBF6C82B5848EF; 3062
1DBF6C838A8FC5F; 3062
1DBF6C838E66781; 3062
1DBF6C839337F03; 3062
1DBF6C839AD4E0F; 3062
1DBF6C839F7D816; 3062
1DBF6C83A2F5298; 3062
1DBF6C84FB4256F; 3062
1DBF6C9AC97D45F; 3065
1DBF6C9ACD53F81; 3065
1DBF6C9AD225703; 3065
1DBF6C9AD9C260F; 3065
1DBF6C9ADE6B016; 3065
1DBF6C9AE1E2A98; 3065
1DBF6C9C3A2FD6F; 3065
1DBF6C9D05B1A5F; 3065
1DBF6C9D0988581; 3065
1DBF6C9D0E59D03; 3065
1DBF6C9D15F6C0F; 3065
1DBF6C9D1A9F616; 3065
1DBF6C9D1E17098; 3065
1DBF6C9E766436F; 3065
1DBF6CB44E288DF; 3083
1DBF6CB451FF401; 3083
1DBF6CB456D0B83; 3083
1DBF6CB45E6DA8F; 3083
1DBF6CB46316496; 3083
1DBF6CB4668DF18; 3083
1DBF6CB5BEDB1EF; 3083
1DBF6CB5DEB39DF; 3083
1DBF6CB5E28A501; 3083
1DBF6CB5E75BC83; 3083
1DBF6CB5EEF8B8F; 3083
1DBF6CB5F3A1596; 3083
1DBF6CB5F719018; 3083
1DBF6CB74F662EF; 3083
1DBF6CC655F12DF; 3104
1DBF6CC659C7E01; 3104
1DBF6CC65E99583; 3104
1DBF6CC6663648F; 3104
1DBF6CC66ADEE96; 3104
1DBF6CC66E56918; 3104
1DBF6CC7740B5DF; 3104
1DBF6CC777E2101; 3104
1DBF6CC77CB3883; 3104
1DBF6CC7845078F; 3104
1DBF6CC788F9196; 3104
1DBF6CC78C70C18; 3104
1DBF6CC7C6A3BEF; 3104
1DBF6CC8E4BDEEF; 3104
1DBF6CD2F6E5E5F; 3107
1DBF6CD2FABC981; 3107
1DBF6CD2FF8E103; 3107
1DBF6CD3072B00F; 3107
1DBF6CD30BD3A16; 3107
1DBF6CD30F4B498; 3107
1DBF6CD4679876F; 3107
1DBF6CD50CF4A5F; 3107
1DBF6CD510CB581; 3107
1DBF6CD5159CD03; 3107
1DBF6CD51D39C0F; 3107
1DBF6CD521E2616; 3107
1DBF6CD67DA736F; 3107
1DBF6CEACE69E5F; 3108
1DBF6CEAD240981; 3108
1DBF6CEAD712103; 3108
1DBF6CEADEAF00F; 3108
1DBF6CEAE6CF498; 3108
1DBF6CEC3F1C76F; 3108
1DBF6CED0114DDF; 3108
1DBF6CED04EB901; 3108
1DBF6CED09BD083; 3108
1DBF6CED1159F8F; 3108
1DBF6CEE71C76EF; 3108
1DBF6D04498BC5F; 3119
1DBF6D044D62781; 3119
1DBF6D045233F03; 3119
1DBF6D0461F1298; 3119
1DBF6D05BA3E56F; 3119
1DBF6D062FEB7DF; 3119
1DBF6D0633C2301; 3119
1DBF6D07A09E0EF; 3119
1DBF6D19CD91C18; 3126
1DBF6D1B25DEEEF; 3126
1DBF6D1D15C80EF; 3126
1DBF6D309084F98; 3127
1DBF6D31E8D226F; 3127
1DBF6D341B7D1EF; 3127
1DBF6D4A0BA6D98; 3126
1DBF6D4B63F406F; 3126
1DBF6D4DA02866F; 3126
1DBF6D6386C8B98; 3127
1DBF6D64DF15E6F; 3127
1DBF6D6711C0DEF; 3127
1DBF6D7D01EA998; 3149
1DBF6D7E5A37C6F; 3149
1DBF6D7FCE269EF; 3149
1DBF6D8D6615598; 3152
1DBF6D8EBA08D93; 3152
1DBF6D8EBE6286F; 3152
1DBF6D90C69E2C3; 3152
1DBF6DA5D62FD98; 3153
1DBF6DA72060F78; 3153
1DBF6DA72A33543; 3153
1DBF6DA95FA31A7; 3153
1DBF6DBF5151B98; 3150
1DBF6DC09E909A7; 3150
1DBF6DC2D428C39; 3150
1DBF6DD8D5FD018; 3154
1DBF6DDA1545C9C; 3154
1DBF6DDA1C9FAB9; 3154
1DBF6DF1A575918; 3160
1DBF6DF3B1FAE98; 3160
1DBF6E0969E6C18; 3172
1DBF6E0B33AA418; 3172
1DBF6E1E2054A18; 3167
1DBF6E204976318; 3167
1DBF6E360162098; 3168
1DBF6E380DE7618; 3168
1DBF6E4F72FA818; 3166
1DBF6E51A5A5798; 3166
1DBF6E68E492F98; 3171
1DBF6E6B042B218; 3171
1DBF6E8154AD798; 3164
1DBF6E8357A9698; 3164
1DBF6E98C34A018; 3171
1DBF6E9ABCBC898; 3171
1DBF6EAFDC11E18; 3171
1DBF6EB20533718; 3171
1DBF6EC95733C18; 3170
1DBF6ECB8055518; 3170
1DBF6EE2C8CC398; 3174
1DBF6EE4F1EDC98; 3174
1DBF6EFB8EBB618; 3175
1DBF6EFDB7DCF18; 3175
1DBF6F150053D98; 3170
1DBF6F171662998; 3170
1DBF6F2D706E598; 3172
1DBF6F2FA319518; 3172
1DBF6F46E206D18; 3178
1DBF6F48E502C18; 3178
1DBF6F5E9CEE998; 3175
1DBF6F60C610298; 3175
1DBF6F77C23BD18; 3175
1DBF6F79EB5D618; 3175
1DBF6F9146E7198; 3175
1DBF6F937008A98; 3175
1DBF6FAAC208F98; 3174
1DBF6FACEB2A898; 3174
1DBF6FC433A1718; 3168
1DBF6FC6369D618; 3168
1DBF6FDBEE89398; 3175
1DBF6FDDE7FBC18; 3175
1DBF6FF2FDC7B18; 3176
1DBF6FF526E9418; 3176
1DBF700C6F60298; 3176
1DBF700E9881B98; 3176
1DBF7025E0F8A18; 3178
1DBF70280A1A318; 3178
1DBF703F5291198; 3177
1DBF70417BB2A98; 3177
1DBF7058C429918; 3172
1DBF705AD0AEE98; 3172
1DBF70712ABAA98; 3177
1DBF70733740018; 3177
1DBF7089914BC18; 3178
1DBF708BE092F18; 3178
1DBF70A31F80718; 3176
1DBF70A52C05C98; 3176
1DBF70BC9118E98; 3180
1DBF70BEA727A98; 3180
1DBF70D55708118; 3180
1DBF70D78029A18; 3180
1DBF70EEC8A0898; 3181
1DBF70F0FB4B818; 3181
1DBF71084D4BD18; 3178
1DBF710A59D1298; 3178
1DBF71215F86398; 3179
1DBF71239231318; 3179
1DBF713AD11EB18; 3181
1DBF713D03C9A98; 3181
1DBF715455C9F98; 3179
1DBF71567562218; 3179
1DBF716DC762718; 3178
1DBF716FE6FA998; 3178
1DBF71875597218; 3179
1DBF71897EB8B18; 3179
1DBF71A0ED55398; 3181
1DBF71A32000318; 3181
1DBF71BA6877198; 3179
1DBF71BC880F418; 3179
1DBF71D3DA0F918; 3181
1DBF71D60331218; 3181
1DBF71ED5531718; 3182
1DBF71EF7E53018; 3182
1DBF7206D053518; 3191
1DBF7208B6B3098; 3191
1DBF721D3D71E18; 3193
1DBF721F6693718; 3193
1DBF7236AF0A598; 3188
1DBF7238BB8FB18; 3188
1DBF724F159B718; 3189
1DBF72513B45596; 3189
1DBF726883BC416; 3203
1DBF726A22B180F; 3203
1DBF727C471658F; 3201
1DBF727E8537303; 3201
1DBF7295BB7C85F; 3199
1DBF7295BF53381; 3199
1DBF7295C424B03; 3199
1DBF72EB80BBCE1; 3288
1DBF7302A30D161; 3290
1DBF7304CC2EA61; 3290
1DBF731C4454961; 3285
1DBF731E5A63561; 3285
1DBF7334B46F161; 3287
1DBF7336DD90A61; 3287
1DBF734E26078E1; 3364
1DBF734F906CFE1; 3387
1DBF7350FAD26E1; 3407
1DBF7352784AAE1; 3438
1DBF7353E2B01E1; 3456
1DBF73554D158E1; 3473
1DBF7356B77AFE1; 3466
1DBF735821E06E1; 3472
1DBF73598C45DE1; 3466
1DBF735BE516761; 3466
1DBF735D32DFAE1; 3466
1DBF73748E69661; 3477
1DBF73766B3FB61; 3477
1DBF738A0393661; 3481
1DBF738C068F561; 3481
1DBF73A273ADE61; 3482
1DBF73A4A658DE1; 3482
1DBF73BBE5465E1; 3465
1DBF73BD926DA61; 3465
1DBF73CEA241B61; 3455
1DBF73D045DF961; 3455
1DBF73E2AD06461; 3459
1DBF73E4CC9E6E1; 3459
1DBF73FB1D20C61; 3451
1DBF73FD16934E1; 3451
1DBF7411E013FE1; 3447
1DBF741409358E1; 3447
1DBF742AAF8C8E1; 3437
1DBF742C8C62DE1; 3437
1DBF74407101CE1; 3436
1DBF7442C048FE1; 3436
1DBF7459FF367E1; 3431
1DBF745C0BBBD61; 3431
1DBF747278DA661; 3440
1DBF747498728E1; 3440
1DBF74890C1E961; 3438
1DBF748B0F1A861; 3438
1DBF74A24E08061; 3446
1DBF74A45A8D5E1; 3446
1DBF74B970594E1; 3446
1DBF74BBA304461; 3446
1DBF74D2F504961; 3444
1DBF74D527AF8E1; 3444
1DBF74EC7026761; 3445
1DBF74EEB5E43E1; 3445
1DBF7505F4D1BE1; 3442
1DBF7508277CB61; 3442
1DBF751F4044961; 3438
1DBF75216966261; 3438
1DBF753819468E1; 3434
1DBF753A557AEE1; 3434
1DBF7550FBD1EE1; 3437
1DBF75532E7CE61; 3437
1DBF756A2AA88E1; 3492
1DBF756B950DFE1; 3499
1DBF756D2CEF0C9; 3502
1DBF756E4D3CA61; 3499
1DBF75703D25C61; 3499
1DBF75719478661; 3500
1DBF75826B14061; 3577
1DBF75846E0FF61; 3577
1DBF759BA3740E1; 3651
1DBF759D0DD97E1; 3671
1DBF759E783EEE1; 3676
1DBF759FE2A45E1; 3683
1DBF75A14D09CE1; 3692
1DBF75A2CA820E1; 3708
1DBF75A46E1FEE1; 3700
1DBF75A62E5A061; 3702
1DBF75AD8EA0761; 3704
1DBF75B01720161; 3704
1DBF75C5C582861; 3700
1DBF75C798CF6E1; 3700
1DBF75DE52393E1; 3693
1DBF75E06847FE1; 3693
1DBF75F5D3E8961; 3747
1DBF75F73E4E061; 3744
1DBF75F8A8B3761; 3740
1DBF75FA1318E61; 3748
1DBF75FB7D7E561; 3754
1DBF75FCBD313BD; 3754
1DBF75FDDFD8561; 3754
1DBF75FF372AF61; 3754
1DBF76167618761; 3833
1DBF7616F44C63D; 3833
1DBF7617AC18236; 3833
1DBF7617B30883D; 3833
1DBF7618CEE90E1; 3833
1DBF761903EDA8B; 3833
1DBF761A263BAE1; 3833
1DBF76307C1398B; 3919
1DBF76319E619E1; 3919
1DBF7632059E6EC; 3922
1DBF76320C9EA8B; 3922
1DBF76332EECAE1; 3922
1DBF76341BAD2EC; 3922
1DBF763422AD68B; 3922
1DBF763544FB6E1; 3922
1DBF76366436D8B; 3922
1DBF76366AF45EC; 3922
1DBF763671F498B; 3922
1DBF763794429E1; 3922
1DBF764DA32458B; 3936
1DBF764DA9E1DEC; 3936
1DBF764DB0E218B; 3936
1DBF764ED3301E1; 3936
1DBF764F6F9837A; 3936
1DBF764F767140B; 3936
1DBF764F7D2EC6C; 3936
1DBF764F842F00B; 3936
1DBF7650A67D061; 3936
1DBF7661BA22AFA; 3936
1DBF7661C0FBB8B; 3936
1DBF7661C7B93EC; 3936
1DBF7661CEB978B; 3936
1DBF7662F1077E1; 3936
1DBF7664029B56D; 3936
1DBF76640969DFA; 3936
1DBF76641042E8B; 3936
1DBF766417006EC; 3936
1DBF76641E00A8B; 3936
1DBF7665404EAE1; 3936
1DBF767B4B123ED; 3950
1DBF767B51E0C7A; 3950
1DBF767B58B9D0B; 3950
1DBF767B5F7756C; 3950
1DBF767B667790B; 3950
1DBF767C88C5961; 3950
1DBF767D0E4BE42; 3950
1DBF767D14D5BED; 3950
1DBF767D1BA447A; 3950
1DBF767D227D50B; 3950
1DBF767D293AD6C; 3950
1DBF767D303B10B; 3950
1DBF767E5289161; 3950
1DBF768F6BE92C2; 3971
1DBF768F727306D; 3971
1DBF768F79418FA; 3971
1DBF768F801A98B; 3971
1DBF768F86D81EC; 3971
1DBF768F8DD858B; 3971
1DBF7690B0265E1; 3971
1DBF7690B313586; 3971
1DBF7690B9B2642; 3971
1DBF7690C03C3ED; 3971
1DBF7690C70AC7A; 3971
1DBF7690CDE3D0B; 3971
1DBF7690D4A156C; 3971
1DBF7690DBA190B; 3971
1DBF7691FDEF961; 3971
1DBF769D70A4486; 3981
1DBF769D7743542; 3981
1DBF769D7DCD2ED; 3981
1DBF769D849BB7A; 3981
1DBF769D8B74C0B; 3981
1DBF769D923246C; 3981
1DBF769D993280B; 3981
1DBF769EBB80861; 3981
1DBF769F03C75C0; 3981
1DBF769F0AB8C06; 3981
1DBF769F1157CC2; 3981
1DBF769F17E1A6D; 3981
1DBF769F1EB02FA; 3981
1DBF769F258938B; 3981
1DBF769F2C46BEC; 3981
1DBF769F3346F8B; 3981
1DBF76A05594FE1; 3981
1DBF76AF848E540; 3993
1DBF76AF8B7FB86; 3993
1DBF76AF921EC42; 3993
1DBF76AF98A89ED; 3993
1DBF76AF9F7727A; 3993
1DBF76AFA65030B; 3993
1DBF76AFAD0DB6C; 3993
1DBF76AFB40DF0B; 3993
1DBF76B0D65BF61; 3993
1DBF76B12AE7CD7; 3993
1DBF76B131B59C0; 3993
1DBF76B138A7006; 3993
1DBF76B13F460C2; 3993
1DBF76B145CFE6D; 3993
1DBF76B14C9E6FA; 3993
1DBF76B1537778B; 3993
1DBF76B15A34FEC; 3993
1DBF76B283833E1; 3993
1DBF76C24445457; 3982
1DBF76C24B13140; 3982
1DBF76C25204786; 3982
1DBF76C258A3842; 3982
1DBF76C25F2D5ED; 3982
1DBF76C265FBE7A; 3982
1DBF76C26CD4F0B; 3982
1DBF76C2739276C; 3982
1DBF76C27A92B0B; 3982
1DBF76C39CE0B61; 3982
1DBF76C3FD9DD9A; 3982
1DBF76C4047F5D7; 3982
1DBF76C40B4D2C0; 3982
1DBF76C4123E906; 3982
1DBF76C418DD9C2; 3982
1DBF76C41F6776D; 3982
1DBF76C42635FFA; 3982
1DBF76C42D0F08B; 3982
1DBF76C55D1ACE1; 3982
1DBF76D6056679A; 3981
1DBF76D60C47FD7; 3981
1DBF76D61315CC0; 3981
1DBF76D61A07306; 3981
1DBF76D620A63C2; 3981
1DBF76D6273016D; 3981
1DBF76D62DFE9FA; 3981
1DBF76D634D7A8B; 3981
1DBF76D6429568B; 3981
1DBF76D764E36E1; 3981
1DBF76D860FE207; 3981
1DBF76D867C079A; 3981
1DBF76D86EA1FD7; 3981
1DBF76D8756FCC0; 3981
1DBF76D87C61306; 3981
1DBF76D883003C2; 3981
1DBF76D8898A16D; 3981
1DBF76D890589FA; 3981
1DBF76D8A4EF68B; 3981
1DBF76D9C73D6E1; 3981
1DBF76EF9FEBA07; 3989
1DBF76EFA6ADF9A; 3989
1DBF76EFAD8F7D7; 3989
1DBF76EFB45D4C0; 3989
1DBF76EFBB4EB06; 3989
1DBF76EFC1EDBC2; 3989
1DBF76EFC87796D; 3989
1DBF76EFCF461FA; 3989
1DBF76EFE3DCE8B; 3989
1DBF76F1062AEE1; 3989
1DBF76F1927EE61; 3989
1DBF76F1995E287; 3989
1DBF76F1A02081A; 3989
1DBF76F1A702057; 3989
1DBF76F1ADCFD40; 3989
1DBF76F1B4C1386; 3989
1DBF76F1BB60442; 3989
1DBF76F1C1EA1ED; 3989
1DBF76F2FF9D761; 3989
1DBF77066F12661; 3983
1DBF770675F1A87; 3983
1DBF77067CB401A; 3983
1DBF77068395857; 3983
1DBF77068A63540; 3983
1DBF77069154B86; 3983
1DBF770697F3C42; 3983
1DBF77069E7D9ED; 3983
1DBF7706B9E2F0B; 3983
1DBF7707DC30F61; 3983
1DBF77089140EB8; 3983
1DBF77089833F61; 3983
1DBF77089F13387; 3983
1DBF7708A5D591A; 3983
1DBF7708ACB7157; 3983
1DBF7708B384E40; 3983
1DBF7708BA76486; 3983
1DBF7708C115542; 3983
1DBF7708C79F2ED; 3983
1DBF770A0552861; 3983
1DBF771DF3581B8; 3981
1DBF771DFA4B261; 3981
1DBF771E012A687; 3981
1DBF771E07ECC1A; 3981
1DBF771E0ECE457; 3981
1DBF771E159C140; 3981
1DBF771E1C8D786; 3981
1DBF771E232C842; 3981
1DBF771E451BB0B; 3981
1DBF771F6769B61; 3981
1DBF7720456DC1A; 3981
1DBF77204C28B38; 3981
1DBF7720531BBE1; 3981
1DBF772059FB007; 3981
1DBF772060BD59A; 3981
1DBF7720679EDD7; 3981
1DBF77206E6CAC0; 3981
1DBF7720755E106; 3981
1DBF77207BFD1C2; 3981
1DBF77209DEC48B; 3981
1DBF7721C03A4E1; 3981
1DBF77378DE4A9A; 3982
1DBF7737949F9B8; 3982
1DBF77379B92A61; 3982
1DBF7737A271E87; 3982
1DBF7737A93441A; 3982
1DBF7737B015C57; 3982
1DBF7737B6E3940; 3982
1DBF7737BDD4F86; 3982
1DBF7737E66330B; 3982
1DBF773908B1361; 3982
1DBF7739D65FC88; 3982
1DBF7739DD2BD9A; 3982
1DBF7739E3E6CB8; 3982
1DBF7739EAD9D61; 3982
1DBF7739F1B9187; 3982
1DBF7739F87B71A; 3982
1DBF7739FF5CF57; 3982
1DBF773A062AC40; 3982
1DBF773A0D1C286; 3982
1DBF773A35AA60B; 3982
1DBF773B57F8661; 3982
1DBF77512860188; 3980
1DBF77512F2C29A; 3980
1DBF775135E71B8; 3980
1DBF77513CDA261; 3980
1DBF775143B9687; 3980
1DBF77514A7BC1A; 3980
1DBF7751515D457; 3980
1DBF7751582B140; 3980
1DBF775187AAB0B; 3980
1DBF7752A9F8B61; 3980
1DBF77535E218F9; 3980
1DBF77536494788; 3980
1DBF77536B6089A; 3980
1DBF7753721B7B8; 3980
1DBF7753790E861; 3980
1DBF77537FEDC87; 3980
1DBF775386B021A; 3980
1DBF77538D91A57; 3980
1DBF7753945F740; 3980
1DBF7754E62D161; 3980
1DBF776AC334AF9; 3983
1DBF776AC9A7988; 3983
1DBF776AD073A9A; 3983
1DBF776AD72E9B8; 3983
1DBF776ADE21A61; 3983
1DBF776AE500E87; 3983
1DBF776AEBC341A; 3983
1DBF776AF2A4C57; 3983
1DBF776B28F230B; 3983
1DBF776C4B40361; 3983
1DBF776D0B89472; 3983
1DBF776D127BDF9; 3983
1DBF776D18EEC88; 3983
1DBF776D1FBAD9A; 3983
1DBF776D2675CB8; 3983
1DBF776D2D68D61; 3983
1DBF776D3448187; 3983
1DBF776D3B0A71A; 3983
1DBF776D7EA6DBD; 3983
1DBF776EA0E2D92; 3983
1DBF778454002F2; 3981
1DBF77845AF2C79; 3981
1DBF77846165B08; 3981
1DBF77846831C1A; 3981
1DBF77846EECB38; 3981
1DBF778475DFBE1; 3981
1DBF77847CBF007; 3981
1DBF7784838159A; 3981
1DBF7784C71DC3D; 3981
1DBF7785E959C12; 3981
1DBF77869C4CA53; 3981
1DBF7786A3475F2; 3981
1DBF7786AA39F79; 3981
1DBF7786B0ACE08; 3981
1DBF7786B778F1A; 3981
1DBF7786BE33E38; 3981
1DBF7786C526EE1; 3981
1DBF7786CC06307; 3981
1DBF77870FF778B; 3981
1DBF7788320E725; 3981
1DBF779DE4C38D3; 3993
1DBF779DEBBE472; 3993
1DBF779DF2B0DF9; 3993
1DBF779DF923C88; 3993
1DBF779DFFEFD9A; 3993
1DBF779E06AACB8; 3993
1DBF779E0D9DD61; 3993
1DBF779E147D187; 3993
1DBF779E586E60B; 3993
1DBF779F7A855A5; 3993
1DBF779FCDF360A; 3993
1DBF779FD4ACAD3; 3993
1DBF779FDBA7672; 3993
1DBF779FE299FF9; 3993
1DBF779FE90CE88; 3993
1DBF779FEFD8F9A; 3993
1DBF779FF693EB8; 3993
1DBF779FFD86F61; 3993
1DBF77A164F7394; 3993
1DBF77B306E900A; 3998
1DBF77B30DA24D3; 3998
1DBF77B3149D072; 3998
1DBF77B31B8F9F9; 3998
1DBF77B32202888; 3998
1DBF77B328CE99A; 3998
1DBF77B32F898B8; 3998
1DBF77B3367C961; 3998
1DBF77B37A4CE6C; 3998
1DBF77B49DECD94; 3998
1DBF77B532AB496; 3998
1DBF77B53993F8A; 3998
1DBF77B5404D453; 3998
1DBF77B54747FF2; 3998
1DBF77B54E3A979; 3998
1DBF77B554AD808; 3998
1DBF77B55B7991A; 3998
1DBF77B56234838; 3998
1DBF77B569278E1; 3998
1DBF77B6CA894C9; 3998
1DBF77CAEA97216; 4007
1DBF77CAF17FD0A; 4007
1DBF77CAF8391D3; 4007
1DBF77CAFF33D72; 4007
1DBF77CB06266F9; 4007
1DBF77CB0C99588; 4007
1DBF77CB136569A; 4007
1DBF77CB1A205B8; 4007
1DBF77CB5E2630B; 4007
1DBF77CC8275249; 4007
1DBF77CD0333252; 4007
1DBF77CD0A2F496; 4007
1DBF77CD1117F8A; 4007
1DBF77CD17D1453; 4007
1DBF77CD1ECBFF2; 4007
1DBF77CD25BE979; 4007
1DBF77CD2C31808; 4007
1DBF77CD32FD91A; 4007
1DBF77CD39B8838; 4007
1DBF77CE9C55687; 4007
1DBF77E15A42F52; 4016
1DBF77E1613F196; 4016
1DBF77E16827C8A; 4016
1DBF77E16EE1153; 4016
1DBF77E175DBCF2; 4016
1DBF77E17CCE679; 4016
1DBF77E18341508; 4016
1DBF77E18A0D61A; 4016
1DBF77E1D4CE28B; 4016
1DBF77E2F365387; 4016
1DBF77E326A4CE1; 4016
1DBF77E32D8FDD2; 4016
1DBF77E3348C016; 4016
1DBF77E33B74B0A; 4016
1DBF77E3422DFD3; 4016
1DBF77E34928B72; 4016
1DBF77E3501B4F9; 4016
1DBF77E3568E388; 4016
1DBF77E35D5A49A; 4016
1DBF77E4C1CF6B9; 4016
1DBF77F727DFF61; 4016
1DBF77F72ECB052; 4016
1DBF77F735C7296; 4016
1DBF77F73CAFD8A; 4016
1DBF77F74369253; 4016
1DBF77F74A63DF2; 4016
1DBF77F75156779; 4016
1DBF77F757C9608; 4016
1DBF77F7A27D2FA; 4016
1DBF77F8C30A939; 4016
1DBF77F979BA3EE; 4016
1DBF77F980B08E1; 4016
1DBF77F9879B9D2; 4016
1DBF77F98E97C16; 4016
1DBF77F9958070A; 4016
1DBF77F99C39BD3; 4016
1DBF77F9A334772; 4016
1DBF77F9AA270F9; 4016
1DBF77F9B099F88; 4016
1DBF77F9F47F3ED; 4016
1DBF77FB1497F2D; 4016
1DBF7810B8A7BEE; 4017
1DBF7810BF9E0E1; 4017
1DBF7810C6891D2; 4017
1DBF7810CD85416; 4017
1DBF7810D46DF0A; 4017
1DBF7810DB273D3; 4017
1DBF7810E221F72; 4017
1DBF7810E9148F9; 4017
1DBF7811336CBED; 4017
1DBF7812538572D; 4017
1DBF78130105755; 4017
1DBF781307EEEEE; 4017
1DBF78130EE53E1; 4017
1DBF781315D04D2; 4017
1DBF78131CCC716; 4017
1DBF781323B520A; 4017
1DBF78132A6E6D3; 4017
1DBF78133169272; 4017
1DBF78137C2A142; 4017
1DBF78149C34D0E; 4017
1DBF782A497C5D5; 4021
1DBF782A5065D6E; 4021
1DBF782A575C261; 4021
1DBF782A5E47352; 4021
1DBF782A6543596; 4021
1DBF782A6C2C08A; 4021
1DBF782A72E5553; 4021
1DBF782A79E00F2; 4021
1DBF782AC4A0FC2; 4021
1DBF782BE4ABB8E; 4021
1DBF782C8825243; 4021
1DBF782C8F3A255; 4021
1DBF782C96239EE; 4021
1DBF782C9D19EE1; 4021
1DBF782CA404FD2; 4021
1DBF782CAB01216; 4021
1DBF782CB1E9D0A; 4021
1DBF782CB8A31D3; 4021
1DBF782D03BFB86; 4021
1DBF782E23E96BD; 4021
1DBF78432E7C243; 4024
1DBF78433591255; 4024
1DBF78433C7A9EE; 4024
1DBF78434370EE1; 4024
1DBF78434A5BFD2; 4024
1DBF78435158216; 4024
1DBF78435840D0A; 4024
1DBF78435EFA1D3; 4024
1DBF7843AA16B86; 4024
1DBF7844CA406BD; 4024
1DBF784563C49AC; 4024
1DBF78456AB0843; 4024
1DBF784571C5855; 4024
1DBF784578AEFEE; 4024
1DBF78457FA54E1; 4024
1DBF784586905D2; 4024
1DBF78458D8C816; 4024
1DBF7845947530A; 4024
1DBF78459B2E7D3; 4024
1DBF784700E8DD8; 4024
1DBF785C6979AAC; 4029
1DBF785C7065943; 4029
1DBF785C777A955; 4029
1DBF785C7E640EE; 4029
1DBF785C855A5E1; 4029
1DBF785C8C456D2; 4029
1DBF785C9341916; 4029
1DBF785C9A2A40A; 4029
1DBF785CE50EC40; 4029
1DBF785E069DED8; 4029
1DBF785E9F2F297; 4029
1DBF785EA5AE0AC; 4029
1DBF785EAC99F43; 4029
1DBF785EB3AEF55; 4029
1DBF785EBA986EE; 4029
1DBF785EC18EBE1; 4029
1DBF785EC879CD2; 4029
1DBF785ECF75F16; 4029
1DBF785ED65EA0A; 4029
1DBF78603B9D3BF; 4029
1DBF7874EFB1817; 4031
1DBF7874F63062C; 4031
1DBF7874FD1C4C3; 4031
1DBF787504314D5; 4031
1DBF78750B1AC6E; 4031
1DBF78751211161; 4031
1DBF787518FC252; 4031
1DBF78751FF8496; 4031
1DBF787526E0F8A; 4031
1DBF78756AF7AD7; 4031
1DBF78768C1F93F; 4031
1DBF78772EB14EA; 4031
1DBF7877356F497; 4031
1DBF78773BEE2AC; 4031
1DBF787742DA143; 4031
1DBF787749EF155; 4031
1DBF787750D88EE; 4031
1DBF787757CEDE1; 4031
1DBF78775EB9ED2; 4031
1DBF787765B6116; 4031
1DBF7878CB59393; 4031
1DBF788E772836A; 4034
1DBF788E7DE6317; 4034
1DBF788E846512C; 4034
1DBF788E8B50FC3; 4034
1DBF788E9265FD5; 4034
1DBF788E994F76E; 4034
1DBF788EA045C61; 4034
1DBF788EA730D52; 4034
1DBF788EAE2CF96; 4034
1DBF788EF24AD9A; 4034
1DBF789013D0213; 4034
1DBF7890BF88DAB; 4034
1DBF7890C66F66A; 4034
1DBF7890CD2D617; 4034
1DBF7890D3AC42C; 4034
1DBF7890DA982C3; 4034
1DBF7890E1AD2D5; 4034
1DBF7890E896A6E; 4034
1DBF7890EF8CF61; 4034
1DBF7890F678052; 4034
1DBF78913ACFB07; 4034
1DBF78925C86718; 4034
1DBF78A7FE765AB; 4037
1DBF78A8055CE6A; 4037
1DBF78A80C1AE17; 4037
1DBF78A81299C2C; 4037
1DBF78A81985AC3; 4037
1DBF78A8209AAD5; 4037
1DBF78A8278426E; 4037
1DBF78A82E7A761; 4037
1DBF78A879BD307; 4037
1DBF78A99B73F18; 4037
1DBF78AA46A86D5; 4037
1DBF78AA4DBD8AB; 4037
1DBF78AA54A416A; 4037
1DBF78AA5B62117; 4037
1DBF78AA61E0F2C; 4037
1DBF78AA68CCDC3; 4037
1DBF78AA6FE1DD5; 4037
1DBF78AA76CB56E; 4037
1DBF78AA7DC1A61; 4037
1DBF78AAC2251E1; 4037
1DBF78ABE432D2A; 4037
1DBF78C18595ED5; 4040
1DBF78C18CAB0AB; 4040
1DBF78C1939196A; 4040
1DBF78C19A4F917; 4040
1DBF78C1A0CE72C; 4040
1DBF78C1A7BA5C3; 4040
1DBF78C1AECF5D5; 4040
1DBF78C1B5B8D6E; 4040
1DBF78C201129E1; 4040
1DBF78C3232052A; 4040
1DBF78C3C4789A2; 4040
1DBF78C3CB53B55; 4040
1DBF78C3D268D2B; 4040
1DBF78C3D94F5EA; 4040
1DBF78C3E00D597; 4040
1DBF78C3E68C3AC; 4040
1DBF78C3ED78243; 4040
1DBF78C3F48D255; 4040
1DBF78C3FB769EE; 4040
1DBF78C56259D3E; 4040
1DBF78DB0CEF822; 4040
1DBF78DB13CA9D5; 4040
1DBF78DB1ADFBAB; 4040
1DBF78DB21C646A; 4040
1DBF78DB2884417; 4040
1DBF78DB2F0322C; 4040
1DBF78DB35EF0C3; 4040
1DBF78DB3D040D5; 4040
1DBF78DB8854438; 4040
1DBF78DCAAD0BBE; 4040
1DBF78DD5546E20; 4040
1DBF78DD5C36B22; 4040
1DBF78DD6311CD5; 4040
1DBF78DD6A26EAB; 4040
1DBF78DD710D76A; 4040
1DBF78DD77CB717; 4040
1DBF78DD7E4A52C; 4040
1DBF78DD85363C3; 4040
1DBF78DD8C4B3D5; 4040
1DBF78DDD0E081A; 4040
1DBF78DEF392E7B; 4040
1DBF78F49434620; 4042
1DBF78F49B24322; 4042
1DBF78F4A1FF4D5; 4042
1DBF78F4A9146AB; 4042
1DBF78F4AFFAF6A; 4042
1DBF78F4B6B8F17; 4042
1DBF78F4BD37D2C; 4042
1DBF78F4C423BC3; 4042
1DBF78F50FCE01A; 4042
1DBF78F6328067B; 4042
1DBF78F6D3D0C83; 4042
1DBF78F6D9F22A0; 4042
1DBF78F6E0E1FA2; 4042
1DBF78F6E7BD155; 4042
1DBF78F6EED232B; 4042
1DBF78F6F5B8BEA; 4042
1DBF78F6FC76B97; 4042
1DBF78F702F59AC; 4042
1DBF78F709E1843; 4042
1DBF78F871C37DD; 4042
1DBF790E1C47B03; 4054
1DBF790E2269120; 4054
1DBF790E2958E22; 4054
1DBF790E3033FD5; 4054
1DBF790E37491AB; 4054
1DBF790E3E2FA6A; 4054
1DBF790E44EDA17; 4054
1DBF790E4B6C82C; 4054
1DBF790E9736A08; 4054
1DBF790FBA3A65D; 4054
1DBF790FF2ACAF4; 4054
1DBF790FF91E003; 4054
1DBF790FFF3F620; 4054
1DBF7910062F322; 4054
1DBF79100D0A4D5; 4054
1DBF7910141F6AB; 4054
1DBF79101B05F6A; 4054
1DBF791021C3F17; 4054
1DBF79102842D2C; 4054
1DBF79119190C36; 4054
1DBF7923352BB74; 4054
1DBF79233B9D083; 4054
1DBF792341BE6A0; 4054
1DBF792348AE3A2; 4054
1DBF79234F89555; 4054
1DBF7923569E72B; 4054
1DBF79235D84FEA; 4054
1DBF79236442F97; 4054
1DBF7923B0190F9; 4054
1DBF7924D40FCB6; 4054
1DBF79257D8481C; 4054
1DBF79258472E74; 4054
1DBF79258AE4383; 4054
1DBF792591059A0; 4054
1DBF792597F56A2; 4054
1DBF79259ED0855; 4054
1DBF7925A5E5A2B; 4054
1DBF7925ACCC2EA; 4054
1DBF7925F86DA72; 4054
1DBF79271CCFE5C; 4054
1DBF793CBC7201C; 4059
1DBF793CC360674; 4059
1DBF793CC9D1B83; 4059
1DBF793CCFF31A0; 4059
1DBF793CD6E2EA2; 4059
1DBF793CDDBE055; 4059
1DBF793CE4D322B; 4059
1DBF793CEBB9AEA; 4059
1DBF793D375B272; 4059
1DBF793E5BBD65C; 4059
1DBF793EDE97856; 4059
1DBF793EE59391C; 4059
1DBF793EEC81F74; 4059
1DBF793EF2F3483; 4059
1DBF793EF914AA0; 4059
1DBF793F00047A2; 4059
1DBF793F06DF955; 4059
1DBF793F0DF4B2B; 4059
1DBF793F14DB3EA; 4059
1DBF79407E8DF34; 4059
1DBF795538A3456; 4062
1DBF79553F9F51C; 4062
1DBF7955468DB74; 4062
1DBF79554CFF083; 4062
1DBF795553206A0; 4062
1DBF79555A103A2; 4062
1DBF795560EB555; 4062
1DBF7955680072B; 4062
1DBF7955B38DBD3; 4062
1DBF7956D899B34; 4062
1DBF7957777675F; 4062
1DBF79577E610D6; 4062
1DBF7957855D19C; 4062
1DBF79578C4B7F4; 4062
1DBF795792BCD03; 4062
1DBF795798DE320; 4062
1DBF79579FCE022; 4062
1DBF7957A6A91D5; 4062
1DBF7957F94B853; 4062
1DBF7959180690B; 4062
1DBF796EB663F5F; 4062
1DBF796EBD4E8D6; 4062
1DBF796EC44A99C; 4062
1DBF796ECB38FF4; 4062
1DBF796ED1AA503; 4062
1DBF796ED7CBB20; 4062
1DBF796EDEBB822; 4062
1DBF796EE5969D5; 4062
1DBF796F3839053; 4062
1DBF797056F410B; 4062
1DBF7970FF7A138; 4062
1DBF797105AB25F; 4062
1DBF79710C95BD6; 4062
1DBF79711391C9C; 4062
1DBF79711A802F4; 4062
1DBF797120F1803; 4062
1DBF79712712E20; 4062
1DBF79712E02B22; 4062
1DBF797180C6E8A; 4062
1DBF79729F90D35; 4062
1DBF798847F0FB8; 4068
1DBF79884E220DF; 4068
1DBF7988550CA56; 4068
1DBF79885C08B1C; 4068
1DBF798862F7174; 4068
1DBF79886968683; 4068
1DBF79886F89CA0; 4068
1DBF7988C93DD0A; 4068
1DBF7989E807BB5; 4068
1DBF798A587C9E6; 4068
1DBF798A5DFFBB8; 4068
1DBF798A6430CDF; 4068
1DBF798A6B1B656; 4068
1DBF798A721771C; 4068
1DBF798A7905D74; 4068
1DBF798A7F77283; 4068
1DBF798A85988A0; 4068
1DBF798BF7D8E62; 4068
1DBF79A019F1DE6; 4074
1DBF79A01F74FB8; 4074
1DBF79A025A60DF; 4074
1DBF79A02C90A56; 4074
1DBF79A0338CB1C; 4074
1DBF79A03A7B174; 4074
1DBF79A040EC683; 4074
1DBF79A099D9216; 4074
1DBF79A1B94E262; 4074
1DBF79A2291BBDB; 4074
1DBF79A230009E6; 4074
1DBF79A23583BB8; 4074
1DBF79A23BB4CDF; 4074
1DBF79A2429F656; 4074
1DBF79A2499B71C; 4074
1DBF79A25089D74; 4074
1DBF79A256FB283; 4074
1DBF79A3C9CD902; 4074
1DBF79B7EA90FDB; 4077
1DBF79B7F175DE6; 4077
1DBF79B7F6F8FB8; 4077
1DBF79B7FD2A0DF; 4077
1DBF79B80414A56; 4077
1DBF79B80B10B1C; 4077
1DBF79B811FF174; 4077
1DBF79B86A60FD2; 4077
1DBF79B98B42D02; 4077
1DBF79BA165E232; 4077
1DBF79BA1D3BF5B; 4077
1DBF79BA2420D66; 4077
1DBF79BA29A3F38; 4077
1DBF79BA2FD505F; 4077
1DBF79BA36BF9D6; 4077
1DBF79BA3DBBA9C; 4077
1DBF79BA44AA0F4; 4077
1DBF79BBB6D4690; 4077
1DBF79D11289CB2; 4087
1DBF79D119679DB; 4087
1DBF79D1204C7E6; 4087
1DBF79D125CF9B8; 4087
1DBF79D12C00ADF; 4087
1DBF79D132EB456; 4087
1DBF79D139E751C; 4087
1DBF79D1924C8E1; 4087
1DBF79D2B300110; 4087
1DBF79D30515C82; 4087
1DBF79D30BFC532; 4087
1DBF79D312DA25B; 4087
1DBF79D319BF066; 4087
1DBF79D31F42238; 4087
1DBF79D3257335F; 4087
1DBF79D32C5DCD6; 4087
1DBF79D33359D9C; 4087
1DBF79D4A6C6D7A; 4087
1DBF79E72C76902; 4106
1DBF79E7335D1B2; 4106
1DBF79E73A3AEDB; 4106
1DBF79E7411FCE6; 4106
1DBF79E746A2EB8; 4106
1DBF79E74CD3FDF; 4106
1DBF79E753BE956; 4106
1DBF79E7AC298EE; 4106
1DBF79E88FCA678; 4106
1DBF79E896DC002; 4106
1DBF79E89DC28B2; 4106
1DBF79E8A4A05DB; 4106
1DBF79E8AB853E6; 4106
1DBF79E8B1085B8; 4106
1DBF79E8B7396DF; 4106
1DBF79E8BE24056; 4106
1DBF79E8CE279FA; 4106
1DBF79EA3454F94; 4106
1DBF79F780064F8; 4113
1DBF79F78717E82; 4113
1DBF79F78DFE732; 4113
1DBF79F794DC45B; 4113
1DBF79F79BC1266; 4113
1DBF79F7A144438; 4113
1DBF79F7A77555F; 4113
1DBF79F7FFE16D5; 4113
1DBF79F92490E14; 4113
1DBF79F969E67E8; 4113
1DBF79F96FEF6F8; 4113
1DBF79F97701082; 4113
1DBF79F97DE7932; 4113
1DBF79F984C565B; 4113
1DBF79F98BAA466; 4113
1DBF79F9912D638; 4113
1DBF79F9975E75F; 4113
1DBF79FB0EFBBC0; 4113
1DBF7A0CF8B0C68; 4117
1DBF7A0CFEB9B78; 4117
1DBF7A0D05CB502; 4117
1DBF7A0D0CB1DB2; 4117
1DBF7A0D138FADB; 4117
1DBF7A0D1A748E6; 4117
1DBF7A0D1FF7AB8; 4117
1DBF7A0D7E94D55; 4117
1DBF7A0E9DC6040; 4117
1DBF7A0EFEE5E1C; 4117
1DBF7A0F05361E8; 4117
1DBF7A0F0B3F0F8; 4117
1DBF7A0F1250A82; 4117
1DBF7A0F1937332; 4117
1DBF7A0F201505B; 4117
1DBF7A0F26F9E66; 4117
1DBF7A0F2C7D038; 4117
1DBF7A10A3DBCC6; 4117
1DBF7A256C0471C; 4115
1DBF7A257254AE8; 4115
1DBF7A25785D9F8; 4115
1DBF7A257F6F382; 4115
1DBF7A258655C32; 4115
1DBF7A258D3395B; 4115
1DBF7A259418766; 4115
1DBF7A25F123BC3; 4115
1DBF7A2710FA5C6; 4115
1DBF7A27A125E13; 4115
1DBF7A27A838D1C; 4115
1DBF7A27AE890E8; 4115
1DBF7A27B491FF8; 4115
1DBF7A27BBA3982; 4115
1DBF7A27C28A232; 4115
1DBF7A27C967F5B; 4115
1DBF7A27D04CD66; 4115
1DBF7A2946DBDEE; 4115
1DBF7A3EE013613; 4118
1DBF7A3EE72651C; 4118
1DBF7A3EED768E8; 4118
1DBF7A3EF37F7F8; 4118
1DBF7A3EFA91182; 4118
1DBF7A3F0177A32; 4118
1DBF7A3F085575B; 4118
1DBF7A3F6559B2C; 4118
1DBF7A4085C95EE; 4118
1DBF7A410BD27A4; 4118
1DBF7A4112BE593; 4118
1DBF7A4119D149C; 4118
1DBF7A412021868; 4118
1DBF7A41262A778; 4118
1DBF7A412D3C102; 4118
1DBF7A4134229B2; 4118
1DBF7A413B006DB; 4118
1DBF7A42B1907C7; 4118
1DBF7A585449624; 4118
1DBF7A585B35413; 4118
1DBF7A58624831C; 4118
1DBF7A5868986E8; 4118
1DBF7A586EA15F8; 4118
1DBF7A5875B2F82; 4118
1DBF7A587C99832; 4118
1DBF7A58D9FCB17; 4118
1DBF7A59FA07647; 4118
1DBF7A5A9C7ACAA; 4118
1DBF7A5AA390924; 4118
1DBF7A5AAA7C713; 4118
1DBF7A5AB18F61C; 4118
1DBF7A5AB7DF9E8; 4118
1DBF7A5ABDE88F8; 4118
1DBF7A5AC4FA282; 4118
1DBF7A5ACBE0B32; 4118
1DBF7A5B2285E6A; 4118
1DBF7A5C42AB8EB; 4118
1DBF7A71DB684AA; 4113
1DBF7A71E27E124; 4113
1DBF7A71E969F13; 4113
1DBF7A71F07CE1C; 4113
1DBF7A71F6CD1E8; 4113
1DBF7A71FCD60F8; 4113
1DBF7A7203E7A82; 4113
1DBF7A72617366A; 4113
1DBF7A7381990EB; 4113
1DBF7A73E28861A; 4113
1DBF7A73E7EDA2A; 4113
1DBF7A73EF036A4; 4113
1DBF7A73F5EF493; 4113
1DBF7A73FD0239C; 4113
1DBF7A740352768; 4113
1DBF7A74095B678; 4113
1DBF7A74106D002; 4113
1DBF7A7587DA5D1; 4113
1DBF7A8A035BB1A; 4121
1DBF7A8A08C0F2A; 4121
1DBF7A8A0FD6BA4; 4121
1DBF7A8A16C2993; 4121
1DBF7A8A1DD589C; 4121
1DBF7A8A2425C68; 4121
1DBF7A8A2A2EB78; 4121
1DBF7A8A87E582B; 4121
1DBF7A8BA8ADAD1; 4121
1DBF7A8BECB5850; 4121
1DBF7A8BF344D1A; 4121
1DBF7A8BF8AA12A; 4121
1DBF7A8BFFBFDA4; 4121
1DBF7A8C06ABB93; 4121
1DBF7A8C0DBEA9C; 4121
1DBF7A8C140EE68; 4121
1DBF7A8C1A17D78; 4121
1DBF7A8D9293410; 4121
1DBF7AA0BFBF9D0; 4118
1DBF7AA0C64EE9A; 4118
1DBF7AA0CBB42AA; 4118
1DBF7AA0D2C9F24; 4118
1DBF7AA0D9B5D13; 4118
1DBF7AA0E0C8C1C; 4118
1DBF7AA0E718FE8; 4118
1DBF7AA143C39D5; 4118
1DBF7AA2659D590; 4118
1DBF7AA2EE1583B; 4118
1DBF7AA2F26A950; 4118
1DBF7AA2F8F9E1A; 4118
1DBF7AA2FE5F22A; 4118
1DBF7AA30574EA4; 4118
1DBF7AA30C60C93; 4118
1DBF7AA31373B9C; 4118
1DBF7AA319C3F68; 4118
1DBF7AA491BCA8A; 4118
1DBF7AB9E0B7C3B; 4116
1DBF7AB9E50CD50; 4116
1DBF7AB9EB9C21A; 4116
1DBF7AB9F10162A; 4116
1DBF7AB9F8172A4; 4116
1DBF7AB9FF03093; 4116
1DBF7ABA0615F9C; 4116
1DBF7ABA6235BA2; 4116
1DBF7ABB845EE8A; 4116
1DBF7ABC10FA337; 4116
1DBF7ABC1362BBB; 4116
1DBF7ABC17B7CD0; 4116
1DBF7ABC1E4719A; 4116
1DBF7ABC23AC5AA; 4116
1DBF7ABC2AC2224; 4116
1DBF7ABC31AE013; 4116
1DBF7ABC38C0F1C; 4116
1DBF7ABDB0826C0; 4116
1DBF7AD359711B7; 4119
1DBF7AD35BD9A3B; 4119
1DBF7AD3602EB50; 4119
1DBF7AD366BE01A; 4119
1DBF7AD36C2342A; 4119
1DBF7AD373390A4; 4119
1DBF7AD37A24E93; 4119
1DBF7AD3D667CA0; 4119
1DBF7AD4F8F9540; 4119
1DBF7AD5884777D; 4119
1DBF7AD58C1C137; 4119
1DBF7AD58E849BB; 4119
1DBF7AD592D9AD0; 4119
1DBF7AD59968F9A; 4119
1DBF7AD59ECE3AA; 4119
1DBF7AD5A5E4024; 4119
1DBF7AD5ACCFE13; 4119
1DBF7AD724FFC84; 4119
1DBF7AECD0BE5FD; 4112
1DBF7AECD492FB7; 4112
1DBF7AECD6FB83B; 4112
1DBF7AECDB50950; 4112
1DBF7AECE1DFE1A; 4112
1DBF7AECE74522A; 4112
1DBF7AECEE5AEA4; 4112
1DBF7AED4B68483; 4112
1DBF7AEE6D76B04; 4112
1DBF7AEEE0F945B; 4112
1DBF7AEEE6CD1FD; 4112
1DBF7AEEEAA1BB7; 4112
1DBF7AEEED0A43B; 4112
1DBF7AEEF15F550; 4112
1DBF7AEEF7EEA1A; 4112
1DBF7AEEFD53E2A; 4112
1DBF7AEF0469AA4; 4112
1DBF7AF07D63C00; 4112
1DBF7B04431075B; 4120
1DBF7B0448E44FD; 4120
1DBF7B044CB8EB7; 4120
1DBF7B044F2173B; 4120
1DBF7B045376850; 4120
1DBF7B045A05D1A; 4120
1DBF7B045F6B12A; 4120
1DBF7B04BD1CE74; 4120
1DBF7B05DF7AF00; 4120
1DBF7B062BDFA69; 4120
1DBF7B0632F995B; 4120
1DBF7B0638CD6FD; 4120
1DBF7B063CA20B7; 4120
1DBF7B063F0A93B; 4120
1DBF7B06435FA50; 4120
1DBF7B0649EEF1A; 4120
1DBF7B064F5432A; 4120
1DBF7B07C964669; 4120
1DBF7B1AB29E7E9; 4120
1DBF7B1AB9B86DB; 4120
1DBF7B1ABF8C47D; 4120
1DBF7B1AC360E37; 4120
1DBF7B1AC5C96BB; 4120
1DBF7B1ACA1E7D0; 4120
1DBF7B1AD0ADC9A; 4120
1DBF7B1B2CD679C; 4120
1DBF7B1C50233E9; 4120
1DBF7B1CDEA7399; 4120
1DBF7B1CE549769; 4120
1DBF7B1CEC6365B; 4120
1DBF7B1CF2373FD; 4120
1DBF7B1CF60BDB7; 4120
1DBF7B1CF87463B; 4120
1DBF7B1CFCC9750; 4120
1DBF7B1D0358C1A; 4120
1DBF7B1E7C2C9A1; 4120
1DBF7B34271E219; 4125
1DBF7B342DC05E9; 4125
1DBF7B3434DA4DB; 4125
1DBF7B343AAE27D; 4125
1DBF7B343E82C37; 4125
1DBF7B3440EB4BB; 4125
1DBF7B3445405D0; 4125
1DBF7B34A0FC4D6; 4125
1DBF7B35C4A3821; 4125
1DBF7B3636E02E0; 4125
1DBF7B364090CE0; 4125
1DBF7B3646B6499; 4125
1DBF7B364D58869; 4125
1DBF7B36547275B; 4125
1DBF7B365A464FD; 4125
1DBF7B365E1AEB7; 4125
1DBF7B36608373B; 4125
1DBF7B3664D8850; 4125
1DBF7B37DDBBAFF; 4125
1DBF7B4C90EBEE0; 4127
1DBF7B4C9A9C8E0; 4127
1DBF7B4CA0C2099; 4127
1DBF7B4CA764469; 4127
1DBF7B4CAE7E35B; 4127
1DBF7B4CB4520FD; 4127
1DBF7B4CB826AB7; 4127
1DBF7B4CBA8F33B; 4127
1DBF7B4D13B59DF; 4127
1DBF7B4E37C76FF; 4127
1DBF7B4EC396E60; 4127
1DBF7B4ECD47860; 4127
1DBF7B4ED36D019; 4127
1DBF7B4EDA0F3E9; 4127
1DBF7B4EE1292DB; 4127
1DBF7B4EE6FD07D; 4127
1DBF7B4EEAD1A37; 4127
1DBF7B4EED3A2BB; 4127
1DBF7B5063C1C6B; 4127
1DBF7B661597360; 4125
1DBF7B661F47D60; 4125
1DBF7B66256D519; 4125
1DBF7B662C0F8E9; 4125
1DBF7B6633297DB; 4125
1DBF7B6638FD57D; 4125
1DBF7B66922FD38; 4125
1DBF7B67B5C216B; 4125
1DBF7B6851CB960; 4125
1DBF7B685B7C360; 4125
1DBF7B6861A1B19; 4125
1DBF7B686843EE9; 4125
1DBF7B686F5DDDB; 4125
1DBF7B687531B7D; 4125
1DBF7B69EB43985; 4125
1DBF7B7FA3CBE60; 4129
1DBF7B7FAD7C860; 4129
1DBF7B7FB3A2019; 4129
1DBF7B7FBA443E9; 4129
1DBF7B7FC15E2DB; 4129
1DBF7B801AE1666; 4129
1DBF7B813D43E85; 4129
1DBF7B81B9DAA60; 4129
1DBF7B81C38B460; 4129
1DBF7B81C9B0C19; 4129
1DBF7B81D052FE9; 4129
1DBF7B81D76CEDB; 4129
1DBF7B834D9C3B5; 4129
1DBF7B9869BB0E0; 4130
1DBF7B98736BAE0; 4130
1DBF7B987991299; 4130
1DBF7B988033669; 4130
1DBF7B98D9EBADB; 4130
1DBF7B99FD7CA35; 4130
1DBF7B9AA5EF6E0; 4130
1DBF7B9AAFA00E0; 4130
1DBF7B9AB5C5899; 4130
1DBF7B9ABC67C69; 4130
1DBF7B9C322CA33; 4130
1DBF7BB1E4DCEE0; 4130
1DBF7BB1EE8D8E0; 4130
1DBF7BB1F4B3099; 4130
1DBF7BB24E2FBB2; 4130
1DBF7BB3711A233; 4130
1DBF7BB41787E60; 4130
1DBF7BB42138860; 4130
1DBF7BB4275E019; 4130
1DBF7BB59D0798E; 4130
1DBF7BCB5FFECE0; 4133
1DBF7BCB69AF6E0; 4133
1DBF7BCBC26B102; 4133
1DBF7BCCE57E80E; 4133
1DBF7BCD7F96F60; 4133
1DBF7BCD8947960; 4133
1DBF7BCEFE4E03D; 4133
1DBF7BE4854C060; 4130
1DBF7BE4E0A6AF8; 4130
1DBF7BE6040313D; 4130
1DBF7BE6B7F6FE0; 4130
1DBF7BE8304090B; 4130
1DBF7BFE4C36368; 4131
1DBF7BFF6F2E10B; 4131
1DBF7C01914F66C; 4131
1DBF7C17B77E71C; 4131
1DBF7C18D9C64EC; 4131
1DBF7C1B18C690B; 4131
1DBF7C313516C93; 4131
1DBF7C3257B410B; 4131
1DBF7C3470732FA; 4131
1DBF7C4A9FC3624; 4134
1DBF7C4BC2737FA; 4134
1DBF7C4DE4C686D; 4134
1DBF7C640A4612A; 4130
1DBF7C652D3D6ED; 4130
1DBF7C674FD5242; 4130
1DBF7C7CCACFF9A; 4134
1DBF7C7DECA2BC2; 4134
1DBF7C80059BD86; 4134
1DBF7C958A2FD50; 4132
1DBF7C96ABF2D86; 4132
1DBF7C98CE23040; 4132
1DBF7CAEF7733BB; 4134
1DBF7CB01699EC0; 4134
1DBF7CB24C007D7; 4134
1DBF7CC875E15FD; 4133
1DBF7CC99477657; 4133
1DBF7CCBA3A4A1A; 4133
1DBF7CE1E415769; 4136
1DBF7CE308B7C1A; 4136
1DBF7CE534A0607; 4136
1DBF7CFB4F0BB19; 4134
1DBF7CFC738DE07; 4134
1DBF7CFCFDA7BFA; 4134
1DBF7CFE95D02E1; 4134
1DBF7D14461EA7A; 4135
1DBF7D14BA7EAE0; 4135
1DBF7D15DE47161; 4135
1DBF7D166ABAAA1; 4135
1DBF7D166F4037A; 4135
1DBF7D1800759B8; 4135
1DBF7D2DB331921; 4136
1DBF7D2DB7B71FA; 4136
1DBF7D2E2266860; 4136
1DBF7D2F48EC838; 4136
1DBF7D2FD61AA3F; 4136
1DBF7D2FDC53221; 4136
1DBF7D2FE0D8AFA; 4136
1DBF7D316B5321A; 4136
1DBF7D471E918BF; 4140
1DBF7D4724CA0A1; 4140
1DBF7D47294F97A; 4140
1DBF7D4793FEFE0; 4140
1DBF7D48B3CA09A; 4140
1DBF7D493E29B3F; 4140
1DBF7D494462321; 4140
1DBF7D4948E7BFA; 4140
1DBF7D4ACC96208; 4140
1DBF7D5FE480B3F; 4135
1DBF7D5FEAB9321; 4135
1DBF7D5FEF3EBFA; 4135
1DBF7D6172ED208; 4135
1DBF7D61E77CA3F; 4135
1DBF7D61EDB5221; 4135
1DBF7D61F23AAFA; 4135
1DBF7D636F76279; 4135
1DBF7D77FEC68BF; 4137
1DBF7D7804FF0A1; 4137
1DBF7D78098497A; 4137
1DBF7D7986C00F9; 4137
1DBF7D7A27E81BF; 4137
1DBF7D7A2E209A1; 4137
1DBF7D7A32A627A; 4137
1DBF7D7BA8EF072; 4137
1DBF7D91705F03F; 4136
1DBF7D917697821; 4136
1DBF7D917B1D0FA; 4136
1DBF7D92F165EF2; 4136
1DBF7D93998093F; 4136
1DBF7D939FB9121; 4136
1DBF7D95138CC53; 4136
1DBF7DAAEB80E3F; 4139
1DBF7DAAF63EEFA; 4139
1DBF7DAC658D153; 4139
1DBF7DAD0B190BF; 4139
1DBF7DAE7E6BF0A; 4139
1DBF7DC410CE1BF; 4139
1DBF7DC41B8C27A; 4139
1DBF7DC5842100A; 4139
1DBF7DC7A659E16; 4139
1DBF7DDD96AE07A; 4140
1DBF7DDEF85A316; 4140
1DBF7DE11A7F9D2; 4140
1DBF7DF708467FA; 4139
1DBF7DF862F6852; 4139
1DBF7DFA852D061; 4139
1DBF7E10967B2FA; 4140
1DBF7E11EA40261; 4140
1DBF7E127DF78C0; 4140
1DBF7E140C6B66E; 4140
1DBF7E29CFF7DC0; 4141
1DBF7E2A119D0FA; 4141
1DBF7E2B5E6BB6E; 4141
1DBF7E2BE9D5A2F; 4141
1DBF7E2BEF90040; 4141
1DBF7E2D771A655; 4141
1DBF7E43455F5AF; 4140
1DBF7E434B19BC0; 4140
1DBF7E438CBEEFA; 4140
1DBF7E44D2A41D5; 4140
1DBF7E45680D9F5; 4140
1DBF7E456E80EAF; 4140
1DBF7E45743B4C0; 4140
1DBF7E46F4B0AC3; 4140
1DBF7E5CD6AA275; 4139
1DBF7E5CDD1D72F; 4139
1DBF7E5CE2D7D40; 4139
1DBF7E5D247D07A; 4139
1DBF7E5E634D343; 4139
1DBF7E5EF976F59; 4139
1DBF7E5EFFCBB75; 4139
1DBF7E5F063F02F; 4139
1DBF7E5F0BF9640; 4139
1DBF7E608582DAC; 4139
1DBF7E7641EDDD9; 4145
1DBF7E7648429F5; 4145
1DBF7E764EB5EAF; 4145
1DBF7E7654704C0; 4145
1DBF7E7696157FA; 4145
1DBF7E77CDF9C2C; 4145
1DBF7E783EAE31B; 4145
1DBF7E7844E9CD9; 4145
1DBF7E784B3E8F5; 4145
1DBF7E7851B1DAF; 4145
1DBF7E78576C3C0; 4145
1DBF7E79CA76D17; 4145
1DBF7E8E133641B; 4149
1DBF7E8E1971DD9; 4149
1DBF7E8E1FC69F5; 4149
1DBF7E8E2639EAF; 4149
1DBF7E8E2BF44C0; 4149
1DBF7E8E6D997FA; 4149
1DBF7E8F9EFEE17; 4149
1DBF7E902C28D60; 4149
1DBF7E9032CE69B; 4149
1DBF7E90390A059; 4149
1DBF7E903F5EC75; 4149
1DBF7E9045D212F; 4149
1DBF7E904B8C740; 4149
1DBF7E91B7D90EA; 4149
1DBF7EA6D27FD60; 4149
1DBF7EA6D92569B; 4149
1DBF7EA6DF61059; 4149
1DBF7EA6E5B5C75; 4149
1DBF7EA6EC2912F; 4149
1DBF7EA6F1E3740; 4149
1DBF7EA73388A7A; 4149
1DBF7EA85E300EA; 4149
1DBF7EA9183D9E0; 4149
1DBF7EA91EE331B; 4149
1DBF7EA9251ECD9; 4149
1DBF7EA92B738F5; 4149
1DBF7EA931E6DAF; 4149
1DBF7EAA9D074AB; 4149
1DBF7EC07D50BE0; 4150
1DBF7EC083F651B; 4150
1DBF7EC08A31ED9; 4150
1DBF7EC09086AF5; 4150
1DBF7EC096F9FAF; 4150
1DBF7EC0DE598FA; 4150
1DBF7EC2021A6AB; 4150
1DBF7EC289D6160; 4150
1DBF7EC2907BA9B; 4150
1DBF7EC296B7459; 4150
1DBF7EC29D0C075; 4150
1DBF7EC4078AA55; 4150
1DBF7ED9EEE9360; 4149
1DBF7ED9F58EC9B; 4149
1DBF7ED9FBCA659; 4149
1DBF7EDA021F275; 4149
1DBF7EDA4B6C7A1; 4149
1DBF7EDB6C9DC55; 4149
1DBF7EDC34A6FE0; 4149
1DBF7EDC3B4C91B; 4149
1DBF7EDC41882D9; 4149
1DBF7EDC8AF1C3F; 4149
1DBF7EDDAB80722; 4149
1DBF7EF37D1DE60; 4150
1DBF7EF383C379B; 4150
1DBF7EF3D368ABF; 4150
1DBF7EF4F3F75A2; 4150
1DBF7EF589A33E0; 4150
1DBF7EF59048D1B; 4150
1DBF7EF6F98CE20; 4150
1DBF7F0CEEB65E0; 4141
1DBF7F0D0E19FC0; 4141
1DBF7F0E5EA0020; 4141
1DBF7F0EDE9F7E0; 4141
1DBF7F104867C03; 4141
1DBF7F2371AF240; 4148
1DBF7F24BC13C83; 4148
1DBF7F26A58B974; 4148
1DBF7F3A80ED9C0; 4147
1DBF7F3BC4E0EF4; 4147
1DBF7F3DF09D81C; 4147
1DBF7F53F286140; 4148
1DBF7F552F8B01C; 4148
1DBF7F5751B0856; 4148
1DBF7F6D641E8C0; 4150
1DBF7F6E9A276D6; 4150
1DBF7F6F4081C23; 4150
1DBF7F70CF7135F; 4150
1DBF7F8688F8AA3; 4141
1DBF7F86E8C9D40; 4141
1DBF7F8817E81DF; 4141
1DBF7F8855B0577; 4141
1DBF7F885C45923; 4141
1DBF7F89E503F38; 4141
1DBF7F9D0294CF7; 4153
1DBF7F9D092A0A3; 4153
1DBF7F9D68FB340; 4153
1DBF7F9E91E86B8; 4153
1DBF7F9EC5AAEBC; 4153
1DBF7F9ECC584F7; 4153
1DBF7F9ED2ED8A3; 4153
1DBF7FA05628CE6; 4153
1DBF7FB15C80A3C; 4150
1DBF7FB1632E077; 4150
1DBF7FB169C3423; 4150
1DBF7FB1C9946C0; 4150
1DBF7FB2ECFE866; 4150
1DBF7FB37C18CBC; 4150
1DBF7FB382C62F7; 4150
1DBF7FB385496DD; 4150
1DBF7FB3895B6A3; 4150
1DBF7FB505B1CDB; 4150
1DBF7FCA784473C; 4154
1DBF7FCA7EF1D77; 4154
1DBF7FCA817515D; 4154
1DBF7FCA8587123; 4154
1DBF7FCADF9DDAF; 4154
1DBF7FCC01DD75B; 4154
1DBF7FCC97DC9BC; 4154
1DBF7FCC9E89FF7; 4154
1DBF7FCCA10D3DD; 4154
1DBF7FCCA51F3A3; 4154
1DBF7FCE1A97CB2; 4154
1DBF7FE33E339BC; 4152
1DBF7FE344E0FF7; 4152
1DBF7FE347643DD; 4152
1DBF7FE34B763A3; 4152
1DBF7FE39F19B75; 4152
1DBF7FE4C0EECB2; 4152
1DBF7FE567552BC; 4152
1DBF7FE56E028F7; 4152
1DBF7FE57085CDD; 4152
1DBF7FE57497CA3; 4152
1DBF7FE6E329D02; 4152
1DBF7FFCB9557BC; 4154
1DBF7FFCC002DF7; 4154
1DBF7FFCC2861DD; 4154
1DBF7FFCC6981A3; 4154
1DBF7FFD13E6D59; 4154
1DBF7FFE352A202; 4154
1DBF7FFEE2770BC; 4154
1DBF7FFEE9246F7; 4154
1DBF7FFEEBA7ADD; 4154
1DBF7FFEEFB9AA3; 4154
1DBF8000573A178; 4154
1DBF80162AEDF3C; 4145
1DBF8016319B577; 4145
1DBF8016341E95D; 4145
1DBF80167F43B1B; 4145
1DBF80179FB0FF8; 4145
1DBF80181AD713C; 4145
1DBF80182184777; 4145
1DBF80182407B5D; 4145
1DBF801989912E8; 4145
1DBF802C8E831BC; 4152
1DBF802C97B3BDD; 4152
1DBF802CDC33460; 4152
1DBF802DFD3D368; 4152
1DBF802E912645D; 4152
1DBF802FF05F81C; 4152
1DBF8043B48D9A3; 4151
1DBF80450FB4D9C; 4151
1DBF804731C3793; 4151
1DBF805D2FAF7A3; 4153
1DBF805E83C3C93; 4153
1DBF8060AF82E24; 4153
1DBF8076A147F23; 4150
1DBF8077EE70624; 4150
1DBF807A107C2AA; 4150
1DBF809012E06A3; 4158
1DBF809158F312A; 4158
1DBF80934376F1A; 4158
1DBF80A7221EE23; 4148
1DBF80A862CC49A; 4148
1DBF80AA39134D0; 4148
1DBF80BC8436123; 4129
1DBF80BDBE542D0; 4129
1DBF80BF1ADB23B; 4129
1DBF80CC7F795A3; 4106
1DBF80CDB54263B; 4106
1DBF80D5B30CB23; 4099
1DBF80D6E66D337; 4099
1DBF80D856876FD; 4099
1DBF80E705A29A3; 4092
1DBF80E8352E7FD; 4092
1DBF80EA1F43C5B; 4092
1DBF80FCD0A1423; 4097
1DBF80FDFA594DB; 4097
1DBF80FFFFC4B69; 4097
1DBF81149E9BDA3; 4095
1DBF8115C139F69; 4095
1DBF811664C4F24; 4095
1DBF8117ED42B19; 4095
1DBF812DAD3BDA4; 4088
1DBF812E13287F7; 4088
1DBF812F35B9999; 4088
1DBF812FC016665; 4088
1DBF813145A2DE0; 4088
1DBF81452561CA4; 4110
1DBF81469E096E0; 4110
1DBF8146A7BA0E0; 4110
1DBF815582F3FFA; 4115
1DBF815772DD1FA; 4115
1DBF816C45E737A; 4112
1DBF816D554B072; 4112
1DBF816E78922FA; 4112
1DBF81845B00172; 4166
1DBF81857E473FA; 4166
1DBF8185B7F33F0; 4167
1DBF8185BF6472F; 4167
1DBF8185C565872; 4167
1DBF8186E8ACAFA; 4167
1DBF81875207B70; 4167
1DBF81875978EAF; 4167
1DBF81875F79FF2; 4167
1DBF818882C127A; 4167
1DBF81981590870; 4157
1DBF81981D01BAF; 4157
1DBF81982302CF2; 4157
1DBF81994649F7A; 4157
1DBF8199D5CA9F0; 4157
1DBF8199DD3BD2F; 4157
1DBF8199E33CE72; 4157
1DBF819B06840FA; 4157
1DBF81AC29DE7F0; 4197
1DBF81AC314FB2F; 4197
1DBF81AC3750C72; 4197
1DBF81AD5A97EFA; 4197
1DBF81AE3FED3F0; 4203
1DBF81AE475E72F; 4203
1DBF81AE4D5F872; 4203
1DBF81AF70A6AFA; 4203
1DBF81AFAA52AF0; 4209
1DBF81AFB1C3E2F; 4209
1DBF81AFB7C4F72; 4209
1DBF81B0DB0C1FA; 4209
1DBF81B114B81F0; 4212
1DBF81B11C2952F; 4212
1DBF81B1222A672; 4212
1DBF81B245718FA; 4212
1DBF81B281003C5; 4219
1DBF81B292305F0; 4219
1DBF81B299A192F; 4219
1DBF81B29FA2A72; 4219
1DBF81B3C2E9CFA; 4219
1DBF81B3EB65AC5; 4221
1DBF81B3FC95CF0; 4221
1DBF81B4040702F; 4221
1DBF81B40A08172; 4221
1DBF81B4DCAB646; 4221
1DBF81B4E35A3C5; 4221
1DBF81B4EBAA0C0; 4221
1DBF81B4F48A5F0; 4221
1DBF81B4FBFB92F; 4221
1DBF81B501FCA72; 4221
1DBF81B62543CFA; 4221
1DBF81BECEFADC6; 4223
1DBF81BED5A9B45; 4223
1DBF81BEE6D9D70; 4223
1DBF81BEEE4B0AF; 4223
1DBF81BEF44C1F2; 4223
1DBF81C0179347A; 4223
1DBF81C0FAD69FF; 4223
1DBF81C101A5D46; 4223
1DBF81C10854AC5; 4223
1DBF81C11984CF0; 4223
1DBF81C120F602F; 4223
1DBF81C24A3E3FA; 4223
1DBF81D754E25FF; 4232
1DBF81D75BB1946; 4232
1DBF81D762606C5; 4232
1DBF81D773908F0; 4232
1DBF81D77B01C2F; 4232
1DBF81D78102D72; 4232
1DBF81D8A449FFA; 4232
1DBF81D9522DF69; 4232
1DBF81D957DE4FF; 4232
1DBF81D95EAD846; 4232
1DBF81D9655C5C5; 4232
1DBF81D9768C7F0; 4232
1DBF81DAA745EFA; 4232
1DBF81ED8CA18E9; 4230
1DBF81ED9251E7F; 4230
1DBF81ED99211C6; 4230
1DBF81ED9FCFF45; 4230
1DBF81EDBE725F2; 4230
1DBF81EEE1B987A; 4230
1DBF81EF9BF8BEA; 4230
1DBF81EFA2B04E9; 4230
1DBF81EFA860A7F; 4230
1DBF81EFAF2FDC6; 4230
1DBF81EFB5DEB45; 4230
1DBF81F0F7C847A; 4230
1DBF82070A9546A; 4232
1DBF8207114CD69; 4232
1DBF820716FD2FF; 4232
1DBF82071DCC646; 4232
1DBF8207247B3C5; 4232
1DBF8207431DA72; 4232
1DBF82086664CFA; 4232
1DBF82094A45AAA; 4232
1DBF820950530EA; 4232
1DBF8209570A9E9; 4232
1DBF82095CBAF7F; 4232
1DBF8209638A2C6; 4232
1DBF82096A39045; 4232
1DBF820988DB6F2; 4232
1DBF820AAC2297A; 4232
1DBF82209C45FAA; 4240
1DBF8220A2535EA; 4240
1DBF8220A90AEE9; 4240
1DBF8220AEBB47F; 4240
1DBF8220B58A7C6; 4240
1DBF8220DADBBF2; 4240
1DBF8221FE22E7A; 4240
1DBF822286C3C48; 4240
1DBF82228C2F1AA; 4240
1DBF8222923C7EA; 4240
1DBF822298F40E9; 4240
1DBF82229EA467F; 4240
1DBF8222A5739C6; 4240
1DBF8223EE0C07A; 4240
1DBF82376357448; 4240
1DBF823768C29AA; 4240
1DBF82376ECFFEA; 4240
1DBF823775878E9; 4240
1DBF82377B37E7F; 4240
1DBF8237A7585F2; 4240
1DBF8238CA9F87A; 4240
1DBF8239A312909; 4240
1DBF8239A9150C8; 4240
1DBF8239AE8062A; 4240
1DBF8239B48DC6A; 4240
1DBF8239BB45569; 4240
1DBF8239ED16272; 4240
1DBF823B105D4FA; 4240
1DBF8250E200109; 4249
1DBF8250E8028C8; 4249
1DBF8250ED6DE2A; 4249
1DBF8250F37B46A; 4249
1DBF82512C03A72; 4249
1DBF82524F4ACFA; 4249
1DBF8252D5331C6; 4249
1DBF8252DB72989; 4249
1DBF8252E175148; 4249
1DBF8252E6E06AA; 4249
1DBF825448BD57A; 4249
1DBF826752688C6; 4250
1DBF826758A8089; 4250
1DBF82675EAA848; 4250
1DBF82676415DAA; 4250
1DBF8267A2AB9F2; 4250
1DBF8268C5F2C7A; 4250
1DBF826991CA60E; 4250
1DBF82699826546; 4250
1DBF82699E65D09; 4250
1DBF8269A4684C8; 4250
1DBF8269A9D3A2A; 4250
1DBF8269E869672; 4250
1DBF826B0BB08FA; 4250
1DBF8280D0B7E0E; 4250
1DBF8280D713D46; 4250
1DBF8280DD53509; 4250
1DBF8280E355CC8; 4250
1DBF8280E8C122A; 4250
1DBF82812756E72; 4250
1DBF82824A9E0FA; 4250
1DBF828306E5913; 4250
1DBF82830CEC40E; 4250
1DBF82831348346; 4250
1DBF82831987B09; 4250
1DBF82831F8A2C8; 4250
1DBF828324F582A; 4250
1DBF828486D26FA; 4250
1DBF829A4F5C793; 4246
1DBF829A556328E; 4246
1DBF829A5BBF1C6; 4246
1DBF829A61FE989; 4246
1DBF829A6801148; 4246
1DBF829A6D6C6AA; 4246
1DBF829AAC022F2; 4246
1DBF829BCF4957A; 4246
1DBF829C7B1D558; 4246
1DBF829C8207713; 4246
1DBF829C880E20E; 4246
1DBF829C8E6A146; 4246
1DBF829C94A9909; 4246
1DBF829C9AAC0C8; 4246
1DBF829CA01762A; 4246
1DBF829DFD6EC21; 4246
1DBF82B32174558; 4239
1DBF82B3285E713; 4239
1DBF82B32E6520E; 4239
1DBF82B334C1146; 4239
1DBF82B33B00909; 4239
1DBF82B341030C8; 4239
1DBF82B38504272; 4239
1DBF82B4A3C5C21; 4239
1DBF82B543B8308; 4239
1DBF82B54A95E58; 4239
1DBF82B55180013; 4239
1DBF82B55786B0E; 4239
1DBF82B55DE2A46; 4239
1DBF82B56422209; 4239
1DBF82B56A249C8; 4239
1DBF82B6C6AED3F; 4239
1DBF82CAA5CF608; 4249
1DBF82CAACAD158; 4249
1DBF82CAB397313; 4249
1DBF82CAB99DE0E; 4249
1DBF82CABFF9D46; 4249
1DBF82CAC639509; 4249
1DBF82CB0A3BD2F; 4249
1DBF82CC28C603F; 4249
1DBF82CC7BE6C3A; 4249
1DBF82CC82A5B08; 4249
1DBF82CC8983658; 4249
1DBF82CC906D813; 4249
1DBF82CC967430E; 4249
1DBF82CC9CD0246; 4249
1DBF82CCA30FA09; 4249
1DBF82CDCEB52C0; 4249
1DBF82E0143A73A; 4253
1DBF82E01AF9608; 4253
1DBF82E021D7158; 4253
1DBF82E028C1313; 4253
1DBF82E02EC7E0E; 4253
1DBF82E03523D46; 4253
1DBF82E046D122A; 4253
1DBF82E16708DC0; 4253
1DBF82E23682202; 4253
1DBF82E23D5C03A; 4253
1DBF82E2441AF08; 4253
1DBF82E24AF8A58; 4253
1DBF82E251E2C13; 4253
1DBF82E257E970E; 4253
1DBF82E25E45646; 4253
1DBF82E3902A6C0; 4253
1DBF82F8908DE02; 4267
1DBF82F89767C3A; 4267
1DBF82F89E26B08; 4267
1DBF82F8A504658; 4267
1DBF82F8ABEE813; 4267
1DBF82F8B1F530E; 4267
1DBF82F8C9FE72A; 4267
1DBF82F9EA362C0; 4267
1DBF82FA537A683; 4267
1DBF82FA5A51602; 4267
1DBF82FA612B43A; 4267
1DBF82FA67EA308; 4267
1DBF82FA6EC7E58; 4267
1DBF82FA75B2013; 4267
1DBF82FA7BB8B0E; 4267
1DBF82FBB3F9AC0; 4267
1DBF830C51B9A03; 4280
1DBF830C5890982; 4280
1DBF830C5F6A7BA; 4280
1DBF830C6629688; 4280
1DBF830C6D071D8; 4280
1DBF830C73F1393; 4280
1DBF830C92012AA; 4280
1DBF830DB238E40; 4280
1DBF830DEEAF3E2; 4280
1DBF830DF557803; 4280
1DBF830DFC2E782; 4280
1DBF830E03085BA; 4280
1DBF830E09C7488; 4280
1DBF830E10A4FD8; 4280
1DBF830E178F193; 4280
1DBF830F55D6C40; 4280
1DBF831F11961E2; 4292
1DBF831F183E603; 4292
1DBF831F1F15582; 4292
1DBF831F25EF3BA; 4292
1DBF831F2CAE288; 4292
1DBF831F338BDD8; 4292
1DBF831F3A75F93; 4292
1DBF831F5885EAA; 4292
1DBF832078BDA40; 4292
1DBF8320C172AC9; 4292
1DBF8320C846CE2; 4292
1DBF8320CEEF103; 4292
1DBF8320D5C6082; 4292
1DBF8320DC9FEBA; 4292
1DBF8320E35ED88; 4292
1DBF8320EA3C8D8; 4292
1DBF83222F6E540; 4292
1DBF8332271B649; 4295
1DBF83322DEF862; 4295
1DBF83323497C83; 4295
1DBF83323B6EC02; 4295
1DBF83324248A3A; 4295
1DBF83324907908; 4295
1DBF833274DF52A; 4295
1DBF833395170C0; 4295
1DBF83345CA21ED; 4295
1DBF8334634FC49; 4295
1DBF83346A23E62; 4295
1DBF833470CC283; 4295
1DBF833477A3202; 4295
1DBF83347E7D03A; 4295
1DBF8334853BF08; 4295
1DBF8335D14B6C0; 4295
1DBF834B0C8286D; 4306
1DBF834B13302C9; 4306
1DBF834B1A044E2; 4306
1DBF834B20AC903; 4306
1DBF834B2783882; 4306
1DBF834B2E5D6BA; 4306
1DBF834B60F41AA; 4306
1DBF834C812BD40; 4306
1DBF834CF581D05; 4306
1DBF834CFC6BA6D; 4306
1DBF834D03194C9; 4306
1DBF834D09ED6E2; 4306
1DBF834D1095B03; 4306
1DBF834D176CA82; 4306
1DBF834E7114F40; 4306
1DBF8360844C185; 4303
1DBF83608B35EED; 4303
1DBF836091E3949; 4303
1DBF836098B7B62; 4303
1DBF83609F5FF83; 4303
1DBF8360DFA782A; 4303
1DBF8361FFDF3C0; 4303
1DBF8362B9B9C86; 4303
1DBF8362C080785; 4303
1DBF8362C76A4ED; 4303
1DBF8362CE17F49; 4303
1DBF8362D4EC162; 4303
1DBF8362DB94583; 4303
1DBF83643C139C0; 4303
1DBF8379B5E5706; 4299
1DBF8379BCAC205; 4299
1DBF8379C395F6D; 4299
1DBF8379CA439C9; 4299
1DBF8379D117BE2; 4299
1DBF837A18078AA; 4299
1DBF837B383F440; 4299
1DBF837BF4EA3EB; 4299
1DBF837BFBA3386; 4299
1DBF837C0269E85; 4299
1DBF837C0953BED; 4299
1DBF837C1001649; 4299
1DBF837C5DC552A; 4299
1DBF837D7DFD0C0; 4299
1DBF839291B7D6B; 4309
1DBF83929870D06; 4309
1DBF83929F37805; 4309
1DBF8392A62156D; 4309
1DBF8392FA92EAA; 4309
1DBF83941ACAA40; 4309
1DBF83947ABBCAD; 4309
1DBF839481A0F6B; 4309
1DBF83948859F06; 4309
1DBF83948F20A05; 4309
1DBF839604F962F; 4309
1DBF83A85F5ABAD; 4305
1DBF83A8663FE6B; 4305
1DBF83A86CF8E06; 4305
1DBF83A8C9AFA48; 4305
1DBF83A9E99852F; 4305
1DBF83AA8BA2617; 4305
1DBF83AA9205B2D; 4305
1DBF83AA98EADEB; 4305
1DBF83AA9FA3D86; 4305
1DBF83AC15CFFF5; 4305
1DBF83C0E5AE217; 4310
1DBF83C0EC1172D; 4310
1DBF83C0F2F69EB; 4310
1DBF83C0F9AF986; 4310
1DBF83C15063E09; 4310
1DBF83C26FDBBF5; 4310
1DBF83C3080DAA5; 4310
1DBF83C30ECFB17; 4310
1DBF83C3153302D; 4310
1DBF83C31C182EB; 4310
1DBF83C322D1286; 4310
1DBF83C492A88D9; 4310
1DBF83D915CE2A5; 4304
1DBF83D91C90317; 4304
1DBF83D922F382D; 4304
1DBF83D929D8AEB; 4304
1DBF83D93091A86; 4304
1DBF83D98106746; 4304
1DBF83DAA0690D9; 4304
1DBF83DB24EC80E; 4304
1DBF83DB2BDCEA5; 4304
1DBF83DB329EF17; 4304
1DBF83DB390242D; 4304
1DBF83DB3FE76EB; 4304
1DBF83DB46A0686; 4304
1DBF83DCB03C31B; 4304
1DBF83F0EFEB28E; 4303
1DBF83F0F6DB925; 4303
1DBF83F0FD9D997; 4303
1DBF83F10400EAD; 4303
1DBF83F10AE616B; 4303
1DBF83F1119F106; 4303
1DBF83F15BB7E8E; 4303
1DBF83F27B3AD9B; 4303
1DBF83F338DB98C; 4303
1DBF83F33F3258E; 4303
1DBF83F34622C25; 4303
1DBF83F34CE4C97; 4303
1DBF83F353481AD; 4303
1DBF83F35A2D46B; 4303
1DBF83F360E6406; 4303
1DBF83F3A4F8693; 4303
1DBF83F4C3DC760; 4303
1DBF840A77C918C; 4303
1DBF840A7E1FD8E; 4303
1DBF840A8510425; 4303
1DBF840A8BD2497; 4303
1DBF840A92359AD; 4303
1DBF840A991AC6B; 4303
1DBF840AE3E5E93; 4303
1DBF840C02C9F60; 4303
1DBF840CB6A820F; 4303
1DBF840CBD86E0C; 4303
1DBF840CC3DDA0E; 4303
1DBF840CCACE0A5; 4303
1DBF840CD190117; 4303
1DBF840CD7F362D; 4303
1DBF840CDED88EB; 4303
1DBF840E081A323; 4303
1DBF8423FF1F08F; 4316
1DBF842405FDC8C; 4316
1DBF84240C5488E; 4316
1DBF84241344F25; 4316
1DBF84241A06F97; 4316
1DBF8424206A4AD; 4316
1DBF84242E08706; 4316
1DBF842550911A3; 4316
1DBF8425D5C60A0; 4316
1DBF8425DBF558F; 4316
1DBF8425E2D418C; 4316
1DBF8425E92AD8E; 4316
1DBF8425F01B425; 4316
1DBF8425F6DD497; 4316
1DBF8425FD409AD; 4316
1DBF84272D676A3; 4316
1DBF84386C9BC20; 4332
1DBF843872CB10F; 4332
1DBF843879A9D0C; 4332
1DBF8438800090E; 4332
1DBF843886F0FA5; 4332
1DBF84388DB3017; 4332
1DBF8438A1B4786; 4332
1DBF8439C43D223; 4332
1DBF8439ECBAD9D; 4332
1DBF8439F39D6A0; 4332
1DBF8439F9CCB8F; 4332
1DBF843A00AB78C; 4332
1DBF843A070238E; 4332
1DBF843A0DF2A25; 4332
1DBF843A14B4A97; 4332
1DBF843B4B3ECA3; 4332
1DBF8449758D41D; 4338
1DBF84497C6FD20; 4338
1DBF8449829F20F; 4338
1DBF8449897DE0C; 4338
1DBF84498FD4A0E; 4338
1DBF844996C50A5; 4338
1DBF8449B188886; 4338
1DBF844AD411323; 4338
1DBF844B71C82C2; 4338
1DBF844B788931D; 4338
1DBF844B7F6BC20; 4338
1DBF844B859B10F; 4338
1DBF844B8C79D0C; 4338
1DBF844B92D090E; 4338
1DBF844CD70D223; 4338
1DBF845FEEFD9C2; 4350
1DBF845FF5BEA1D; 4350
1DBF845FFCA1320; 4350
1DBF846002D080F; 4350
1DBF846009AF40C; 4350
1DBF846031B9E86; 4350
1DBF84615442923; 4350
1DBF8461BB6B589; 4350
1DBF8461C24A842; 4350
1DBF8461C90B89D; 4350
1DBF8461CFEE1A0; 4350
1DBF8461D61D68F; 4350
1DBF8461DCFC28C; 4350
1DBF8463278F7A3; 4350
1DBF84745BCA789; 4354
1DBF847462A9A42; 4354
1DBF8474696AA9D; 4354
1DBF8474704D3A0; 4354
1DBF8474767C88F; 4354
1DBF8474A565F06; 4354
1DBF8475C7EE9A3; 4354
1DBF847687CB4A3; 4354
1DBF84768E75709; 4354
1DBF847695549C2; 4354
1DBF84769C15A1D; 4354
1DBF8476A2F8320; 4354
1DBF8477FA99923; 4354
1DBF848CD84DA23; 4361
1DBF848CDEF7C89; 4361
1DBF848CE5D6F42; 4361
1DBF848CEC97F9D; 4361
1DBF848D2893406; 4361
1DBF848E4B1BEA3; 4361
1DBF848EE7C4502; 4361
1DBF848EEE5C623; 4361
1DBF848EF506889; 4361
1DBF848EFBE5B42; 4361
1DBF848F02A6B9D; 4361
1DBF8490612AAA3; 4361
1DBF84A45364E82; 4366
1DBF84A459FCFA3; 4366
1DBF84A460A7209; 4366
1DBF84A467864C2; 4366
1DBF84A4AA42986; 4366
1DBF84A5CCCB423; 4366
1DBF84A675FE43D; 4366
1DBF84A67C86782; 4366
1DBF84A6831E8A3; 4366
1DBF84A689C8B09; 4366
1DBF84A7F5ECD23; 4366
1DBF84BC7A355BD; 4373
1DBF84BC80BD902; 4373
1DBF84BC8755A23; 4373
1DBF84BCD79B406; 4373
1DBF84BDFA23EA3; 4373
1DBF84BE8100E21; 4373
1DBF84BE86BAB3D; 4373
1DBF84BE8D42E82; 4373
1DBF84BE93DAFA3; 4373
1DBF84C006A9423; 4373
1DBF84D3A0563A1; 4376
1DBF84D3A6100BD; 4376
1DBF84D3AC98402; 4376
1DBF84D40375F06; 4376
1DBF84D525FE9A3; 4376
1DBF84D5CBE86AC; 4376
1DBF84D5D301321; 4376
1DBF84D5D8BB03D; 4376
1DBF84D75214577; 4376
1DBF84ECC81412C; 4377
1DBF84ECCF2CDA1; 4377
1DBF84ED2B9396B; 4377
1DBF84EE4E3FFF7; 4377
1DBF84EF06DBA6B; 4377
1DBF84EF0DD1DAC; 4377
1DBF84EF14EAA21; 4377
1DBF84F08D5063C; 4377
1DBF850645C926B; 4379
1DBF85064CBF5AC; 4379
1DBF8506A959B2D; 4379
1DBF8507CC3DE3C; 4379
1DBF85087AFDB33; 4379
1DBF850881FD86B; 4379
1DBF850888F3BAC; 4379
1DBF8508F32C386; 4379
1DBF850A11A2E5D; 4379
1DBF851FC3749B3; 4382
1DBF851FCA746EB; 4382
1DBF851FD16AA2C; 4382
1DBF85203BA3206; 4382
1DBF85215A19CDD; 4382
1DBF852203206A8; 4382
1DBF85220932633; 4382
1DBF8522103236B; 4382
1DBF852217286AC; 4382
1DBF85233767B24; 4382
1DBF8539420DEA8; 4382
1DBF8539481FE33; 4382
1DBF85394F1FB6B; 4382
1DBF85395615EAC; 4382
1DBF853A7655324; 4382
1DBF853B77D27A7; 4382
1DBF853B7E424A8; 4382
1DBF853B8454433; 4382
1DBF853B8B5416B; 4382
1DBF853B924A4AC; 4382
1DBF853CB289924; 4382
1DBF8552C049627; 4385
1DBF8552C6B9328; 4385
1DBF8552CCCB2B3; 4385
1DBF8552D3CAFEB; 4385
1DBF8552DAC132C; 4385
1DBF8553FB007A4; 4385
1DBF85550023DFF; 4385
1DBF855506072A7; 4385
1DBF85550C76FA8; 4385
1DBF85551288F33; 4385
1DBF85551988C6B; 4385
1DBF8555207EFAC; 4385
1DBF855640BE424; 4385
1DBF856C3F115FF; 4383
1DBF856C44F4AA7; 4383
1DBF856C4B647A8; 4383
1DBF856C5176733; 4383
1DBF856C587646B; 4383
1DBF856C5F6C7AC; 4383
1DBF856D7FABC24; 4383
1DBF856E74B0050; 4383
1DBF856E7B45BFF; 4383
1DBF856E81290A7; 4383
1DBF856E8798DA8; 4383
1DBF856E8DAAD33; 4383
1DBF856E94AAA6B; 4383
1DBF856E9BA0DAC; 4383
1DBF856FBBE0224; 4383
1DBF8585BD26ED0; 4376
1DBF8585C3BCA7F; 4376
1DBF8585C99FF27; 4376
1DBF8585D00FC28; 4376
1DBF8585D621BB3; 4376
1DBF8585DD218EB; 4376
1DBF8585E417C2C; 4376
1DBF858704570A4; 4376
1DBF8587D5A1F6B; 4376
1DBF8587DCBF150; 4376
1DBF8587E354CFF; 4376
1DBF8587E9381A7; 4376
1DBF8587EFA7EA8; 4376
1DBF8587F5B9E33; 4376
1DBF8587FCB9B6B; 4376
1DBF858803AFEAC; 4376
1DBF858923EF324; 4376
1DBF859D41428EB; 4388
1DBF859D485FAD0; 4388
1DBF859D4EF567F; 4388
1DBF859D54D8B27; 4388
1DBF859D5B48828; 4388
1DBF859D615A7B3; 4388
1DBF859D685A4EB; 4388
1DBF859D6F5082C; 4388
1DBF859E8F8FCA4; 4388
1DBF859EFAB3711; 4388
1DBF859EFC5F3F0; 4388
1DBF859F017CA6B; 4388
1DBF859F0899C50; 4388
1DBF859F0F2F7FF; 4388
1DBF859F1512CA7; 4388
1DBF859F1B829A8; 4388
1DBF859F2194933; 4388
1DBF859F289466B; 4388
1DBF85A04FC9E24; 4388
1DBF85B1A49BF91; 4412
1DBF85B1A647C70; 4412
1DBF85B1AB652EB; 4412
1DBF85B1B2824D0; 4412
1DBF85B1B91807F; 4412
1DBF85B1BEFB527; 4412
1DBF85B1C56B228; 4412
1DBF85B1CB7D1B3; 4412
1DBF85B1D97322C; 4412
1DBF85B2BBC8346; 4412
1DBF85B2C2B6291; 4412
1DBF85B2C461F70; 4412
1DBF85B2C97F5EB; 4412
1DBF85B2D09C7D0; 4412
1DBF85B2D73237F; 4412
1DBF85B2DD15827; 4412
1DBF85B2E385528; 4412
1DBF85B2E9974B3; 4412
1DBF85B2F9B26A4; 4412
1DBF85B417CC9A4; 4412
1DBF85BDE8CE146; 4424
1DBF85BDEFBC091; 4424
1DBF85BDF167D70; 4424
1DBF85BDF6853EB; 4424
1DBF85BDFDA25D0; 4424
1DBF85BE043817F; 4424
1DBF85BE0A1B627; 4424
1DBF85BE108B328; 4424
1DBF85BE249332C; 4424
1DBF85BF1C88988; 4424
1DBF85BF23847C6; 4424
1DBF85BF2A72711; 4424
1DBF85BF2C1E3F0; 4424
1DBF85BF313BA6B; 4424
1DBF85BF3858C50; 4424
1DBF85BF3EEE7FF; 4424
1DBF85BF44D1CA7; 4424
1DBF85BF44D27A4; 4424
1DBF85BF4B419A8; 4424
1DBF85C07F88E24; 4424
1DBF85CCA25F108; 4438
1DBF85CCA95AF46; 4438
1DBF85CCB048E91; 4438
1DBF85CCB1F4B70; 4438
1DBF85CCB7121EB; 4438
1DBF85CCBE2F3D0; 4438
1DBF85CCC4C4F7F; 4438
1DBF85CCCAA8427; 4438
1DBF85CCE52012C; 4438
1DBF85CDF2E137D; 4438
1DBF85CDF9B1B08; 4438
1DBF85CE00AD946; 4438
1DBF85CE055F5A4; 4438
1DBF85CE079B891; 4438
1DBF85CE0947570; 4438
1DBF85CE0E64BEB; 4438
1DBF85CE1581DD0; 4438
1DBF85CE1C1797F; 4438
1DBF85CE21FAE27; 4438
1DBF85CF5CB1FA4; 4438
1DBF85DBEB288FD; 4436
1DBF85DBF1F9088; 4436
1DBF85DBF8F4EC6; 4436
1DBF85DBFFE2E11; 4436
1DBF85DC018EAF0; 4436
1DBF85DC06AC16B; 4436
1DBF85DC0DC9350; 4436
1DBF85DC145EEFF; 4436
1DBF85DC34BA0AC; 4436
1DBF85DD54F9524; 4436
1DBF85DE2082BFE; 4436
1DBF85DE275CEFD; 4436
1DBF85DE2E2D688; 4436
1DBF85DE35294C6; 4436
1DBF85DE3C17411; 4436
1DBF85DE3DC30F0; 4436
1DBF85DE42E076B; 4436
1DBF85DE49FD950; 4436
1DBF85DF912DB24; 4436
1DBF85F52637CFE; 4445
1DBF85F52D11FFD; 4445
1DBF85F533E2788; 4445
1DBF85F53ADE5C6; 4445
1DBF85F541CC511; 4445
1DBF85F543781F0; 4445
1DBF85F5489586B; 4445
1DBF85F54FB2A50; 4445
1DBF85F576A37AC; 4445
1DBF85F696E2C24; 4445
1DBF85F722FA9C8; 4445
1DBF85F72933BFE; 4445
1DBF85F7300DEFD; 4445
1DBF85F736DE688; 4445
1DBF85F73DDA4C6; 4445
1DBF85F744C8411; 4445
1DBF85F746740F0; 4445
1DBF85F74B9176B; 4445
1DBF85F899DEB24; 4445
1DBF860BA9B9748; 4442
1DBF860BAFF297E; 4442
1DBF860BB6CCC7D; 4442
1DBF860BBD9D408; 4442
1DBF860BC499246; 4442
1DBF860BCB87191; 4442
1DBF860BCD32E70; 4442
1DBF860C005E42C; 4442
1DBF860D209D8A4; 4442
1DBF860DB9F6C2A; 4442
1DBF860DBFC8348; 4442
1DBF860DC60157E; 4442
1DBF860DCCDB87D; 4442
1DBF860DD3AC008; 4442
1DBF860DDAA7E46; 4442
1DBF860DE195D91; 4442
1DBF860DE341A70; 4442
1DBF860F36AC4A4; 4442
1DBF8624C9353AA; 4442
1DBF8624CF06AC8; 4442
1DBF8624D53FCFE; 4442
1DBF8624DC19FFD; 4442
1DBF8624E2EA788; 4442
1DBF8624E9E65C6; 4442
1DBF8624F0D4511; 4442
1DBF8624F2801F0; 4442
1DBF862525AB7AC; 4442
1DBF862645EAC24; 4442
1DBF86270907794; 4442
1DBF86270EF302A; 4442
1DBF862714C4748; 4442
1DBF86271AFD97E; 4442
1DBF862721D7C7D; 4442
1DBF862728A8408; 4442
1DBF86272FA4246; 4442
1DBF86273692191; 4442
1DBF8627383DE70; 4442
1DBF86276B6942C; 4442
1DBF86288BA88A4; 4442
1DBF863E47F4F94; 4446
1DBF863E4DE082A; 4446
1DBF863E53B1F48; 4446
1DBF863E59EB17E; 4446
1DBF863E60C547D; 4446
1DBF863E6795C08; 4446
1DBF863E6E91A46; 4446
1DBF863EAA56C2C; 4446
1DBF863FCA960A4; 4446
1DBF864068B3C28; 4446
1DBF86406B2D6C3; 4446
1DBF86407116894; 4446
1DBF8640770212A; 4446
1DBF86407CD3848; 4446
1DBF8640830CA7E; 4446
1DBF864089E6D7D; 4446
1DBF864090B7508; 4446
1DBF864097B3346; 4446
1DBF8641F3B79A4; 4446
1DBF865718942A8; 4462
1DBF86571B0DD43; 4462
1DBF865720F6F14; 4462
1DBF865726E27AA; 4462
1DBF86572CB3EC8; 4462
1DBF865732ED0FE; 4462
1DBF865739C73FD; 4462
1DBF86574097B88; 4462
1DBF86578358BAC; 4462
1DBF8658A398024; 4462
1DBF8658C5BB728; 4462
1DBF8658C8351C3; 4462
1DBF8658CE1E394; 4462
1DBF8658D409C2A; 4462
1DBF8658D9DB348; 4462
1DBF8658E01457E; 4462
1DBF8658E6EE87D; 4462
1DBF8658EDBF008; 4462
1DBF865A50BF4A4; 4462
1DBF866A21DAC28; 4477
1DBF866A24546C3; 4477
1DBF866A2A3D894; 4477
1DBF866A302912A; 4477
1DBF866A35FA848; 4477
1DBF866A3C33A7E; 4477
1DBF866A430DD7D; 4477
1DBF866A8C9F52C; 4477
1DBF866B9F53028; 4477
1DBF866BA1CCAC3; 4477
1DBF866BA7B5C94; 4477
1DBF866BACDE9A4; 4477
1DBF866BADA152A; 4477
1DBF866BB372C48; 4477
1DBF866BB9ABE7E; 4477
1DBF866BC08617D; 4477
1DBF866D2A56DA4; 4477
1DBF867B3B383A8; 4485
1DBF867B3DB1E43; 4485
1DBF867B439B014; 4485
1DBF867B49868AA; 4485
1DBF867B4F57FC8; 4485
1DBF867B55911FE; 4485
1DBF867BA5FCCAC; 4485
1DBF867CC63C124; 4485
1DBF867D0E85228; 4485
1DBF867D10FECC3; 4485
1DBF867D16E7E94; 4485
1DBF867D1CD372A; 4485
1DBF867D22A4E48; 4485
1DBF867D28DE07E; 4485
1DBF867E9654C65; 4485
1DBF869051042A8; 4493
1DBF8690537DD43; 4493
1DBF86905966F14; 4493
1DBF86905F527AA; 4493
1DBF86906523EC8; 4493
1DBF8690B4D286B; 4493
1DBF8691D8D3CE5; 4493
1DBF869240ED4A8; 4493
1DBF86924366F43; 4493
1DBF86924950114; 4493
1DBF86924F3B9AA; 4493
1DBF8692550D0C8; 4493
1DBF8693C2E7217; 4493
1DBF86A6684E128; 4497
1DBF86A66AC7BC3; 4497
1DBF86A670B0D94; 4497
1DBF86A6769C62A; 4497
1DBF86A6CC1C6EB; 4497
1DBF86A7EA47E97; 4497
1DBF86A887E63A8; 4497
1DBF86A88A5FE43; 4497
1DBF86A89049014; 4497
1DBF86A896348AA; 4497
1DBF86AA035C9EA; 4497
1DBF86BEE1F1FA8; 4507
1DBF86BEE46BA43; 4507
1DBF86BEEA54C14; 4507
1DBF86BF3EC0833; 4507
1DBF86C05D685EA; 4507
1DBF86C0BEC84A8; 4507
1DBF86C0C141F43; 4507
1DBF86C0C72B114; 4507
1DBF86C2347D372; 4507
1DBF86D4A3673A8; 4514
1DBF86D4A5E0E43; 4514
1DBF86D4FA23CA8; 4514
1DBF86D6191C272; 4514
1DBF86D69CD9C28; 4514
1DBF86D69F536C3; 4514
1DBF86D80C8D9AF; 4514
1DBF86EB665A728; 4506
1DBF86EBAA2E2D0; 4506
1DBF86ECCE9D170; 4506
1DBF86ECD60E4AF; 4506
1DBF86EEAD56145; 4506
1DBF87020966691; 4512
1DBF87032A8B845; 4512
1DBF87052D87745; 4512
1DBF87197802F11; 4512
1DBF871A99280C5; 4512
1DBF871CD55C6C5; 4512
1DBF8732F324D11; 4513
1DBF87341449EC5; 4513
1DBF873646F4E45; 4513
1DBF874C6E46B11; 4510
1DBF874D8F6BCC5; 4510
1DBF874FBB67EC6; 4510
1DBF8765E27A9C6; 4510
1DBF876703DED46; 4510
1DBF87692FBA97F; 4510
1DBF877F56A0988; 4521
1DBF878078317FF; 4521
1DBF87824F57769; 4521
1DBF8794BB70B7D; 4524
1DBF8795DE21BE9; 4524
1DBF8798008BBEA; 4524
1DBF87ADD9E3BFE; 4515
1DBF87AEFCB766A; 4515
1DBF87B0E69322A; 4515
1DBF87C44A52948; 4527
1DBF87C56D51FAA; 4527
1DBF87C72820BC8; 4527
1DBF87D8A51A5AA; 4520
1DBF87D9C87FDC8; 4520
1DBF87DBB266809; 4520
1DBF87EF0C4D614; 4526
1DBF87F02F9BF09; 4526
1DBF87F22C58646; 4526
1DBF88067E8A343; 4520
1DBF8807A182646; 4520
1DBF8809A7ABC8E; 4520
1DBF881E4081BA8; 4528
1DBF881F5F97A0E; 4528
1DBF88213FF0A93; 4528
1DBF883612FAC13; 4527
1DBF883851CE6D8; 4527
1DBF884F90BBED8; 4524
1DBF88519663908; 4524
1DBF8868A5A2088; 4525
1DBF886AD18E13A; 4525
1DBF8882107B93A; 4523
1DBF888432C3402; 4523
1DBF889B7B3A282; 4521
1DBF889DA70E283; 4521
1DBF88B4E5FBA83; 4526
1DBF88B6F562262; 4526
1DBF88CD4F6DE62; 4529
1DBF88CF7B44BC9; 4529
1DBF88E6BA323C9; 4534
1DBF88E8C99356D; 4534
1DBF88FF239F16D; 4533
1DBF890145D6D05; 4533
1DBF89188E4DB85; 4532
1DBF891ABA32006; 4532
1DBF8931F91F806; 4536
1DBF893411FEAEB; 4536
1DBF894AB855AEB; 4538
1DBF894CE41B7AD; 4538
1DBF89642308FAD; 4532
1DBF8966292B017; 4532
1DBF897BE116D97; 4528
1DBF897DF9ECFA5; 4528
1DBF8994A043FA5; 4531
1DBF8996C27520E; 4531
1DBF89AE0AEC08E; 4531
1DBF89B0374040C; 4531
1DBF89C77FB728C; 4539
1DBF89C955AEB8F; 4539
1DBF89DE324238F; 4532
1DBF89E02585720; 4532
1DBF89F53B51620; 4535
1DBF89F75D9061D; 4535
1DBF8A0E5032A1D; 4539
1DBF8A106909C42; 4539
1DBF8A270F60C42; 4542
1DBF8A291E90589; 4542
1DBF8A402DCED09; 4537
1DBF8A4233AA023; 4537
1DBF8A58973F2A3; 4542
1DBF8A5AB9C8A82; 4542
1DBF8A710A4B002; 4536
1DBF8A72FD3553D; 4536
1DBF8A88BEAA93D; 4547
1DBF8A8A82B4421; 4547
1DBF8A9DC5334A1; 4547
1DBF8A9FE73C12C; 4547
1DBF8AB7393C62C; 4545
1DBF8AB95B67BEB; 4545
1DBF8AD0C07ADEB; 4544
1DBF8AD2E29C9B3; 4544
1DBF8AEA2B13833; 4535
1DBF8AEC0B61428; 4535
1DBF8B008896B28; 4541
1DBF8B028EAC3A7; 4541
1DBF8B17FA4CD27; 4552
1DBF8B19AB1A37F; 4552
1DBF8B2D00AC0FF; 4548
1DBF8B2F069BAD0; 4548
1DBF8B457D43A50; 4550
1DBF8B47B25AE6B; 4550
1DBF8B5EF14866B; 4554
1DBF8B61008DF11; 4554
1DBF8B77B06E591; 4554
1DBF8B77B21A270; 4554
1DBF8B79D2A1F46; 4554
1DBF8B9137B5146; 4556
1DBF8B9359DAC08; 4556
1DBF8BAAA251A88; 4552
1DBF8BAB3CD06C5; 4552
1DBF8BACBB1957D; 4552
1DBF8BC1ECB0D45; 4555
1DBF8BC36AF9BFD; 4555
1DBF8BC4056F5E2; 4555
1DBF8BC583B7B7E; 4555
1DBF8BDB0874A45; 4563
1DBF8BDC7FE35FE; 4563
1DBF8BDCE3E6806; 4563
1DBF8BDE6009F48; 4563
1DBF8BF1C1DE745; 4553
1DBF8BF333140C8; 4553
1DBF8BF5008F82A; 4553
1DBF8C0723F5A45; 4562
1DBF8C088F59CAA; 4562
1DBF8C0A6644914; 4562
1DBF8C1CE56AE45; 4553
1DBF8C1E4AE3814; 4553
1DBF8C200EBDE43; 4553
1DBF8C329D56BC5; 4562
1DBF8C33FA6C928; 4562
1DBF8C33FCE63C3; 4562
1DBF8C485542945; 4555
1DBF8C4A3BA24C5; 4555
1DBF8C5F0EAC645; 4609
1DBF8C607911D45; 4604
1DBF8C61E377445; 4605
1DBF8C636A78EC5; 4605
1DBF8C74378B245; 4596
1DBF8C760AD80C5; 4596
1DBF8C88F7826C5; 4594
1DBF8C8B171A945; 4594
1DBF8CA2691AE45; 4607
1DBF8CA41FCB945; 4607
1DBF8CB6C02AB45; 4600
1DBF8CB8A68A6C5; 4600
1DBF8CCD23BFDC5; 4608
1DBF8CCF13A8FC5; 4608
1DBF8CE38755045; 4653
1DBF8CE59D63C45; 4647
1DBF8CE707C9345; 4653
1DBF8CE943FD945; 4653
1DBF8CEA9B50345; 4653
1DBF8D01E3C71C5; 4723
1DBF8D042984E45; 4723
1DBF8D0580D7845; 4723
1DBF8D1CD2D7D45; 4718
1DBF8D1EE8E6945; 4718
1DBF8D3542F2545; 4717
1DBF8D376C13E45; 4717
1DBF8D4EB48ACC5; 4711
1DBF8D50C110245; 4711
1DBF8D6678FBFC5; 4705
1DBF8D688581545; 4705
1DBF8D7E3D6D2C5; 4698
1DBF8D8036DFB45; 4698
1DBF8D9556350C5; 4692
1DBF8D9762BA645; 4692
1DBF8DAD1AA63C5; 4689
1DBF8DAF4D51345; 4689
1DBF8DC63FF3745; 4688
1DBF8DC86915045; 4688
1DBF8DDFBB15545; 4698
1DBF8DE1AAFE745; 4698
1DBF8DF5D25F3C5; 4707
1DBF8DF7AF358C5; 4707
1DBF8E0B93D47C5; 4713
1DBF8E0D96D06C5; 4713
1DBF8E230271045; 4713
1DBF8E253EA5645; 4713
1DBF8E3BEBF990A; 4680
1DBF8E3D6BFE0C5; 4680
1DBF8E4767D6EC5; 4680
1DBF8E499A81E45; 4680
1DBF8E60E2F8CC5; 4681
1DBF8E631F2D2C5; 4681
1DBF8E7A5E1AAC5; 4696
1DBF8E7C14CB5C5; 4696
1DBF8E8E1C93FC5; 4697
1DBF8E904F3EF45; 4697
1DBF8EA7B452145; 4675
1DBF8EA91EB7845; 4675
1DBF8EB80EF36C5; 4669
1DBF8EBA0865F45; 4669
1DBF8ECE859B645; 4653
1DBF8ED01626745; 4653
1DBF8EE08D64045; 4651
1DBF8EE2D321CC5; 4651
1DBF8EFA120F4C5; 4644
1DBF8EFC1E94A45; 4644
1DBF8F118A353C5; 4640
1DBF8F13C6699C5; 4640
1DBF8F2A6337345; 4638
1DBF8F2C9F6B945; 4638
1DBF8F43E7E27C5; 4644
1DBF8F45FDF13C5; 4644
1DBF8F5BB5DD145; 4645
1DBF8F5DFB9ADC5; 4645
1DBF8F753A885C5; 4659
1DBF8F770DD5445; 4659
1DBF8F8961E9245; 4674
1DBF8F8ADF61645; 4674
1DBF8F9A8243C8A; 4696
1DBF8F9C0BD1AC5; 4696
1DBF8FA6A9CA745; 4705
1DBF8FA830CC1C5; 4705
1DBF8FB805E9C45; 4707
1DBF8FBA4BA78C5; 4707
1DBF8FD18A950C5; 4721
1DBF8FD35DE1F45; 4721
1DBF8FE5B1F5D45; 4723
1DBF8FE7E4A0CC5; 4723
1DBF8FFF36A11C5; 4715
1DBF9001399D0C5; 4715
1DBF901658F2645; 4725
1DBF90183F521C5; 4725
1DBF902BCE1C645; 4719
1DBF902DDAA1BC5; 4719
1DBF90434642545; 4719
1DBF90458C001C5; 4719
1DBF905CCAED9C5; 4722
1DBF905F0721FC5; 4722
1DBF90764F98E45; 4719
1DBF90788BCD445; 4719
1DBF908FD4442C5; 4714
1DBF9091FD65BC5; 4714
1DBF90A857717C5; 4722
1DBF90AA50E4045; 4722
1DBF90BF408A545; 4740
1DBF90C0C78BFC5; 4740
1DBF90D046D4FC5; 4757
1DBF90D1818B645; 4757
1DBF90DE94F0FC5; 4757
1DBF90E0DAAEC45; 4757
1DBF90F8199C445; 4770
1DBF90F9F9225E2; 4770
1DBF910C8FF8162; 4789
1DBF910DD023A86; 4789
1DBF911BE507386; 4784
1DBF911D57CE48A; 4784
1DBF91323461C8A; 4789
1DBF91345D8358A; 4789
1DBF914A6B43D8A; 4801
1DBF914C2B7DF0A; 4801
1DBF915F2B3B20A; 4801
1DBF91617A8250A; 4801
1DBF9178B96FD0A; 4804
1DBF917AE29160A; 4804
1DBF9191E84670A; 4806
1DBF91941AF168A; 4806
1DBF91AB898DF0A; 4806
1DBF91ADBC38E8A; 4806
1DBF91C50E3938A; 4810
1DBF91C740E430A; 4810
1DBF91DDDDB1C8A; 4828
1DBF91DF6E3CD8A; 4828
1DBF91EFE57A68A; 4822
1DBF91F1E87658A; 4822
1DBF9206B1F708A; 4826
1DBF9208D18F30A; 4826
1DBF921F352458A; 4826
1DBF922167CF50A; 4826
1DBF92374E78ED1; 4837
1DBF92375120BAB; 4837
1DBF9238B04638A; 4837
1DBF92396487AD1; 4837
1DBF9239672F7AB; 4837
1DBF923AC654F8A; 4837
1DBF924CE56A8D5; 4839
1DBF924CE9C88D1; 4839
1DBF924CEC705AB; 4839
1DBF924E4B95D8A; 4839
1DBF924EE8667D5; 4839
1DBF924EECC47D1; 4839
1DBF924EEF6C4AB; 4839
1DBF92504E91C8A; 4839
1DBF92665A723C1; 4871
1DBF9266608C6D5; 4871
1DBF926664EA6D1; 4871
1DBF926667923AB; 4871
1DBF92675266CC1; 4871
1DBF92675880FD5; 4871
1DBF92675CDEFD1; 4871
1DBF92675F86CAB; 4871
1DBF9268BEAC48A; 4871
1DBF9271F05F941; 4881
1DBF9271F679C55; 4881
1DBF9271FAD7C51; 4881
1DBF9271FD7F92B; 4881
1DBF92735AC5041; 4881
1DBF92735CA510A; 4881
1DBF927360DF355; 4881
1DBF9273653D351; 4881
1DBF927367E502B; 4881
1DBF9274C70A80A; 4881
1DBF92824177841; 4897
1DBF92824791B55; 4897
1DBF92824BEFB51; 4897
1DBF92824E9782B; 4897
1DBF92838F40BC1; 4897
1DBF9283955AED5; 4897
1DBF928399B8ED1; 4897
1DBF92839C60BAB; 4897
1DBF9283ADBD00A; 4897
1DBF9284FB8638A; 4897
1DBF9290E5682C1; 4898
1DBF9290EB825D5; 4898
1DBF9290EFE05D1; 4898
1DBF9290F2882AB; 4898
1DBF929251ADA8A; 4898
1DBF92931813241; 4898
1DBF92931E2D555; 4898
1DBF9293228B551; 4898
1DBF9293253322B; 4898
1DBF92948458A0A; 4898
1DBF92AA608A0C1; 4909
1DBF92AA66A43D5; 4909
1DBF92AA6B023D1; 4909
1DBF92AA6DAA0AB; 4909
1DBF92ABCCCF88A; 4909
1DBF92AC3D605C1; 4909
1DBF92AC437A8D5; 4909
1DBF92AC47D88D1; 4909
1DBF92AC4A805AB; 4909
1DBF92ADA9A5D8A; 4909
1DBF92BFCC2AA41; 4925
1DBF92BFD244D55; 4925
1DBF92BFD94AA2B; 4925
1DBF92C1387020A; 4925
1DBF92C1532C4C1; 4925
1DBF92C159467D5; 4925
1DBF92C2BF71C8A; 4925
1DBF92D17E1E9C1; 4933
1DBF92D18B3E9AB; 4933
1DBF92D2EA6418A; 4933
1DBF92D4BDB100A; 4933
1DBF92E6A10A8AB; 4945
1DBF92E8003008A; 4945
1DBF92E9AD5750A; 4945
1DBF92FA5F83DAB; 4943
1DBF92FBBEA958A; 4943
1DBF92FDFADDB8A; 4943
1DBF9313DAA5BAB; 4941
1DBF931539CB38A; 4941
1DBF931762ECC8A; 4941
1DBF932D55C79AB; 4956
1DBF932EB4ED18A; 4956
1DBF9330588AF8A; 4956
1DBF9340D17F12B; 4961
1DBF93422DA285E; 4961
1DBF934230A490A; 4961
1DBF934440396C9; 4961
1DBF935895F042B; 4980
1DBF9359EE9BDC9; 4980
1DBF935B5DFB720; 4980
1DBF936992B182B; 5012
1DBF936AE6CDDA0; 5012
1DBF936D099C4AB; 5015
1DBF936E5CCB170; 5015
1DBF936FB93D2C8; 5015
1DBF937D643DA2B; 5010
1DBF937EB3027C8; 5010
1DBF9380AFCEFE0; 5010
1DBF93947D0582B; 5014
1DBF9395C59AEE0; 5014
1DBF9397D5057FD; 5014
1DBF93AD42F4AAB; 5020
1DBF93AE84E5E7D; 5020
1DBF93C50765DAB; 5026
1DBF93C713EB32B; 5026
1DBF93DCCBD70AB; 5044
1DBF93DE3FC5E2B; 5044
1DBF93EE1E6CF2B; 5043
1DBF93F05117EAB; 5043
1DBF940790056AB; 5044
1DBF9409CC39CAB; 5044
1DBF942114B0B2B; 5047
1DBF94232ABF72B; 5047
1DBF943A307482B; 5047
1DBF943C599612B; 5047
1DBF9453A20CFAB; 5047
1DBF9455CB2E8AB; 5047
1DBF946D26B842B; 5043
1DBF946F4FD9D2B; 5043
1DBF9485ECA76AB; 5043
1DBF948815C8FAB; 5043
1DBF949F5E3FE2B; 5044
1DBF94A1876172B; 5044
1DBF94B8CFD85AB; 5045
1DBF94BB028352B; 5045
1DBF94D24170D2B; 5052
1DBF94D4446CC2B; 5052
1DBF94E9B00D5AB; 5047
1DBF94EBBC92B2B; 5047
1DBF9501ADB6FAB; 5049
1DBF9503D6D88AB; 5049
1DBF951B28D8DAB; 5055
1DBF951D355E32B; 5055
1DBF9532ED4A0AB; 5053
1DBF9535166B9AB; 5053
1DBF954C686BEAB; 5054
1DBF954E918D7AB; 5054
1DBF9565DA0462B; 5051
1DBF95680325F2B; 5051
1DBF957F4B9CDAB; 5055
1DBF95816B3502B; 5055
1DBF95981B156AB; 5053
1DBF959A4436FAB; 5053
1DBF95B18CADE2B; 5056
1DBF95B3BF58DAB; 5056
1DBF95CAFE465AB; 5055
1DBF95CD2767EAB; 5055
1DBF95E46FDED2B; 5054
1DBF95E6990062B; 5054
1DBF95FDE1774AB; 5056
1DBF96000A98DAB; 5056
1DBF9617530FC2B; 5057
1DBF96197C3152B; 5057
1DBF9630C4A83AB; 5056
1DBF9632F75332B; 5056
1DBF964A3640B2B; 5060
1DBF964C55D8DAB; 5060
1DBF9662FC2FDAB; 5062
1DBF966525516AB; 5062
1DBF967C6DC852B; 5059
1DBF967E96E9E2B; 5059
1DBF9695DF60CAB; 5059
1DBF969808825AB; 5059
1DBF96AF5A82AAB; 5059
1DBF96B183A43AB; 5059
1DBF96C8CC1B22B; 5062
1DBF96CAF53CB2B; 5062
1DBF96E2473D02B; 5058
1DBF96E4705E92B; 5058
1DBF96FB0D2C2AB; 5062
1DBF96FD2CC452B; 5062
1DBF9713DCA4BAB; 5062
1DBF971605C64AB; 5062
1DBF972D4E3D32B; 5061
1DBF972F775EC2B; 5061
1DBF9746C95F12B; 5063
1DBF9748F280A2B; 5063
1DBF97603AF78AB; 5060
1DBF976264191AB; 5060
1DBF9779AC9002B; 5065
1DBF977BC29EC2B; 5065
1DBF97921CAA82B; 5064
1DBF979445CC12B; 5064
1DBF97AB8E42FAB; 5067
1DBF97ADB7648AB; 5067
1DBF97C4FFDB72B; 5068
1DBF97C728FD02B; 5068
1DBF97DE7173EAB; 5072
1DBF97E09A957AB; 5072
1DBF97F7376312B; 5073
1DBF97F96084A2B; 5073
1DBF9810A653BD1; 5073
1DBF9810A8FB8AB; 5073
1DBF9812DE2A1D5; 5073
1DBF982A26A1055; 5077
1DBF982C401EFC1; 5077
1DBF9842EFFF641; 5074
1DBF9AC03A27AEC; 5332
1DBF9AC187F0E6C; 5332
1DBF9ACF89C1A6C; 5321
1DBF9AD11A4CB6C; 5321
1DBF9AE1918A46C; 5313
1DBF9AE3817366C; 5313
1DBF9AF706B446C; 5315
1DBF9AF9395F3EC; 5315
1DBF9B106EC356C; 5310
1DBF9B1297E4E6C; 5310
1DBF9B28FB7A0EC; 5302
1DBF9B2AF4EC96C; 5302
1DBF9B3FC7F6AEC; 5299
1DBF9B42042B0EC; 5299
1DBF9B59136986C; 5291
1DBF9B5B0CDC0EC; 5291
1DBF9B6FDFE626C; 5298
1DBF9B71F5F4E6C; 5298
1DBF9B870BC0D6C; 5300
1DBF9B893E6BCEC; 5300
1DBF9BA099F586C; 5309
1DBF9BA29CF176C; 5309
1DBF9BB7109D7EC; 5331
1DBF9BB867F01EC; 5331
1DBF9BC5BE178EC; 5338
1DBF9BC79AEDDEC; 5338
1DBF9BDADD6CE6C; 5336
1DBF9BDD2CB416C; 5336
1DBF9BF4752AFEC; 5351
1DBF9BF618C8DEC; 5351
1DBF9C07DDCFA6C; 5365
1DBF9C0977E41EC; 5365
1DBF9C1A02347EC; 5381
1DBF9C1B631086C; 5381
1DBF9C2A07012EC; 5392
1DBF9C2BAA9F0EC; 5392
1DBF9C3C6E27DEC; 5402
1DBF9C3E2E61F6C; 5402
1DBF9C508275D6C; 5421
1DBF9C51E351DEC; 5421
1DBF9C5FDB9936C; 5423
1DBF9C620E442EC; 5423
1DBF9C790A6FD6C; 5437
1DBF9C7ACAA9EEC; 5437
1DBF9C8D1EBDCEC; 5439
1DBF9C8F8AA136C; 5439
1DBF9CA6C98EB6C; 5442
1DBF9CA8DF9D76C; 5442
1DBF9CC01E8AF6C; 5493
1DBF9CC30668A6C; 5496
1DBF9CCB71B676C; 5496
1DBF9CCDADEAD6C; 5496
1DBF9CE4F661BEC; 5495
1DBF9CE732961EC; 5495
1DBF9CFE7B0D06C; 5508
1DBF9D0057E356C; 5508
1DBF9D12EEB90EC; 5505
1DBF9D15216406C; 5505
1DBF9D2BD1446EC; 5503
1DBF9D2E0D78CEC; 5503
1DBF9D45690286C; 5513
1DBF9D4758EBA6C; 5513
1DBF9D5B89D5D6C; 5527
1DBF9D5D408686C; 5527
1DBF9D6E9CA5D6C; 5530
1DBF9D70CF50CEC; 5530
1DBF9D8775A7CEC; 5540
1DBF9D896590EEC; 5540
1DBF9D9D40A676C; 5562
1DBF9D9E7B5CDEC; 5562
1DBF9DAB8EC276C; 5570
1DBF9DAD5885F6C; 5570
1DBF9DBFA3106EC; 5580
1DBF9DC17FE6BEC; 5580
1DBF9DD4761A86C; 5583
1DBF9DD69F3C16C; 5583
1DBF9DED4F1C7EC; 5582
1DBF9DEF8B50DEC; 5582
1DBF9E06D3C7C6C; 5595
1DBF9E08A714AEC; 5595
1DBF9E1B3DEA66C; 5602
1DBF9E1D40E656C; 5602
1DBF9E31B4925EC; 5603
1DBF9E33F0C6BEC; 5603
1DBF9E4B393DA6C; 5600
1DBF9E4D757206C; 5600
1DBF9E64BDE8EEC; 5605
1DBF9E66F093E6C; 5605
1DBF9E7D41163EC; 5614
1DBF9E7F2775F6C; 5614
1DBF9E9361E98EC; 5615
1DBF9E95A7A756C; 5615
1DBF9EACD9DADF9; 5645
1DBF9EADFB259EC; 5645
1DBF9EB931B4E6C; 5641
1DBF9EBB2B276EC; 5641
1DBF9ECFFE3186C; 5647
1DBF9ED20AB6DEC; 5647
1DBF9EE7765776C; 5646
1DBF9EE9B28BD6C; 5646
1DBF9F00FB02BEC; 5653
1DBF9F031A9AE6C; 5653
1DBF9F18863B7EC; 5655
1DBF9F1AB8E676C; 5655
1DBF9F30BDC28C8; 5660
1DBF9F320AE6C6C; 5660
1DBF9F32DD5AB48; 5660
1DBF9F342A7EEEC; 5660
1DBF9F4931546EF; 5661
1DBF9F493766748; 5661
1DBF9F4A848AAEC; 5661
1DBF9F4B63FF66F; 5661
1DBF9F4B6A116C8; 5661
1DBF9F4CB735A6C; 5661
1DBF9F62A4B10F6; 5661
1DBF9F62AC764EF; 5661
1DBF9F62B288548; 5661
1DBF9F63FFAC8EC; 5661
1DBF9F64EA6ED76; 5661
1DBF9F64F23416F; 5661
1DBF9F64F8461C8; 5661
1DBF9F66456A56C; 5661
1DBF9F7C22ABA3F; 5654
1DBF9F7C295C576; 5654
1DBF9F7C312196F; 5654
1DBF9F7C37339C8; 5654
1DBF9F7D8457D6C; 5654
1DBF9F7E25A793F; 5654
1DBF9F7E2C58476; 5654
1DBF9F7E341D86F; 5654
1DBF9F7E3A2F8C8; 5654
1DBF9F7F8753C6C; 5654
1DBF9F93619923F; 5676
1DBF9F936849D76; 5676
1DBF9F93700F16F; 5676
1DBF9F9376211C8; 5676
1DBF9F94A5D8F3F; 5676
1DBF9F94AC89A76; 5676
1DBF9F94B44EE6F; 5676
1DBF9F94C34556C; 5676
1DBF9F96078526C; 5676
1DBF9FA25B5E73F; 5675
1DBF9FA2620F276; 5675
1DBF9FA26FE66C8; 5675
1DBF9FA3BD0AA6C; 5675
1DBF9FA48E096BF; 5675
1DBF9FA5EFB59EC; 5675
1DBF9FBBEB084C8; 5685
1DBF9FBD382C86C; 5685
1DBF9FBF2815A6C; 5685
1DBF9FD20252348; 5684
1DBF9FD34F766EC; 5684
1DBF9FD58BAACEC; 5684
1DBF9FEB7D74148; 5693
1DBF9FECCA984EC; 5693
1DBF9FEEBA816EC; 5693
1DBFA001EA92A48; 5703
1DBFA00337B6DEC; 5703
1DBFA0051E1696C; 5703
1DBFA01756333C8; 5715
1DBFA018A35776C; 5715
1DBFA01A63918EC; 5715
1DBFA02B6A81348; 5719
1DBFA02CB7A56EC; 5719
1DBFA02ECFC88D6; 5719
1DBFA043A163448; 5733
1DBFA044E712756; 5733
1DBFA0467BE1FF9; 5733
1DBFA0571391548; 5734
1DBFA05853FB979; 5734
1DBFA05A7FCFA25; 5734
1DBFA0708EB3348; 5741
1DBFA071C8468A5; 5741
1DBFA087D72A1C8; 5745
1DBFA08A09D5148; 5745
1DBFA0A0A6A2AC8; 5749
1DBFA0A2CFC43C8; 5749
1DBFA0B9761B3C8; 5728
1DBFA0BAD6F7448; 5728
1DBFA0CA5640448; 5755
1DBFA0D04C21448; 5755
1DBFA0D28855A48; 5755
1DBFA0E9DA55F48; 5745
1DBFA0EBC0B5AC8; 5745
1DBFA0FFF19FDC8; 5752
1DBFA101E188FC8; 5752
1DBFA116B493148; 5750
1DBFA118E73E0C8; 5750
1DBFA1302FB4F48; 5731
1DBFA131A3A3CC8; 5731
1DBFA14296DBA48; 5754
1DBFA14C3CDFDC8; 5759
1DBFA14DFD19F48; 5759
1DBFA16152ABCC8; 5753
1DBFA1635F31248; 5753
1DBFA178C148548; 5732
1DBFA17A189AF48; 5732
1DBFA187CCCB68C; 5739
1DBFA18866B6F48; 5739
1DBFA18A438D448; 5739
1DBFA19DC8CE248; 5762
1DBFA19EE6E8548; 5762
1DBFA1AB61B76C8; 5757
1DBFA1AD5B29F48; 5757
1DBFA1C1CED5FC8; 5761
1DBFA1C3E4E4BC8; 5761
1DBFA1DA3EF07C8; 5752
1DBFA1DC2ED99C8; 5752
1DBFA1F0AC0F0C8; 5760
1DBFA1F29BF82C8; 5760
1DBFA207192D9C8; 5754
1DBFA2091C298C8; 5754
1DBFA21E87CA248; 5757
1DBFA220B0EBB48; 5757
1DBFA237A38DF48; 5734
1DBFA2390469FC8; 5734
1DBFA2475285FC8; 5762
1DBFA24C20C3648; 5759
1DBFA24DCDEAAC8; 5759
1DBFA25F7FDEA48; 5758
1DBFA261A900348; 5758
1DBFA278F1771C8; 5764
1DBFA27AFDFC748; 5764
1DBFA290B5E84C8; 5764
1DBFA292E893448; 5764
1DBFA2AA2780C48; 5772
1DBFA2AC34061C8; 5772
1DBFA2C149D20C8; 5765
1DBFA2C339BB2C8; 5765
1DBFA2D86299EC8; 5760
1DBFA2DA6F1F448; 5760
1DBFA2F07CDFC48; 5767
1DBFA2F276524C8; 5767
1DBFA30795A7A48; 5771
1DBFA309C8529C8; 5771
1DBFA3206EA99C8; 5764
1DBFA3225E92BC8; 5764
1DBFA33787717C8; 5765
1DBFA339B0930C8; 5765
1DBFA350F909F48; 5768
1DBFA353222B848; 5768
1DBFA36A6AA26C8; 5769
1DBFA36C9D4D648; 5769
1DBFA383DC3AE48; 5771
1DBFA386055C748; 5771
1DBFA39D4DD35C8; 5769
1DBFA39F807E548; 5769
1DBFA3B6BF6BD48; 5770
1DBFA3B8E88D648; 5770
1DBFA3D031044C8; 5769
1DBFA3D263AF448; 5769
1DBFA3E9A29CC48; 5777
1DBFA3EB9C0F4C8; 5777
1DBFA400BB64A48; 5780
1DBFA402DAFCCC8; 5780
1DBFA419D728748; 5776
1DBFA41C004A048; 5776
1DBFA4329D179C8; 5786
1DBFA4347064848; 5786
1DBFA4485503748; 5783
1DBFA44A7E25048; 5783
1DBFA46170C7448; 5791
1DBFA46360B0648; 5791
1DBFA47833BA7C8; 5781
1DBFA47A0707648; 5781
1DBFA48D9F5B148; 5779
1DBFA48FD2060C8; 5779
1DBFA4A710F38C8; 5785
1DBFA4A91D78E48; 5785
1DBFA4BED564BC8; 5788
1DBFA4C0F87446F; 5788
1DBFA4D7EB1686F; 5787
1DBFA4DA1F85A76; 5787
1DBFA4F15E73276; 5782
1DBFA4F380E403F; 5782
1DBFA509DAEFC3F; 5788
1DBFA50B51114B9; 5788
1DBFA5211C0FF39; 5783
1DBFA5234531839; 5783
1DBFA53949689B9; 5786
1DBFA53B5F775B9; 5786
1DBFA5526EB5D39; 5789
1DBFA554A160CB9; 5789
1DBFA56BE9D7B39; 5810
1DBFA56D543D239; 5810
1DBFA57C9A4DB39; 5818
1DBFA57E6D9A9B9; 5818
1DBFA591A6903B9; 5830
1DBFA59353B7839; 5830
1DBFA5A55B80239; 5832
1DBFA5A797B4839; 5832
1DBFA5BED6A2039; 5840
1DBFA5C0C68B239; 5840
1DBFA5D599953B9; 5851
1DBFA5D76CE2239; 5851
1DBFA5EA6315EB9; 5857
1DBFA5EC4975A39; 5857
1DBFA6017BDDCB9; 5837
1DBFA602D3306B9; 5837
1DBFA61180AA7B9; 5822
1DBFA612D7FD1B9; 5822
1DBFA620D044739; 5815
1DBFA6229A07F39; 5815
1DBFA635DC86FB9; 5812
1DBFA6380F31F39; 5812
1DBFA64F01D4339; 5811
1DBFA651347F2B9; 5811
1DBFA668867F7B9; 5838
1DBFA669A499AB9; 5838
1DBFA6761F68C39; 5845
1DBFA677E92C439; 5845
1DBFA68A8001FB9; 5842
1DBFA68CBC365B9; 5842
1DBFA6A3B862039; 5835
1DBFA6A5B1D48B9; 5835
1DBFA6BAE43CB39; 5824
1DBFA6BCAE00339; 5824
1DBFA6CFFA08A39; 5822
1DBFA6D23FC66B9; 5822
1DBFA6E97EB3EB9; 5813
1DBFA6EB7826739; 5813
1DBFA6FFFEE54B9; 5806
1DBFA7020A326F0; 5806
1DBFA715D2CE577; 5810
1DBFA7172987C70; 5810
1DBFA7194CC9F01; 5810
1DBFA72EA246E77; 5803
1DBFA72FEE9C90C; 5803
1DBFA72FF320F01; 5803
1DBFA7461A6CD77; 5794
1DBFA7480A55F77; 5794
1DBFA75C3B40277; 5794
1DBFA75E80FDEF7; 5794
1DBFA775BFEB6F7; 5790
1DBFA777F296677; 5790
1DBFA78E98ED677; 5791
1DBFA790E834977; 5791
1DBFA7A82722177; 5788
1DBFA7AA59CD0F7; 5788
1DBFA7C15F821F7; 5788
1DBFA7C39BB67F7; 5788
1DBFA7DAE42D677; 5784
1DBFA7DD29EB2F7; 5784
1DBFA7F3C6B8C77; 5788
1DBFA7F602ED277; 5788
1DBFA80CB2CD8F7; 5793
1DBFA80EE578877; 5793
1DBFA8253F84477; 5799
1DBFA82768A5D77; 5799
1DBFA83D2A1B177; 5801
1DBFA83F6FD8DF7; 5801
1DBFA856B84FC77; 5820
1DBFA85848DAD77; 5820
1DBFA86873CD277; 5824
1DBFA86AA6781F7; 5824
1DBFA88126A97F7; 5866
1DBFA8862E1F577; 5865
1DBFA8886A53B77; 5865
1DBFA89EC45F777; 5890
1DBFA89FFF15DF7; 5890
1DBFA8AD1C04DF7; 5899
1DBFA8AED2B58F7; 5899
1DBFA8C0385E477; 5915
1DBFA8C1AC4D1F7; 5915
1DBFA8D0A6126F7; 5933
1DBFA8D1D73F6F7; 5933
1DBFA8DDFC39DF7; 5939
1DBFA8DFE299977; 5939
1DBFA8F32EA2077; 5946
1DBFA8F5319DF77; 5946
1DBFA90A0E31777; 5948
1DBFA90C67020F7; 5948
1DBFA923A5EF8F7; 5947
1DBFA925F536BF7; 5947
1DBFA93D47370F7; 5943
1DBFA93F836B6F7; 5943
1DBFA956334BD77; 5938
1DBFA95865F6CF7; 5938
1DBFA96EC0028F7; 5945
1DBFA970E9241F7; 5945
1DBFA9864B3B4F7; 5937
1DBFA98857C0A77; 5937
1DBFA99D2ACABF7; 5932
1DBFA99F66FF1F7; 5932
1DBFA9B57E49077; 5926
1DBFA9B79457C77; 5926
1DBFA9CD5F566F7; 5978
1DBFA9CEC9BBDF7; 5979
1DBFA9D06D59BF7; 5979
1DBFA9E0E4974F7; 5988
1DBFA9E2DE09D77; 5988
1DBFA9F5CAB4377; 6007
1DBFA9F7187D6F7; 6007
1DBFAA052D60FF7; 6016
1DBFAA0700ADE77; 6016
1DBFAA18FEED1F7; 6035
1DBFAA1A563FBF7; 6035
1DBFAA280BC53F7; 6035
1DBFAA2A5B0C6F7; 6035
1DBFAA41A383577; 6056
1DBFAA4320FB977; 6056
1DBFAA525D82BF7; 6070
1DBFAA53DAFAFF7; 6070
1DBFAA62C1AD7F7; 6074
1DBFAA64EACF0F7; 6074
1DBFAA7AA2BAE77; 6076
1DBFAA7CE878AF7; 6076
1DBFAA9430EF977; 6077
1DBFAA968036C77; 6077
1DBFAAADBF24477; 6079
1DBFAAB004E20F7; 6079
1DBFAAC74D58F77; 6083
1DBFAAC99316BF7; 6083
1DBFAAE02FE4577; 6191
1DBFAAE19A49C77; 6192
1DBFAAE3345E3F7; 6192
1DBFAAF40170777; 6196
1DBFAAF6341B6F7; 6196
1DBFAB0C3852877; 6201
1DBFAB0E6174177; 6201
1DBFAB2478BDFF7; 6209
1DBFAB267BB9EF7; 6209
1DBFAB3B584D6F7; 6207
1DBFAB3D9E0B377; 6207
1DBFAB54E6821F7; 6216
1DBFAB56E97E0F7; 6216
1DBFAB6B66B37F7; 6224
1DBFAB6D69AF6F7; 6224
1DBFAB81E6E4DF7; 6225
1DBFAB842CA2A77; 6225
1DBFAB9B75198F7; 6308
1DBFAB9CDF7EFF7; 6318
1DBFAB9CE77D759; 6323
1DBFAB9CEE32D4E; 6323
1DBFAB9E49E46F7; 6323
1DBFAB9E51E2E59; 6320
1DBFAB9E589844E; 6320
1DBFAB9FB449DF7; 6320
1DBFAB9FCF5B259; 6323
1DBFAB9FD2A5682; 6323
1DBFAB9FD61084E; 6323
1DBFABA131C21F7; 6323
1DBFABA139C0959; 6322
1DBFABA13D0AD82; 6322
1DBFABA14075F4E; 6322
1DBFABA29C278F7; 6322
1DBFABA2ECFFA94; 6322
1DBFABA2F071459; 6322
1DBFABA2F3BB882; 6322
1DBFABA2F726A4E; 6322
1DBFABA452D83F7; 6322
1DBFABB4065D214; 6354
1DBFABB409CEBD9; 6354
1DBFABB40D19002; 6354
1DBFABB410841CE; 6354
1DBFABB47244CF6; 6354
1DBFABB478CE014; 6354
1DBFABB47C3F9D9; 6354
1DBFABB47F89E02; 6354
1DBFABB482F4FCE; 6354
1DBFABB5DEA6977; 6354
1DBFABB983440F6; 6358
1DBFABB989CD414; 6358
1DBFABB98D3EDD9; 6358
1DBFABB99089202; 6358
1DBFABB993F43CE; 6358
1DBFABBAEFA5D77; 6358
1DBFABBB0DB128B; 6358
1DBFABBB13CF1F6; 6358
1DBFABBB1A58514; 6358
1DBFABBB1DC9ED9; 6358
1DBFABBB2114302; 6358
1DBFABBB247F4CE; 6358
1DBFABBC8030E77; 6358
1DBFABCB422CE0B; 6375
1DBFABCB484AD76; 6375
1DBFABCB4ED4094; 6375
1DBFABCB5245A59; 6375
1DBFABCB558FE82; 6375
1DBFABCB58FB04E; 6375
1DBFABCC8FF618B; 6375
1DBFABCC96140F6; 6375
1DBFABCC9C9D414; 6375
1DBFABCCA00EDD9; 6375
1DBFABCCA359202; 6375
1DBFABCCA6C43CE; 6375
1DBFABCCB4AC9F7; 6375
1DBFABCE0275D77; 6375
1DBFABDA457B98B; 6387
1DBFABDA4B998F6; 6387
1DBFABDA5222C14; 6387
1DBFABDA58DEA02; 6387
1DBFABDA5C49BCE; 6387
1DBFABDBB7FB577; 6387
1DBFABDBCC7D40B; 6387
1DBFABDBD29B376; 6387
1DBFABDBD924694; 6387
1DBFABDBDFE0482; 6387
1DBFABDD3EFCFF7; 6387
1DBFABEB554FA8B; 6389
1DBFABEB5B6D9F6; 6389
1DBFABEB61F6D14; 6389
1DBFABEB6C1DCCE; 6389
1DBFABECC7CF677; 6389
1DBFABED87FAA0B; 6389
1DBFABED8E18976; 6389
1DBFABEEFA7A5F7; 6389
1DBFAC048DAFB0B; 6396
1DBFAC04A47DD4E; 6396
1DBFAC06002F6F7; 6396
1DBFAC06A3BE70B; 6396
1DBFAC08163E2F7; 6396
1DBFAC1C262D2CE; 6410
1DBFAC1D81DEC77; 6410
1DBFAC1F2F060F7; 6410
1DBFAC2F8ED1D4E; 6413
1DBFAC30EA836F7; 6413
1DBFAC33203A119; 6413
1DBFAC4867D3CCE; 6417
1DBFAC49BD07A99; 6417
1DBFAC4BE94BF02; 6417
1DBFAC6140D5C4E; 6421
1DBFAC628FA2F02; 6421
1DBFAC64BBEA5CA; 6421
1DBFAC7A19D7BCE; 6430
1DBFAC7B62415CA; 6430
1DBFAC7D55E4576; 6430
1DBFAC90907FB4E; 6435
1DBFAC91D319C76; 6435
1DBFAC93E2FC563; 6435
1DBFACA8B44EF4E; 6431
1DBFACA9EF4371F; 6431
1DBFACA9F0BCD63; 6431
1DBFACC183C784E; 6436
1DBFACC3ACE914E; 6436
1DBFACD9FD6B6CE; 6433
1DBFACDC432934E; 6433
1DBFACF38216B4E; 6445
1DBFACF555639CE; 6445
1DBFAD08A16C0CE; 6452
1DBFAD0A9ADE94E; 6452
1DBFAD1F6DE8ACE; 6444
1DBFAD21675B34E; 6444
1DBFAD35EE1A0CE; 6450
1DBFAD37F115FCE; 6450
1DBFAD4D49A3C4E; 6454
1DBFAD4F72C554E; 6454
1DBFAD66191C54E; 6454
1DBFAD68686384E; 6454
1DBFAD7FA75104E; 6456
1DBFAD81C6E92CE; 6456
1DBFAD992272E4E; 6446
1DBFAD9B125C04E; 6446
1DBFADAF39BCCCE; 6449
1DBFADB162DE5CE; 6449
1DBFADC85F0A04E; 6455
1DBFADCA7EA22CE; 6455
1DBFADE02D049CE; 6450
1DBFADE243135CE; 6450
1DBFADF85A5D44E; 6450
1DBFADFA8D083CE; 6450
1DBFAE11D57F24E; 6453
1DBFAE1411B384E; 6453
1DBFAE2B50A104E; 6454
1DBFAE2D834BFCE; 6454
1DBFAE44CBC2E4E; 6463
1DBFAE46D8483CE; 6463
1DBFAE5B4BF444E; 6466
1DBFAE5D620304E; 6466
1DBFAE7471417CE; 6461
1DBFAE7690D9A4E; 6461
1DBFAE8CEAE564E; 6466
1DBFAE8F00F424E; 6466
1DBFAEA50EB4A4E; 6473
1DBFAEA708272CE; 6473
1DBFAEBC3105ECE; 6470
1DBFAEBE63B0E4E; 6470
1DBFAED5565324E; 6476
1DBFAED775EB4CE; 6476
1DBFAEED2DD724E; 6470
1DBFAEEF2749ACE; 6470
1DBFAF04F24854E; 6477
1DBFAF06F54444E; 6477
1DBFAF1C0B1034E; 6477
1DBFAF1E3DBB2CE; 6477
1DBFAF35863214E; 6470
1DBFAF37892E04E; 6470
1DBFAF4CF4CE9CE; 6477
1DBFAF4EF7CA8CE; 6477
1DBFAF640D967CE; 6478
1DBFAF665CDDACE; 6478
1DBFAF7DA55494E; 6479
1DBFAF7FBB6354E; 6479
1DBFAF97207674E; 6479
1DBFAF9953216CE; 6479
1DBFAFB09B9854E; 6472
1DBFAFB29E9444E; 6472
1DBFAFC80A34DCE; 6484
1DBFAFC9CA6EF4E; 6484
1DBFAFDC6ACE14E; 6484
1DBFAFDEA70274E; 6484
1DBFAFF5E5EFF4E; 6484
1DBFAFF8222454E; 6484
1DBFB00F873774E; 6477
1DBFB01180A9FCE; 6477
1DBFB026F5D3FCE; 6486
1DBFB028DC33B4E; 6486
1DBFB03D0D1DE4E; 6484
1DBFB03F5C6514E; 6484
1DBFB056AE6564E; 6489
1DBFB05894C51CE; 6489
1DBFB06EC8AB3CE; 6484
1DBFB070E84364E; 6484
1DBFB08738C5BCE; 6490
1DBFB089454B14E; 6490
1DBFB09EFD36ECE; 6483
1DBFB0A0F6A974E; 6483
1DBFB0B615FECCE; 6490
1DBFB0B818FABCE; 6490
1DBFB0CD2EC6ACE; 6484
1DBFB0CF3B4C04E; 6484
1DBFB0E4F337DCE; 6489
1DBFB0E6FFBD34E; 6489
1DBFB0FD0D7DB4E; 6495
1DBFB0FF2D15DCE; 6495
1DBFB114E501B4E; 6496
1DBFB1170E2344E; 6496
1DBFB12E733664E; 6493
1DBFB130894524E; 6493
1DBFB147B7F3DD9; 6503
1DBFB147BEA93CE; 6503
1DBFB1499814702; 6503
1DBFB15D863CC82; 6506
1DBFB15FB22BE14; 6506
1DBFB176A4CE214; 6501
1DBFB178BDDD176; 6501
1DBFB18F21723F6; 6494
1DBFB19114C6D0B; 6494
1DBFB1A6341C28B; 6489
1DBFB3C78D516A5; 6496
1DBFB3DDF0E6925; 6490
1DBFB3E006F5525; 6490
1DBFB3F5DB7D625; 6488
1DBFB3F80E285A5; 6488
1DBFB40F6028AA5; 6483
1DBFB41192D3A25; 6483
1DBFB427E355FA5; 6475
1DBFB429DCC8825; 6475
1DBFB43EAFD29A5; 6472
1DBFB440EC06FA5; 6472
1DBFB458C38AFA5; 6505
1DBFB46273189A5; 6509
1DBFB4646C8B225; 6509
1DBFB47893EBEA5; 6502
1DBFB47A96E7DA5; 6502
1DBFB48F69F1F25; 6500
1DBFB491AFAFBA5; 6500
1DBFB4A8F826A25; 6498
1DBFB4AB3DE46A5; 6498
1DBFB4C2865B525; 6489
1DBFB4C492E0AA5; 6489
1DBFB4D9068CB25; 6496
1DBFB4DB1C9B725; 6496
1DBFB4F03BF0CA5; 6496
1DBFB4F28B37FA5; 6496
1DBFB509DD384A5; 6505
1DBFB50BE0343A5; 6505
1DBFB52066F3125; 6519
1DBFB522272D2A5; 6519
1DBFB533834C7A5; 6538
1DBFB534D115B25; 6538
1DBFB5421DAAC09; 6556
1DBFB5433BCDEA5; 6556
1DBFB54EA20C3A5; 6572
1DBFB5583E870A5; 6586
1DBFB5605D899A5; 6588
1DBFB5629034925; 6588
1DBFB578946BAA5; 6613
1DBFB579CF22125; 6613
1DBFB586963C6A5; 6613
1DBFB588DBFA325; 6613
1DBFB5A02DFA825; 6621
1DBFB5A23A7FDA5; 6621
1DBFB5B759D5325; 6611
1DBFB5B95347BA5; 6611
1DBFB5CDDA06925; 6639
1DBFB5D78994325; 6633
1DBFB5D949CE4A5; 6633
1DBFB5EB8ACF5A5; 6642
1DBFB5ED7AB87A5; 6642
1DBFB6010982C25; 6647
1DBFB603291AEA5; 6647
1DBFB618FDA2FA5; 6650
1DBFB61B4360C25; 6650
1DBFB6323603025; 6649
1DBFB6347BC0CA5; 6649
1DBFB64BC437B25; 6640
1DBFB64DD0BD0A5; 6640
1DBFB6624469125; 6648
1DBFB6644765025; 6648
1DBFB678C49A725; 6661
1DBFB67A84D48A5; 6661
1DBFB68C8C9D2A5; 6682
1DBFB68DC753925; 6682
1DBFB69A3899425; 6687
1DBFB69C3B95325; 6687
1DBFB6B0C2540A5; 6697
1DBFB6B2B23D2A5; 6697
1DBFB6C64107725; 6706
1DBFB6C830F0925; 6706
1DBFB6DC158F825; 6720
1DBFB6DDB92D625; 6720
1DBFB6EEDC14425; 6724
1DBFB6F0FBAC6A5; 6724
1DBFB707096CEA5; 6736
1DBFB708EFCCA25; 6736
1DBFB71BDC77025; 6756
1DBFB71D20B6D25; 6756
1DBFB72ADFC5BA5; 6748
1DBFB72CBC9C0A5; 6748
1DBFB73F5CFB2A5; 6761
1DBFB74100990A5; 6761
1DBFB7526FCB2A5; 6754
1DBFB754693DB25; 6754
1DBFB768E673225; 6758
1DBFB76B22A7825; 6758
1DBFB781BF751A5; 6777
1DBFB7833CED5A5; 6777
1DBFB7931B946A5; 6774
1DBFB7956152325; 6774
1DBFB7ABFE1FCA5; 6774
1DBFB7AE30CAC25; 6774
1DBFB7C582CB125; 6778
1DBFB7C665785DC; 6778
1DBFB7C666564B3; 6778
1DBFB7C7B5760A5; 6778
1DBFB7DD0BCF5DC; 6796
1DBFB7DD0CAD4B3; 6796
1DBFB7DE5BCD0A5; 6796
1DBFB7DE96E506D; 6796
1DBFB7DE9C5A6DC; 6796
1DBFB7DE9D385B3; 6796
1DBFB7DFEC581A5; 6796
1DBFB7EF0E2296D; 6798
1DBFB7EF1397FDC; 6798
1DBFB7EF1475EB3; 6798
1DBFB7F06395AA5; 6798
1DBFB7F14D134A8; 6798
1DBFB7F153E05ED; 6798
1DBFB7F15955C5C; 6798
1DBFB7F15A33B33; 6798
1DBFB7F2A953725; 6798
1DBFB8088C00CA8; 6798
1DBFB80892CDDED; 6798
1DBFB808984345C; 6798
1DBFB8089921333; 6798
1DBFB809E840F25; 6798
1DBFB80AC1FF4B2; 6798
1DBFB80AC8352A8; 6798
1DBFB80ACF023ED; 6798
1DBFB80AD477A5C; 6798
1DBFB80AD555933; 6798
1DBFB80C2475525; 6798
1DBFB8220A76332; 6813
1DBFB82210AC128; 6813
1DBFB822177926D; 6813
1DBFB8221CEE8DC; 6813
1DBFB8221DCC7B3; 6813
1DBFB8236CEC3A5; 6813
1DBFB823CDA72BB; 6813
1DBFB823D439B32; 6813
1DBFB823DA6F928; 6813
1DBFB823E13CA6D; 6813
1DBFB823E6B20DC; 6813
1DBFB823E78FFB3; 6813
1DBFB82536AFBA5; 6813
1DBFB835D56FCBB; 6808
1DBFB835DC02532; 6808
1DBFB835E238328; 6808
1DBFB835E90546D; 6808
1DBFB835EE7AADC; 6808
1DBFB835EF589B3; 6808
1DBFB8373E785A5; 6808
1DBFB837EB7E8BB; 6808
1DBFB837F13CA2A; 6808
1DBFB837F211132; 6808
1DBFB837F846F28; 6808
1DBFB837FF1406D; 6808
1DBFB83804896DC; 6808
1DBFB83805675B3; 6808
1DBFB83954871A5; 6808
1DBFB84D6A31F3B; 6811
1DBFB84D6FA3D84; 6811
1DBFB84D6FF00AA; 6811
1DBFB84D70C47B2; 6811
1DBFB84D76FA5A8; 6811
1DBFB84D7DC76ED; 6811
1DBFB84D841AC33; 6811
1DBFB84ED33A825; 6811
1DBFB84F89CA1BB; 6811
1DBFB84F8F3C004; 6811
1DBFB84F8F8832A; 6811
1DBFB84F905CA32; 6811
1DBFB84F9692828; 6811
1DBFB84F9D5F96D; 6811
1DBFB850F2D2AA5; 6811
1DBFB866990893B; 6812
1DBFB8669C6379E; 6812
1DBFB8669E7A784; 6812
1DBFB8669EC6AAA; 6812
1DBFB8669F9B1B2; 6812
1DBFB866A5D0FA8; 6812
1DBFB866B2F1633; 6812
1DBFB8680211225; 6812
1DBFB868D53CF3B; 6812
1DBFB868D897D9E; 6812
1DBFB868DAAED84; 6812
1DBFB868DAFB0AA; 6812
1DBFB868DBCF7B2; 6812
1DBFB86A3E45825; 6812
1DBFB8801B48820; 6846
1DBFB8801DB3DBB; 6846
1DBFB880210EC1E; 6846
1DBFB8802325C04; 6846
1DBFB8802371F2A; 6846
1DBFB881002A420; 6846
1DBFB88102959BB; 6846
1DBFB88105F081E; 6846
1DBFB8810807804; 6846
1DBFB8810853B2A; 6846
1DBFB8811C7E6B3; 6846
1DBFB8826B9E2A5; 6846
1DBFB88A59E33A0; 6853
1DBFB88A5FA979E; 6853
1DBFB88A61C0784; 6853
1DBFB88A620CAAA; 6853
1DBFB88A7637633; 6853
1DBFB88BC557225; 6853
1DBFB88BEA6E4A0; 6853
1DBFB88BF03489E; 6853
1DBFB88BF24B884; 6853
1DBFB88BF297BAA; 6853
1DBFB88D55E2325; 6853
1DBFB89CB780820; 6853
1DBFB89CBD46C1E; 6853
1DBFB89CD3D4AB3; 6853
1DBFB89E22F46A5; 6853
1DBFB89EFD3E4A0; 6853
1DBFB8A068B2325; 6853
1DBFB8B6587FF33; 6863
1DBFB8B7A79FB25; 6863
1DBFB8B98476025; 6863
1DBFB8CC237E9B3; 6860
1DBFB8CD729E5A5; 6860
1DBFB8CF9BBFEA5; 6860
1DBFB8E522A6333; 6869
1DBFB8E671C5F25; 6869
1DBFB8E86B387A5; 6869
1DBFB8FC9142BB3; 6897
1DBFB8FDE0627A5; 6897
1DBFB906CFDD733; 6900
1DBFB9081EFD325; 6900
1DBFB90A258F561; 6900
1DBFB91E4803633; 6897
1DBFB91F912FEE1; 6897
1DBFB921D0561BB; 6897
1DBFB93780636B3; 6899
1DBFB938C2F85BB; 6899
1DBFB93ADBFF889; 6899
1DBFB950FB854B3; 6906
1DBFB9523789409; 6906
1DBFB96873AB3B3; 6901
1DBFB96A8030933; 6901
1DBFB980A103E33; 6906
1DBFB982C09C0B3; 6906
1DBFB998C4D3233; 6907
1DBFB99AF77E1B3; 6907
1DBFB9B23FF5033; 6908
1DBFB9B4729FFB3; 6908
1DBFB9CBBB16E33; 6906
1DBFB9CDEDC1DB3; 6906
1DBFB9E53638C33; 6909
1DBFB9E768E3BB3; 6909
1DBFB9FEB15AA33; 6908
1DBFBA0100A1D33; 6908
1DBFBA183F8F533; 6908
1DBFBA1A5F277B3; 6908
1DBFBA31C43A9B3; 6914
1DBFBA33D0BFF33; 6914
1DBFBA4988ABCB3; 6912
1DBFBA4BC4E02B3; 6912
1DBFBA6303CDAB3; 6909
1DBFBA653678A33; 6909
1DBFBA7C7EEF8B3; 6908
1DBFBA7EB19A833; 6908
1DBFBA95FA116B3; 6911
1DBFBA983645CB3; 6911
1DBFBAAF75334B3; 6915
1DBFBAB19E54DB3; 6915
1DBFBAC844ABDB3; 6914
1DBFBACA7756D33; 6914
1DBFBAE1BFCDBB3; 6916
1DBFBAE3F278B33; 6916
1DBFBAFB3AEF9B3; 6914
1DBFBAFD6D9A933; 6914
1DBFBB14B6117B3; 6920
1DBFBB16C296D33; 6920
1DBFBB2C971EE33; 6914
1DBFBB2EAD2DA33; 6914
1DBFBB445B90133; 6915
1DBFBB468E3B0B3; 6915
1DBFBB5DD6B1F33; 6923
1DBFBB5FD0247B3; 6923
1DBFBB74EF79D33; 6924
1DBFBB772224CB3; 6924
1DBFBB8E6A9BB33; 6926
1DBFBB909D46AB3; 6926
1DBFBBA7E5BD933; 6929
1DBFBBAA18688B3; 6929
1DBFBBC160DF733; 6928
1DBFBBC3938A6B3; 6928
1DBFBBDAE58ABB3; 6937
1DBFBBDCD573DB3; 6937
1DBFBBF15C32B33; 6937
1DBFBBF38EDDAB3; 6937
1DBFBC0AD754933; 6931
1DBFBC0CE3D9EB3; 6931
1DBFBC22A54F2B3; 6929
1DBFBC24D7FA233; 6929
1DBFBC3C20710B3; 6932
1DBFBC3E4009333; 6932
1DBFBC55625A7B3; 6933
1DBFBC57A818433; 6933
1DBFBC6EE705C33; 6934
1DBFBC711027533; 6934
1DBFBC886227A33; 6932
1DBFBC8A8B49333; 6932
1DBFBCA1F05C533; 6936
1DBFBCA40FF47B3; 6936
1DBFBCBAB64B7B3; 6935
1DBFBCBCFC09433; 6935
1DBFBCD43AF6C33; 6942
1DBFBCD634694B3; 6942
1DBFBCEBA9934B3; 6938
1DBFBCEDC92B733; 6938
1DBFBD046F82733; 6936
1DBFBD0698A4033; 6936
1DBFBD1DE11AEB3; 6945
1DBFBD1EAFD896E; 6945
1DBFBD1FD1040B3; 6945
1DBFBD3323849EE; 6954
1DBFBD3444B0133; 6954
1DBFBD34F107CE8; 6954
1DBFBD34F6D186E; 6954
1DBFBD3617FCFB3; 6954
1DBFBD48D5A6BE8; 6948
1DBFBD48DB7076E; 6948
1DBFBD49FC9BEB3; 6948
1DBFBD4ADBF7AB5; 6948
1DBFBD4AE22C168; 6948
1DBFBD4C0921433; 6948
1DBFBD603E0EDB5; 6949
1DBFBD604443468; 6949
1DBFBD604A0CFEE; 6949
1DBFBD616B38733; 6949
1DBFBD6261B34B0; 6949
1DBFBD6267306B5; 6949
1DBFBD63945A033; 6949
1DBFBD79AA2A330; 6954
1DBFBD79AFA7535; 6954
1DBFBD79BBA576E; 6954
1DBFBD7ADCD0EB3; 6954
1DBFBD7BC9C25B0; 6954
1DBFBD7BCF3F7B5; 6954
1DBFBD7CFC69133; 6954
1DBFBD921A44B30; 6955
1DBFBD922BBFF6E; 6955
1DBFBD934CEB6B3; 6955
1DBFBD944366430; 6955
1DBFBD95760CFB3; 6955
1DBFBDABB06B3EE; 6950
1DBFBDACD196B33; 6950
1DBFBDAEFAB8433; 6950
1DBFBDC42A0F26E; 6956
1DBFBDC54A5CADC; 6956
1DBFBDC54B3A9B3; 6956
1DBFBDC7516C9ED; 6956
1DBFBDDBF240068; 6955
1DBFBDDD12E1DED; 6955
1DBFBDDF48492A8; 6955
1DBFBDF570B6E35; 6962
1DBFBDF690C0128; 6962
1DBFBDF883FCBB2; 6962
1DBFBE0CD9D64B0; 6958
1DBFBE0DF926BB2; 6958
1DBFBE101BB5C3B; 6958
1DBFBE26C20CC3B; 6948
1DBFBE28C13D62A; 6948
1DBFBE3B7DD6EB0; 6994
1DBFBE3C9C52EAA; 6994
1DBFBE3DCD33B84; 6992
1DBFBE45A75D71E; 6995
1DBFBE4787F6EA0; 6995
1DBFBE5BB8E11A0; 7000
1DBFBE5D0446CC9; 7000
1DBFBE73087DE49; 7008
1DBFBE74F867049; 7008
1DBFBE89CB711C9; 7007
1DBFBE8C07A57C9; 7007
1DBFBEA34692FC9; 6998
1DBFBEA5367C1C9; 6998
1DBFBEB9B3B18C9; 6974
1DBFBEBAE4DE8C9; 6974
1DBFBEC769370C9; 6975
1DBFBEC99BE2049; 6975
1DBFBEE0E458EC9; 6993
1DBFBEE27E6D649; 6993
1DBFBEF2EC218C9; 7011
1DBFBEF439EAC49; 7011
1DBFBF0160632C9; 7016
1DBFBF033D397C9; 7016
1DBFBF17D70B249; 7094
1DBFBF194170949; 7099
1DBFBF1ABEE8D49; 7092
1DBFBF1C294E449; 7091
1DBFBF1DB9D9549; 7091
1DBFBF2E3116E49; 7074
1DBFBF2F8869849; 7074
1DBFBF3D80B0DC9; 7063
1DBFBF3F07B2849; 7063
1DBFBF4F6253DC9; 7055
1DBFBF5148B3949; 7055
1DBFBF64CDF4749; 7050
1DBFBF66E403349; 7050
1DBFBF7C9BEF0C9; 7037
1DBFBF7E5C29249; 7037
1DBFBF90B03D049; 7030
1DBFBF92B338F49; 7030
1DBFBFA726E4FC9; 7022
1DBFBFA916CE1C9; 7022
1DBFBFBD9D8CF49; 7014
1DBFBFBF96FF7C9; 7014
1DBFBFD41434EC9; 7026
1DBFBFD5E781D49; 7026
1DBFBFE87E578C9; 7035
1DBFBFEA64B7449; 7035
1DBFBFFDF3818C9; 7037
1DBFC0002FB5EC9; 7037
1DBFC017782CD49; 7051
1DBFC0195E8C8C9; 7051
1DBFC02B8B84FEE; 7027
1DBFC02CAA94FC9; 7027
1DBFC037C4880C9; 7015
1DBFC0391251449; 7015
1DBFC04672021C9; 7003
1DBFC047E5F0F49; 7003
1DBFC0572C01849; 6993
1DBFC058E2B2349; 6993
1DBFC06A94A62C9; 6993
1DBFC06CD0DA8C9; 6993
1DBFC082F72FB17; 6994
1DBFC0841951749; 6994
1DBFC0853CED797; 6994
1DBFC0865F0F3C9; 6994
1DBFC09C75AC104; 6998
1DBFC09C7BDAF97; 6998
1DBFC09D9DFCBC9; 6998
1DBFC09EC4F3404; 6998
1DBFC09ECB22297; 6998
1DBFC09FED43EC9; 6998
1DBFC0B58B3DE6F; 7000
1DBFC0B5916FE04; 7000
1DBFC0B5979EC97; 7000
1DBFC0B6B9C08C9; 7000
1DBFC0B7B45F76F; 7000
1DBFC0B7BA91704; 7000
1DBFC0B7C0C0597; 7000
1DBFC0B8E2E21C9; 7000
1DBFC0CF0950B1C; 7005
1DBFC0CF0FE92EF; 7005
1DBFC0CF161B284; 7005
1DBFC0CF1C4A117; 7005
1DBFC0D03E6BD49; 7005
1DBFC0D13BFBA9C; 7005
1DBFC0D1429426F; 7005
1DBFC0D148C6204; 7005
1DBFC0D14EF5097; 7005
1DBFC0D27116CC9; 7005
1DBFC0E78C7E01C; 7007
1DBFC0E793167EF; 7007
1DBFC0E79948784; 7007
1DBFC0E79F77617; 7007
1DBFC0E8C199249; 7007
1DBFC0E9D23BC9C; 7007
1DBFC0E9D8D446F; 7007
1DBFC0E9DF06404; 7007
1DBFC0E9E535297; 7007
1DBFC0EB0756EC9; 7007
1DBFC1011AB2B1C; 7004
1DBFC101214B2EF; 7004
1DBFC1012DAC117; 7004
1DBFC1024FCDD49; 7004
1DBFC10356E711C; 7004
1DBFC1035D7F8EF; 7004
1DBFC1048C02349; 7004
1DBFC11A6FAEF1C; 7007
1DBFC11A76476EF; 7007
1DBFC11A82A8517; 7007
1DBFC11BA4CA149; 7007
1DBFC11CB56CB9C; 7007
1DBFC11CC866197; 7007
1DBFC11DEA87DC9; 7007
1DBFC13410DD017; 7034
1DBFC13532FEC49; 7034
1DBFC136642BC49; 7034
1DBFC141BCD9197; 7048
1DBFC142DEFADC9; 7048
1DBFC14419B1449; 7048
1DBFC14FC833417; 7061
1DBFC150EA55049; 7061
1DBFC15241A7A49; 7061
1DBFC15F2156A17; 7063
1DBFC1604378649; 7063
1DBFC1627FACC49; 7063
1DBFC17849FE584; 7065
1DBFC1796AF68E3; 7065
1DBFC179724F049; 7065
1DBFC17A93138EF; 7065
1DBFC17BB581D54; 7065
1DBFC191EE9D46F; 7064
1DBFC193110B8D4; 7064
1DBFC195504218F; 7064
1DBFC1AB763979C; 7079
1DBFC1AC98B900F; 7079
1DBFC1AE5D731E3; 7079
1DBFC1C05BB2563; 7095
1DBFC1C1C02ABEE; 7095
1DBFC1D0FCB1E6E; 7108
1DBFC1D28D3CF6E; 7108
1DBFC1E177E6D4F; 7138
1DBFC1E2DE54E6E; 7138
1DBFC1E6FB56F4F; 7145
1DBFC1E8E748B6E; 7145
1DBFC1F32F6CD6E; 7159
1DBFC1F44D8706E; 7159
1DBFC1FED5F8435; 7172
1DBFC1FFF6872EE; 7172
1DBFC20BE2492EE; 7181
1DBFC20D85E70EE; 7181
1DBFC21E52F946E; 7188
1DBFC22059B4E68; 7188
1DBFC234A73B4E8; 7192
1DBFC236CA28735; 7192
1DBFC24D3747035; 7181
1DBFC24F21B3030; 7181
1DBFC262B07D4B0; 7190
1DBFC263D0F74CF; 7190
1DBFC277B5963CF; 7197
1DBFC279AF08C4F; 7197
1DBFC28E8B9C44F; 7196
1DBFC290E46CDCF; 7196
1DBFC2A82CE3C4F; 7213
1DBFC2A9BD6ED4F; 7213
1DBFC2BA940A74F; 7210
1DBFC2BCD03ED4F; 7210
1DBFC2D37695D4F; 7205
1DBFC2D5B2CA34F; 7205
1DBFC2EC034C8CF; 7200
1DBFC2EE35F784F; 7200
1DBFC30443B804F; 7211
1DBFC3061704ECF; 7211
1DBFC3196C96C4F; 7231
1DBFC31ABA5FFCF; 7231
1DBFC328796EE4F; 7246
1DBFC329D0C184F; 7246
1DBFC33726E8F4F; 7252
1DBFC339205B7CF; 7252
1DBFC34CFB7104F; 7260
1DBFC34EFE6CF4F; 7260
1DBFC3637BA264F; 7274
1DBFC365325314F; 7274
1DBFC37697FBCCF; 7288
1DBFC3782886DCF; 7288
1DBFC388701564F; 7298
1DBFC38A39D8E4F; 7298
1DBFC39C8DECC4F; 7302
1DBFC39EB70E54F; 7302
1DBFC3B51AA37CF; 7306
1DBFC3B7606144F; 7306
1DBFC3CDFD2EDCF; 7307
1DBFC3D042ECA4F; 7307
1DBFC3E7A7FFC4F; 7312
1DBFC3E9EDBD8CF; 7312
1DBFC40047C94CF; 7306
1DBFC4024AC53CF; 7306
1DBFC4181F4D4CF; 7322
1DBFC419CC7494F; 7322
1DBFC42ADC48A4F; 7330
1DBFC42CC2A85CF; 7330
1DBFC440B0D0B4F; 7369
1DBFC44479E1804; 7364
1DBFC4459BAA54F; 7364
1DBFC450D2399CF; 7365
1DBFC4530E6DFCF; 7365
1DBFC46A56E4E4F; 7367
1DBFC46CA62C14F; 7367
1DBFC482994740B; 7372
1DBFC483E51994F; 7372
1DBFC484C268D0B; 7372
1DBFC4860E3B24F; 7372
1DBFC49B25FDF8B; 7388
1DBFC49B2766265; 7388
1DBFC49C71D04CF; 7388
1DBFC49CC99BD8B; 7388
1DBFC49CCB04065; 7388
1DBFC49E156E2CF; 7388
1DBFC4ADDE069EE; 7393
1DBFC4ADE2F950B; 7393
1DBFC4ADE4617E5; 7393
1DBFC4AF2ECBA4F; 7393
1DBFC4AFFD9EC6E; 7393
1DBFC4B0029178B; 7393
1DBFC4B003F9A65; 7393
1DBFC4B14E63CCF; 7393
1DBFC4C55FB5F6E; 7413
1DBFC4C564A8A8B; 7413
1DBFC4C56610D65; 7413
1DBFC4C6B07AFCF; 7413
1DBFC4C6CA1B66E; 7413
1DBFC4C6CF0E18B; 7413
1DBFC4C6D076465; 7413
1DBFC4C81AE06CF; 7413
1DBFC4D5BA574EE; 7425
1DBFC4D5BF4A00B; 7425
1DBFC4D5C0B22E5; 7425
1DBFC4D70B1C54F; 7425
1DBFC4D74AE25EE; 7425
1DBFC4D74FD510B; 7425
1DBFC4D7513D3E5; 7425
1DBFC4D89BA764F; 7425
1DBFC4E775D4AEE; 7422
1DBFC4E77AC760B; 7422
1DBFC4E77C2F8E5; 7422
1DBFC4E8C699B4F; 7422
1DBFC4E9A87FA6E; 7422
1DBFC4E9AD7258B; 7422
1DBFC4E9AEDA865; 7422
1DBFC4EAF944ACF; 7422
1DBFC5004ED6A6E; 7428
1DBFC50053C958B; 7428
1DBFC5005531865; 7428
1DBFC5019F9BACF; 7428
1DBFC50264E566E; 7428
1DBFC503B5AA6CF; 7428
1DBFC51821C3F0B; 7438
1DBFC5196D9644F; 7438
1DBFC51B5D7F64F; 7438
1DBFC52DECC298B; 7441
1DBFC52F3894ECF; 7441
1DBFC5316B3FE4F; 7441
1DBFC5471B9938B; 7443
1DBFC548676B8CF; 7443
1DBFC54AA39FECF; 7443
1DBFC560A9CDE8B; 7439
1DBFC561F5A03CF; 7439
1DBFC564284B34F; 7439
1DBFC5798C5948B; 7464
1DBFC57AD82B9CF; 7464
1DBFC57C1C6B6CF; 7464
1DBFC587ED8818B; 7491
1DBFC589395A6CF; 7491
1DBFC58B6472E0B; 7490
1DBFC58CAF5B9BE; 7490
1DBFC58EB5C1697; 7490
1DBFC5A2DC98D0B; 7484
1DBFC5A42162017; 7484
1DBFC5A63ACB404; 7484
1DBFC5BAAA9368B; 7490
1DBFC5BBE92DB04; 7490
1DBFC5BDF90A76F; 7490
1DBFC5D2788E00B; 7488
1DBFC5D3B0F64EF; 7488
1DBFC5D5F01B99C; 7488
1DBFC5EBFD3948B; 7491
1DBFC5ED2F0919C; 7491
1DBFC60581E490B; 7500
1DBFC6077B5718B; 7500
1DBFC61BF88C88B; 7498
1DBFC61E34C0E8B; 7498
1DBFC6357D37D0B; 7503
1DBFC6379CCFF8B; 7503
1DBFC64DF6DBB8B; 7510
1DBFC650036110B; 7510
1DBFC6656F01A8B; 7509
1DBFC667AB3608B; 7509
1DBFC67EEA2388B; 7507
1DBFC6811CCE80B; 7507
1DBFC698654568B; 7515
1DBFC69A71CAC0B; 7515
1DBFC6AF8796B0B; 7519
1DBFC6B1B0B840B; 7519
1DBFC6C8570F40B; 7520
1DBFC6CA89BA38B; 7520
1DBFC6E1E543F0B; 7520
1DBFC6E4217850B; 7520
1DBFC6FB6065D0B; 7518
1DBFC6FD9310C8B; 7518
1DBFC714EE9A80B; 7515
1DBFC7172ACEE0B; 7515
1DBFC72E69BC60B; 7515
1DBFC7309C6758B; 7515
1DBFC747E4DE40B; 7525
1DBFC749D4C760B; 7525
1DBFC75DFC2828B; 7520
1DBFC7601236E8B; 7520
1DBFC7761FF768B; 7523
1DBFC7784918F8B; 7523
1DBFC78F4ECE08B; 7523
1DBFC7918B0268B; 7523
1DBFC7A8C9EFE8B; 7530
1DBFC7AACCEBD8B; 7530
1DBFC7C0388C70B; 7526
1DBFC7C26B3768B; 7526
1DBFC7D9080500B; 7527
1DBFC7DB3AAFF8B; 7527
1DBFC7F28326E0B; 7530
1DBFC7F4B5D1D8B; 7530
1DBFC80BFE48C0B; 7536
1DBFC80E0ACE18B; 7536
1DBFC823C2B9F0B; 7535
1DBFC825FEEE50B; 7535
1DBFC83D3DDBD0B; 7540
1DBFC83F53EA90B; 7540
1DBFC855ADF650B; 7533
1DBFC857B0F240B; 7533
1DBFC86D1C92D8B; 7537
1DBFC86F45B468B; 7537
1DBFC885E28200B; 7543
1DBFC887EF0758B; 7543
1DBFC89DA6F330B; 7544
1DBFC89FD99E28B; 7544
1DBFC8B7188BA8B; 7544
1DBFC8B941AD38B; 7544
1DBFC8D08A2420B; 7547
1DBFC8D2BCCF18B; 7547
1DBFC8E9FBBC98B; 7546
1DBFC8EC2E6790B; 7546
1DBFC9036D5510B; 7553
1DBFC90579DA68B; 7553
1DBFC91AE57B00B; 7548
1DBFC91CE876F0B; 7548
1DBFC932FFC0D8B; 7553
1DBFC93515CF98B; 7553
1DBFC94B1A06B0B; 7550
1DBFC94D399ED8B; 7550
1DBFC96435CA80B; 7551
1DBFC9665EEC10B; 7551
1DBFC97DA762F8B; 7557
1DBFC97FBD71B8B; 7557
1DBFC9956BD428B; 7554
1DBFC9978B6C50B; 7554
1DBFC9AE8797F8B; 7560
1DBFC9B0941D50B; 7560
1DBFC9C668A560B; 7556
1DBFC9C8883D88B; 7556
1DBFC9DF2E9488B; 7560
1DBFC9E14E2CB0B; 7560
1DBFC9F7F483B0B; 7560
1DBFC9FA1DA540B; 7560
1DBFCA11661C28B; 7565
1DBFCA1385B450B; 7565
1DBFCA29E94978B; 7562
1DBFCA2C126B08B; 7562
1DBFCA435AE1F0B; 7560
1DBFCA45840380B; 7560
1DBFCA5CCC7A68B; 7576
1DBFCA5E79A1B0B; 7576
1DBFCA6FD5C100B; 7579
1DBFCA71F6C1565; 7579
1DBFCA889D18565; 7578
1DBFCA8ABFDF06E; 7578
1DBFCAA20855EEE; 7575
1DBFCC9818AE93B; 7521
1DBFCCAF61257BB; 7519
1DBFCCB19D59DBB; 7519
1DBFCCC8E5D0C3B; 7506
1DBFCCCAAF9443B; 7506
1DBFCCDD4FF363B; 7499
1DBFCCDF4965EBB; 7499
1DBFCCF3C69B5BB; 7500
1DBFCCF60C5923B; 7500
1DBFCD0D4B46A3B; 7489
1DBFCD0F31A65BB; 7489
1DBFCD22DD0CDBB; 7485
1DBFCD25062E6BB; 7485
1DBFCD3B603A2BB; 7479
1DBFCD3D7FD253B; 7479
1DBFCD5337BE2BB; 7477
1DBFCD557D7BF3B; 7477
1DBFCD6CC5F2DBB; 7501
1DBFCD6E1D457BB; 7501
1DBFCD7C1F163BB; 7502
1DBFCD7E6E5D6BB; 7502
1DBFCD95AD4AEBB; 7489
1DBFCD978097D3B; 7489
1DBFCDAA20F6F3B; 7488
1DBFCDAC66B4BBB; 7488
1DBFCDC3AF2BA3B; 7489
1DBFCDC61185A3B; 7489
1DBFCDDD507323B; 7516
1DBFCDDE6E8D53B; 7516
1DBFCDEAFC6F3BB; 7509
1DBFCDECCFBC23B; 7509
1DBFCDFF701B43B; 7530
1DBFCE00AAD1ABB; 7530
1DBFCE0D71EC03B; 7519
1DBFCE0EF8EDABB; 7519
1DBFCE1E81C013B; 7526
1DBFCE207B329BB; 7526
1DBFCE34564823B; 7531
1DBFCE3675E04BB; 7531
1DBFCE4C2DCC23B; 7551
1DBFCE4DA1BAFBB; 7551
1DBFCE5C91F6E3B; 7558
1DBFCE5E81E003B; 7558
1DBFCE7210AA4BB; 7579
1DBFCE735E7383B; 7579
1DBFCE81AC8F83B; 7599
1DBFCE8AC386A3B; 7609
1DBFCE8C07C673B; 7609
1DBFCE9924B573B; 7623
1DBFCE9A7C0813B; 7623
1DBFCEA7D22F83B; 7629
1DBFCEA9C218A3B; 7629
1DBFCEBDA6B793B; 7630
1DBFCEBFFF882BB; 7630
1DBFCED73E75ABB; 7637
1DBFCED95E0DD3B; 7637
1DBFCEEED337D3B; 7639
1DBFCEF10F6C33B; 7639
1DBFCF086AF5EBB; 7662
1DBFCF09DEE4C3B; 7662
1DBFCF1823775BB; 7663
1DBFCF1A693523B; 7663
1DBFCF31BB3573B; 7661
1DBFCF3400F33BB; 7661
1DBFCF4B496A23B; 7661
1DBFCF4D98B153B; 7661
1DBFCF64EAB1A3B; 7658
1DBFCF67306F6BB; 7658
1DBFCF7E78E653B; 7646
1DBFCF8068CF73B; 7646
1DBFCF93A1C513B; 7664
1DBFCF9515B3EBB; 7664
1DBFCFA405EFD3B; 7680
1DBFCFA553B90BB; 7680
1DBFCFB2B369E3B; 7696
1DBFCFB3EE204BB; 7696
1DBFCFC0099153B; 7707
1DBFCFC1870993B; 7707
1DBFCFD0C390BBB; 7710
1DBFCFD2F63BB3B; 7710
1DBFCFE9504773B; 7723
1DBFCFEB23945BB; 7723
1DBFCFFD8ABB0BB; 7745
1DBFCFFEBBE80BB; 7745
1DBFD00AE0E27BB; 7753
1DBFD00C97932BB; 7753
1DBFD01E5C99F3B; 7752
1DBFD020A257BBB; 7752
1DBFD037EACEA3B; 7765
1DBFD039BE1B8BB; 7765
1DBFD04C5E7AABB; 7766
1DBFD04EA43873B; 7766
1DBFD065ECAF5BB; 7764
1DBFD068326D23B; 7764
1DBFD07F7AE40BB; 7774
1DBFD0816ACD2BB; 7774
1DBFD096A6BEBBB; 7801
1DBFD0A1DD4E03B; 7820
1DBFD0A82903ABB; 7816
1DBFD0A9E93DC3B; 7816
1DBFD0BBE77CFBB; 7826
1DBFD0BDC4534BB; 7826
1DBFD0D0BA8713B; 7824
1DBFD0D2ED320BB; 7824
1DBFD0EA3F325BB; 7830
1DBFD0EC6853EBB; 7830
1DBFD10216B65BB; 7838
1DBFD1041028E3B; 7838
1DBFD117797CE41; 7873
1DBFD1182EAF9C1; 7873
1DBFD1199865B3B; 7873
1DBFD11F502B040; 7876
1DBFD11F55BD9C1; 7876
1DBFD120BF73B3B; 7876
1DBFD1214014240; 7876
1DBFD12145A6BC1; 7876
1DBFD122AF5CD3B; 7876
1DBFD1356AC3EC8; 7886
1DBFD13570FE540; 7886
1DBFD1357690EC1; 7886
1DBFD136E04703B; 7886
1DBFD1375123A48; 7886
1DBFD137575E0C0; 7886
1DBFD1375CF0A41; 7886
1DBFD138C6A6BBB; 7886
1DBFD14AD9C51C2; 7896
1DBFD14ADFEDEC8; 7896
1DBFD14AE628540; 7896
1DBFD14AEBBAEC1; 7896
1DBFD14C557103B; 7896
1DBFD14CAD12042; 7896
1DBFD14CB33AD48; 7896
1DBFD14CB9753C0; 7896
1DBFD14CBF07D41; 7896
1DBFD14E28BDEBB; 7896
1DBFD15FE232C28; 7900
1DBFD15FE979E58; 7900
1DBFD15FEF910C2; 7900
1DBFD15FF5B9DC8; 7900
1DBFD15FFBF4440; 7900
1DBFD1600186DC1; 7900
1DBFD1616B3CF3B; 7900
1DBFD16214DDBA8; 7900
1DBFD1621C24DD8; 7900
1DBFD162223C042; 7900
1DBFD1622864D48; 7900
1DBFD1622E9F3C0; 7900
1DBFD1639DE7EBB; 7900
1DBFD1786560128; 7894
1DBFD17869E9230; 7894
1DBFD1786CA7358; 7894
1DBFD17872BE5C2; 7894
1DBFD17878E72C8; 7894
1DBFD17884B42C1; 7894
1DBFD179EE6A43B; 7894
1DBFD17A7B6ED28; 7894
1DBFD17A7FF7E30; 7894
1DBFD17A82B5F58; 7894
1DBFD17A88CD1C2; 7894
1DBFD17A8EF5EC8; 7894
1DBFD17C047903B; 7894
1DBFD1903CE4128; 7903
1DBFD190416D230; 7903
1DBFD190442B358; 7903
1DBFD1904A425C2; 7903
1DBFD1905C382C1; 7903
1DBFD191C5EE43B; 7903
1DBFD19249696A8; 7903
1DBFD1924DF27B0; 7903
1DBFD19250B08D8; 7903
1DBFD193D2739BB; 7903
1DBFD1A67A539A8; 7925
1DBFD1A67EDCAB0; 7925
1DBFD1A699A7B41; 7925
1DBFD1A7A680430; 7925
1DBFD1A8035DCBB; 7925
1DBFD1A92B0163B; 7925
1DBFD1B4F14D1C1; 7953
1DBFD1B65B0333B; 7953
1DBFD1B7CFA1641; 7951
1DBFD1B938970CA; 7951
1DBFD1BABAE2255; 7951
1DBFD1C9D76A041; 7963
1DBFD1CB3BA91D5; 7963
1DBFD1CCDA72C09; 7963
1DBFD1DC8ADBF41; 7977
1DBFD1DDEA46D09; 7977
1DBFD1DF6CAEE51; 7977
1DBFD1EE3CCFEC1; 7983
1DBFD1EF97A1351; 7983
1DBFD1EF981268A; 7983
1DBFD205094C8C1; 7983
1DBFD207326E1C1; 7983
1DBFD21E8DF7D41; 7986
1DBFD220CA2C341; 7986
1DBFD2380919B41; 7986
1DBFD23A3BC4AC1; 7986
1DBFD251843B941; 7987
1DBFD253C06FF41; 7987
1DBFD26AFF5D741; 7988
1DBFD26D32086C1; 7988
1DBFD284AA2E5C1; 7990
1DBFD286E662BC1; 7990
1DBFD29E25503C1; 7995
1DBFD2A04E71CC1; 7995
1DBFD2B6A87D8C1; 7994
1DBFD2B8D19F1C1; 7994
1DBFD2D0239F6C1; 7992
1DBFD2D2564A641; 7992
1DBFD2E99EC14C1; 7992
1DBFD2EBD16C441; 7992
1DBFD30319E32C1; 7992
1DBFD30556178C1; 7992
1DBFD31CA817DC1; 7991
1DBFD31EE44C3C1; 7991
1DBFD336364C8C1; 7994
1DBFD33855E4B41; 7994
1DBFD34F65232C1; 7996
1DBFD35197CE241; 7996
1DBFD368E0450C1; 7998
1DBFD36B12F0041; 7998
1DBFD3828B15F41; 8002
1DBFD384B437841; 8002
1DBFD39B5A8E841; 8000
1DBFD39D96C2E41; 8000
1DBFD3B4D5B0641; 8000
1DBFD3B7085B5C1; 8000
1DBFD3CE50D2441; 8008
1DBFD3D05D579C1; 8008
1DBFD3E57CACF41; 8001
1DBFD3E7761F7C1; 8001
1DBFD3FCA887A41; 8001
1DBFD3FED1A9341; 8001
1DBFD41623A9841; 8011
1DBFD4180A093C1; 8011
1DBFD42C3AF36C1; 8008
1DBFD42E5A8B941; 8008
1DBFD44556B73C1; 8010
1DBFD44792EB9C1; 8010
1DBFD45ED1D91C1; 8014
1DBFD460F171441; 8014
1DBFD477A151AC1; 8027
1DBFD479618BC41; 8027
1DBFD48C01EAE41; 8020
1DBFD48DFB5D6C1; 8020
1DBFD4A26F09741; 8019
1DBFD4A4982B041; 8019
1DBFD4BBE0A1EC1; 8022
1DBFD4BE09C37C1; 8022
1DBFD4D5523A641; 8020
1DBFD4D784E55C1; 8020
1DBFD4EEC3D2DC1; 8021
1DBFD4F0F67DD41; 8021
1DBFD508356B541; 8021
1DBFD50A5E8CE41; 8021
1DBFD521A703CC1; 8028
1DBFD523BD128C1; 8028
1DBFD5391F29BC1; 8021
1DBFD53B0F12DC1; 8021
1DBFD55037F19C1; 8023
1DBFD55261132C1; 8023
1DBFD569B3137C1; 8024
1DBFD56BE5BE741; 8024
1DBFD58324ABF41; 8025
1DBFD5854DCD841; 8025
1DBFD59C96446C1; 8025
1DBFD59EC8EF641; 8025
1DBFD5B607DCE41; 8034
1DBFD5B7EE3C9C1; 8034
1DBFD5CC6B720C1; 8033
1DBFD5CE9E1D041; 8033
1DBFD5E5DD0A841; 8025
1DBFD5E7D67D0C1; 8025
1DBFD5FCB3108C1; 8028
1DBFD5FED2A8B41; 8028
1DBFD615D85DC41; 8027
1DBFD618017F541; 8027
1DBFD62F49F63C1; 8027
1DBFD6317CA1341; 8027
1DBFD648BB8EB41; 8026
1DBFD64AF7C3141; 8026
1DBFD6624039FC1; 8029
1DBFD664695B8C1; 8029
1DBFD67B6F109C1; 8046
1DBFD67CE2FF741; 8046
1DBFD68DDFC0B41; 8043
1DBFD69008E2441; 8043
1DBFD6A6A5AFDC1; 8038
1DBFD6A8BBBE9C1; 8038
1DBFD6BF15CA5C1; 8044
1DBFD6C1224FB41; 8044
1DBFD6D6DA3B8C1; 8050
1DBFD6D8F04A4C1; 8050
1DBFD6EE9EACBC1; 8062
1DBFD6F04FCAD40; 8062
1DBFD703033CC40; 8057
1DBFD70513111C8; 8057
1DBFD71AC1738C8; 8050
1DBFD71CB4BD442; 8050
1DBFD731D4129C2; 8048
1DBFD733F71D058; 8048
1DBFD74B384CCA8; 8044
1DBFD74B3F93ED8; 8044
1DBFD74D5C6E030; 8044
1DBFD76402C5030; 8034
1DBFD99AE462189; 8168
1DBFD99C87FFF89; 8168
1DBFD9ADEDA8B09; 8175
1DBFD9AFE71B389; 8175
1DBFD9C45AC7409; 8182
1DBFD9C65439C89; 8182
1DBFD9DB738F209; 8185
1DBFD9DDA63A189; 8185
1DBFD9F498DC589; 8180
1DBFD9F6B874809; 8180
1DBFDA0D1280409; 8185
1DBFDA0F288F009; 8185
1DBFDA25364F809; 8166
1DBFDA26B3C7C09; 8166
1DBFDA365936609; 8128
1DBFDA38B206F89; 8126
1DBFDA421549589; 8121
1DBFDA43DF0CD89; 8121
1DBFDA56D540A09; 8104
1DBFDA58492F789; 8104
1DBFDA6785B6A09; 8100
1DBFDA699BC5609; 8100
1DBFDA7F53B1389; 8096
1DBFDA817CD2C89; 8096
1DBFDA982329C89; 8120
1DBFDA996769989; 8120
1DBFDAA71CEF189; 8181
1DBFDAA88754889; 8185
1DBFDAA9F1B9F89; 8182
1DBFDAAB6F32389; 8186
1DBFDAADB4F0009; 8186
1DBFDAAF1F55709; 8186
1DBFDAC667CC589; 8208
1DBFDAC7DBBB309; 8208
1DBFDAD6C26DB09; 8212
1DBFDAD8D87C709; 8212
1DBFDAEE9068489; 8220
1DBFDAF09364389; 8220
1DBFDB05666E509; 8233
1DBFDB071D1F009; 8233
1DBFDB1924E7A09; 8248
1DBFDB1AA25FE09; 8248
1DBFDB2A8106F09; 8260
1DBFDB2C1B1B689; 8260
1DBFDB3CE82DA09; 8259
1DBFDB3F2DEB689; 8259
1DBFDB567FEBB89; 8260
1DBFDB58B296B09; 8260
1DBFDB700497009; 8251
1DBFDB71FE09889; 8251
1DBFDB867B3EF89; 8253
1DBFDB88C0FCC09; 8253
1DBFDB9FFFEA409; 8255
1DBFDBA23C1EA09; 8255
1DBFDBB96D992C6; 8286
1DBFDBBA8F9CE89; 8286
1DBFDBC579E0F09; 8288
1DBFDBC7AC8BE89; 8288
1DBFDBDE5C6C509; 8300
1DBFDBE0262FD09; 8300
1DBFDBF31C63989; 8301
1DBFDBF56221609; 8301
1DBFDC0CB421B09; 8301
1DBFDC0EF056109; 8301
1DBFDC2638CCF89; 8315
1DBFDC27F907109; 8315
1DBFDC3A4D1AF09; 8332
1DBFDC3BC109C89; 8332
1DBFDC4AA7BC489; 8341
1DBFDC4C67F6609; 8341
1DBFDC5EBC0A409; 8346
1DBFDC60E52BD09; 8346
1DBFDC76938E409; 8355
1DBFDC7879EDF89; 8355
1DBFDC8CBDEAF89; 8366
1DBFDC8E9137E09; 8366
1DBFDCA17DE2409; 8377
1DBFDCA35AB8909; 8377
1DBFDCB5FB17B09; 8380
1DBFDCB81AAFD89; 8380
1DBFDCCECA90409; 8395
1DBFDCD077B7889; 8395
1DBFDCE23334E89; 8399
1DBFDCE44943A89; 8399
1DBFDCFA5704289; 8402
1DBFDCFC89AF209; 8402
1DBFDD137C51609; 8405
1DBFDD15AEFC589; 8405
1DBFDD2CF773409; 8411
1DBFDD2F170B689; 8411
1DBFDD44C56DD89; 8420
1DBFDD46ABCD909; 8420
1DBFDD5ADCB7C09; 8417
1DBFDD5D0F62B89; 8417
1DBFDD73DA268A1; 8449
1DBFDD74F9F9889; 8449
1DBFDD7F421DA89; 8444
1DBFDD811EF3F89; 8444
1DBFDD94ADBE409; 8452
1DBFDD969DA7609; 8452
1DBFDDAAC508289; 8475
1DBFDDABF635289; 8475
1DBFDDB8BD4F809; 8478
1DBFDDBADCE7A89; 8478
1DBFDDD0EAA8289; 8483
1DBFDDD2F72D809; 8483
1DBFDDE90E77689; 8487
1DBFDDEB4122609; 8487
1DBFDE01E779609; 8493
1DBFDE03EA75509; 8493
1DBFDE1A6AA6B09; 8528
1DBFDE2233D4989; 8551
1DBFDE239E3A089; 8546
1DBFDE25089F789; 8554
1DBFDE267304E89; 8553
1DBFDE269270C4E; 8553
1DBFDE28038FF89; 8553
1DBFDE375F82FCE; 8573
1DBFDE38872694E; 8573
1DBFDE38D0A2309; 8573
1DBFDE39F845C89; 8573
1DBFDE44A2979CE; 8584
1DBFDE460CFD0CE; 8584
1DBFDE4613B6D09; 8584
1DBFDE477E1C409; 8584
1DBFDE55498434E; 8607
1DBFDE5624DC8CE; 8607
1DBFDE5795FBC09; 8607
1DBFDE5F28C0DCE; 8605
1DBFDE6099E0109; 8605
1DBFDE62A665689; 8605
1DBFDE77561984E; 8633
1DBFDE78C738B89; 8633
1DBFDE83F70E3CE; 8637
1DBFDE856470F41; 8637
1DBFDE874E383DE; 8637
1DBFDE9ABA0174E; 8640
1DBFDE9C214255E; 8640
1DBFDE9E3A1ED9C; 8640
1DBFDEB3D5C544E; 8646
1DBFDEB5364A81C; 8646
1DBFDEB745F6DC6; 8646
1DBFDECB9A3674E; 8638
1DBFDECCF4594C6; 8638
1DBFDECEDE35A71; 8638
1DBFDEE25D29ACE; 8646
1DBFDEE3B13FBF1; 8646
1DBFDEE59B31E47; 8646
1DBFDEF8D3D1A4E; 8647
1DBFDEFA1D126A1; 8647
1DBFDEFA21F0BC7; 8647
1DBFDF12620654E; 8648
1DBFDF148B27E4E; 8648
1DBFDF2BD39ECCE; 8652
1DBFDF2DFCC05CE; 8652
1DBFDF44ACA0C4E; 8652
1DBFDF46D5C254E; 8652
1DBFDF5E1E393CE; 8656
1DBFDF603DD164E; 8656
1DBFDF76E42864E; 8656
1DBFDF7916D35CE; 8656
1DBFDF9055C0DCE; 8654
1DBFDF927EE26CE; 8654
1DBFDFA9E3F58CE; 8658
1DBFDFAC038DB4E; 8658
1DBFDFC2A9E4B4E; 8659
1DBFDFC4D30644E; 8659
1DBFDFDC1B7D2CE; 8660
1DBFDFDE449EBCE; 8660
1DBFDFF58D15A4E; 8659
1DBFDFF7BFC09CE; 8659
1DBFE00EFEAE1CE; 8664
1DBFE01114BCDCE; 8664
1DBFE0276EC89CE; 8663
1DBFE029A17394E; 8663
1DBFE040E9EA7CE; 8672
1DBFE042C6C0CCE; 8672
1DBFE0574D7FA4E; 8660
1DBFE0590DB9BCE; 8660
1DBFE06BAE18DCE; 8669
1DBFE06D8165C4E; 8669
1DBFE08110300CE; 8670
1DBFE08339519CE; 8670
1DBFE09A81C884E; 8664
1DBFE09C84C474E; 8664
1DBFE0B23CB04CE; 8669
1DBFE0B452BF0CE; 8669
1DBFE0CA56F624E; 8662
1DBFE0CC46DF44E; 8662
1DBFE0E16FBE04E; 8666
1DBFE0E398DF94E; 8666
1DBFE0FA35AD2CE; 8671
1DBFE0FC4BBBECE; 8671
1DBFE112A5C7ACE; 8667
1DBFE114BBD66CE; 8667
1DBFE12B75403CE; 8667
1DBFE12D9E61CCE; 8667
1DBFE144E6D8B4E; 8671
1DBFE1470FFA44E; 8671
1DBFE15DB65144E; 8670
1DBFE15FDF72D4E; 8670
1DBFE177317324E; 8678
1DBFE1790E4974E; 8678
1DBFE18DEADCF4E; 8666
1DBFE18FB4A074E; 8666
1DBFE1A24B762CE; 8676
1DBFE1A40BB044E; 8676
1DBFE1B6E547D4E; 8672
1DBFE1B8E843C4E; 8672
1DBFE1CF1C29E4E; 8671
1DBFE1D161E7ACE; 8671
1DBFE1E8C6FACCE; 8671
1DBFE1EAD38024E; 8671
1DBFE202389344E; 8673
1DBFE2046B3E3CE; 8673
1DBFE21BAA2BBCE; 8669
1DBFE21DC9C3E4E; 8669
1DBFE234701AE4E; 8671
1DBFE236993C74E; 8671
1DBFE24DE1B35CE; 8682
1DBFE24FB50044E; 8682
1DBFE26343CA8CE; 8681
1DBFE2656CEC1CE; 8681
1DBFE27CBEEC6CE; 8688
1DBFE27EB85EF4E; 8688
1DBFE29423FF8CE; 8683
1DBFE2963084E4E; 8683
1DBFE2AC34BBFCE; 8682
1DBFE2AE5DDD8CE; 8682
1DBFE2C5A65474E; 8690
1DBFE2C78CB42CE; 8690
1DBFE2DC5FBE44E; 8680
1DBFE2DE3C9494E; 8680
1DBFE2F1C1D574E; 8676
1DBFE2F3D7E434E; 8676
1DBFE30A31EFF4E; 8671
1DBFE30C34EBE4E; 8671
1DBFE32255BF34E; 8680
1DBFE324329584E; 8680
1DBFE3386D091CE; 8698
1DBFE339E0F7F4E; 8698
1DBFE34913F5B4E; 8698
1DBFE34B3D1744E; 8698
1DBFE362858E2CE; 8700
1DBFE364AEAFBCE; 8700
1DBFE37BF726A4E; 8715
1DBFE37DADD754E; 8715
1DBFE38FAC168CE; 8726
1DBFE391593DD4E; 8726
1DBFE3A3B6DB1CE; 8726
1DBFE3A5E98614E; 8726
1DBFE3BD287394E; 8724
1DBFE3BF519524E; 8724
1DBFE3D69A0C0CE; 8727
1DBFE3D8C32D9CE; 8727
1DBFE3F00BA484E; 8720
1DBFE3F131EFA38; 8720
1DBFE4069406D38; 8719
1DBFE408BD28638; 8719
1DBFE420059F4B8; 8738
1DBFE4218CA0F38; 8738
1DBFE431AE09DB8; 8746
1DBFE43377CD5B8; 8746
1DBFE446BA4C638; 8744
1DBFE448ECF75B8; 8744
1DBFE4602BE4DB8; 8751
1DBFE4622EE0CB8; 8751
1DBFE4779A81638; 8744
1DBFE47993F3EB8; 8744
1DBFE48EB349438; 8751
1DBFE490ACBBCB8; 8751
1DBFE4A5CC11238; 8752
1DBFE4A7F532B38; 8752
1DBFE4BF3DA99B8; 8753
1DBFE4C18367638; 8753
1DBFE4D8C254E38; 8751
1DBFE4DAE1ED0B8; 8751
1DBFE4F233ED5B8; 8748
1DBFE4F46698538; 8748
1DBFE50BAF0F3B8; 8746
1DBFE50DE1BA338; 8746
1DBFE52533BA838; 8743
1DBFE52766657B8; 8743
1DBFE53EAEDC638; 8738
1DBFE540C4EB238; 8738
1DBFE5571EF6E38; 8724
1DBFE558D5A7938; 8724
1DBFE56AD3E6CB8; 8715
1DBFE56CA733B38; 8715
1DBFE57FE9B2BB8; 8710
1DBFE581F638138; 8710
1DBFE597AE23EB8; 8707
1DBFE599E0CEE38; 8707
1DBFE5B0D371238; 8690
1DBFE5B263FC338; 8690
1DBFE5C3310E6B8; 8688
1DBFE5C563B9638; 8688
1DBFE5DCAC304B8; 8677
1DBFE5DE9290038; 8677
1DBFE5F217D0E38; 8672
1DBFE5F42DDFA38; 8672
1DBFE609EF54E38; 8663
1DBFE60BD5B49B8; 8663
1DBFE620069ECB8; 8658
1DBFE6221CAD8B8; 8658
1DBFE6382A6E0B8; 8659
1DBFE63A702BD38; 8659
1DBFE651AF19538; 8658
1DBFE653EB4DB38; 8658
1DBFE66B5060D38; 8635
1DBFE66C9E2A0B8; 8635
1DBFE67AFF58DB8; 8623
1DBFE67C865A838; 8623
1DBFE68BE158C68; 8594
1DBFE68D07217B8; 8594
1DBFE69219FB9E8; 8585
1DBFE69352D7238; 8585
1DBFE69B84EC838; 8582
1DBFE69D9171DB8; 8582
1DBFE6B25AF28B8; 8607
1DBFE6B3790CBB8; 8607
1DBFE6BE7D76F97; 8648
1DBFE6BFA790938; 8648
1DBFE6C111F6038; 8643
1DBFE6C15959B27; 8648
1DBFE6C27C5B738; 8648
1DBFE6C3E6C0E38; 8647
1DBFE6C46081EC0; 8647
1DBFE6C58A5EC38; 8647
1DBFE6D58627484; 8615
1DBFE6D596701EA; 8615
1DBFE6D6B6CF0B8; 8615
1DBFE6DA5169717; 8600
1DBFE6DB7B830B8; 8600
1DBFE6DCAA3A097; 8602
1DBFE6DDD453A38; 8602
1DBFE6E5AE1E597; 8611
1DBFE6E6D837F38; 8611
1DBFE6E835779EB; 8611
1DBFE6F55D16617; 8616
1DBFE6F68D1D06B; 8616
1DBFE6F7F3704E8; 8616
1DBFE70CE3169E8; 8603
1DBFE70E99C74E8; 8603
1DBFE720A18FEE8; 8607
1DBFE722D43AE68; 8607
1DBFE738915F417; 8647
1DBFE739B3CA568; 8647
1DBFE73FB334BE8; 8630
1DBFE7411D9A2E8; 8638
1DBFE742A49BD68; 8634
1DBFE7440F01468; 8626
1DBFE74578B6F54; 8628
1DBFE7469780E68; 8628
1DBFE75042BDA17; 8612
1DBFE751A7EA8E8; 8612
1DBFE75A092DB16; 8600
1DBFE75B27C9268; 8600
1DBFE76486BAA17; 8619
1DBFE765C5C1EE8; 8619
1DBFE76AC3AE5E8; 8634
1DBFE76C2E13CE8; 8637
1DBFE76FA4FE968; 8634
1DBFE77118ED6E8; 8634
1DBFE77FFF9FEE8; 8639
1DBFE7820C25468; 8639
1DBFE7972B7A9E8; 8662
1DBFE7987943D68; 8662
1DBFE7A5D8F4AE8; 8676
1DBFE7A726BDE68; 8676
1DBFE7B4E5CCCE8; 8682
1DBFE7B6DF3F568; 8682
1DBFE7CAC3DE468; 8700
1DBFE7CC2E43B68; 8700
1DBFE7DB7454468; 8702
1DBFE7DDC39B768; 8702
1DBFE7F50288F68; 8698
1DBFE7F72BAA868; 8698
1DBFE80DE514568; 8689
1DBFE80FF199AE8; 8689
1DBFE8246545B68; 8686
1DBFE82697F0AE8; 8686
1DBFE83D646D4E8; 8692
1DBFE83F8405768; 8692
1DBFE8553BF14E8; 8703
1DBFE8572251068; 8703
1DBFE86A5B46A68; 8704
1DBFE86CA1046E8; 8704
1DBFE883E97B568; 8698
1DBFE88609137E8; 8698
1DBFE89BE724F68; 8696
1DBFE89E2CE2BE8; 8696
1DBFE8B57559A68; 8702
1DBFE8B794F1CE8; 8702
1DBFE8CCAFF6417; 8737
1DBFE8CE15232E8; 8737
1DBFE8D5E7DA7E8; 8739
1DBFE8D7FDE93E8; 8739
1DBFE8EDBF5E7E8; 8757
1DBFE8EF4FE98E8; 8757
1DBFE8FF2507368; 8772
1DBFE9008F6CA68; 8772
1DBFE90F3CE6B68; 8788
1DBFE91080EA0AA; 8788
1DBFE91DE09AE2A; 8800
1DBFE91F5489BAA; 8800
1DBFE92E9110E2A; 8800
1DBFE930D00D97D; 8800
1DBFE94688B3EAC; 8809
1DBFE948220DE7D; 8809
1DBFE948822672C; 8809
1DBFE94A1571AA0; 8809
1DBFE95CF863AFB; 8812
1DBFE95CFF5BE2C; 8812
1DBFE95E92A71A0; 8812
1DBFE95F34980FB; 8812
1DBFE95F3B9042C; 8812
1DBFE960C8253D4; 8812
1DBFE97620216E8; 8819
1DBFE976273A4FB; 8819
1DBFE9762E3282C; 8819
1DBFE977BAC77D4; 8819
1DBFE9782CA6C68; 8819
1DBFE97833BFA7B; 8819
1DBFE9783AB7DAC; 8819
1DBFE979C134B24; 8819
1DBFE98D91CEBF0; 8821
1DBFE98D98475E8; 8821
1DBFE98D9F603FB; 8821
1DBFE98DA65872C; 8821
1DBFE98F2CD54A4; 8821
1DBFE98FCE031F0; 8821
1DBFE98FD47BBE8; 8821
1DBFE991622886A; 8821
1DBFE9A70F7E0A7; 8830
1DBFE9A7167A070; 8830
1DBFE9A71CF2A68; 8830
1DBFE9A72B03BAC; 8830
1DBFE9A8AA9F6EA; 8830
1DBFE9A91279FA7; 8830
1DBFE9A91975F70; 8830
1DBFE9AAA7B0516; 8830
1DBFE9BD7F1C0FC; 8830
1DBFE9BD8626027; 8830
1DBFE9BD8D21FF0; 8830
1DBFE9BDA1ABB2C; 8830
1DBFE9BF1B5C596; 8830
1DBFE9BFBB506FC; 8830
1DBFE9BFC25A627; 8830
1DBFE9BFC9565F0; 8830
1DBFE9C150A47BB; 8830
1DBFE9D6FC9D4D1; 8839
1DBFE9D703C757C; 8839
1DBFE9D70AD14A7; 8839
1DBFE9D711CD470; 8839
1DBFE9D72656FAC; 8839
1DBFE9D8991B63B; 8839
1DBFE9D8FF993D1; 8839
1DBFE9D906C347C; 8839
1DBFE9D90DCD3A7; 8839
1DBFE9D914C9370; 8839
1DBFE9DA961A449; 8839
1DBFE9ED761C833; 8852
1DBFE9ED7CCEAD1; 8852
1DBFE9ED83F8B7C; 8852
1DBFE9ED8B02AA7; 8852
1DBFE9ED91FEA70; 8852
1DBFE9EDA6885AC; 8852
1DBFE9EF134FB49; 8852
1DBFE9EF2343CB3; 8852
1DBFE9EF29F5F51; 8852
1DBFE9EF311FFFC; 8852
1DBFE9EF3829F27; 8852
1DBFE9EF3F25EF0; 8852
1DBFE9F0BB42A92; 8852
1DBFEA012DB2FD4; 8863
1DBFEA013495D33; 8863
1DBFEA013B47FD1; 8863
1DBFEA01427207C; 8863
1DBFEA01497BFA7; 8863
1DBFEA015077F70; 8863
1DBFEA016501AAC; 8863
1DBFEA02CC94B12; 8863
1DBFEA02EDED154; 8863
1DBFEA02F4CFEB3; 8863
1DBFEA02FB82151; 8863
1DBFEA0302AC1FC; 8863
1DBFEA0309B6127; 8863
1DBFEA0310B20F0; 8863
1DBFEA043235517; 8863
1DBFEA1545249CE; 8876
1DBFEA154B8A5D4; 8876
1DBFEA15526D333; 8876
1DBFEA15591F5D1; 8876
1DBFEA15604967C; 8876
1DBFEA1567535A7; 8876
1DBFEA156E4F570; 8876
1DBFEA168FD2997; 8876
1DBFEA16DF3914E; 8876
1DBFEA16E59ED54; 8876
1DBFEA16EC81AB3; 8876
1DBFEA16F333D51; 8876
1DBFEA16FA5DDFC; 8876
1DBFEA170167D27; 8876
1DBFEA170863CF0; 8876
1DBFEA1829E7117; 8876
1DBFEA27F1F80BB; 8876
1DBFEA27F8968CE; 8876
1DBFEA27FEFC4D4; 8876
1DBFEA2805DF233; 8876
1DBFEA280C914D1; 8876
1DBFEA2813BB57C; 8876
1DBFEA281AC54A7; 8876
1DBFEA2821C1470; 8876
1DBFEA294344897; 8876
1DBFEA2A37B5D3B; 8876
1DBFEA2A3E5454E; 8876
1DBFEA2A44BA154; 8876
1DBFEA2A4B9CEB3; 8876
1DBFEA2A524F151; 8876
1DBFEA2A59791FC; 8876
1DBFEA2A6083127; 8876
1DBFEA2A677F0F0; 8876
1DBFEA2B8902517; 8876
1DBFEA419F8090F; 8884
1DBFEA41A6525BB; 8884
1DBFEA41ACF0DCE; 8884
1DBFEA41B3569D4; 8884
1DBFEA41BA39733; 8884
1DBFEA41C0EB9D1; 8884
1DBFEA41C815A7C; 8884
1DBFEA41D61B970; 8884
1DBFEA42F79ED97; 8884
1DBFEA4398F318F; 8884
1DBFEA439FC4E3B; 8884
1DBFEA43A66364E; 8884
1DBFEA43ACC9254; 8884
1DBFEA43B3ABFB3; 8884
1DBFEA43BA5E251; 8884
1DBFEA43C1882FC; 8884
1DBFEA44F111617; 8884
1DBFEA58821BAF8; 8895
1DBFEA58889968F; 8895
1DBFEA588F6B33B; 8895
1DBFEA589609B4E; 8895
1DBFEA589C6F754; 8895
1DBFEA58A3524B3; 8895
1DBFEA58AA04751; 8895
1DBFEA58BF346F0; 8895
1DBFEA59E0B7B17; 8895
1DBFEA5A5568978; 8895
1DBFEA5A5BE650F; 8895
1DBFEA5A62B81BB; 8895
1DBFEA5A69569CE; 8895
1DBFEA5A6FBC5D4; 8895
1DBFEA5A769F333; 8895
1DBFEA5A7D515D1; 8895
1DBFEA5BB404997; 8895
1DBFEA6D90E832A; 8894
1DBFEA6D97E79F8; 8894
1DBFEA6D9E6558F; 8894
1DBFEA6DA53723B; 8894
1DBFEA6DABD5A4E; 8894
1DBFEA6DB23B654; 8894
1DBFEA6DB91E3B3; 8894
1DBFEA6DD5005F0; 8894
1DBFEA6EF683A17; 8894
1DBFEA6FC3932AA; 8894
1DBFEA6FCA92978; 8894
1DBFEA6FD11050F; 8894
1DBFEA6FD7E21BB; 8894
1DBFEA6FDE809CE; 8894
1DBFEA6FE4E65D4; 8894
1DBFEA6FEBC9333; 8894
1DBFEA71292E997; 8894
1DBFEA870581844; 8923
1DBFEA870C0A12A; 8923
1DBFEA8713097F8; 8923
1DBFEA87198738F; 8923
1DBFEA87205903B; 8923
1DBFEA8726F784E; 8923
1DBFEA872D5D454; 8923
1DBFEA8750223F0; 8923
1DBFEA882D251C4; 8923
1DBFEA8833ADAAA; 8923
1DBFEA883AAD178; 8923
1DBFEA88412AD0F; 8923
1DBFEA8847FC9BB; 8923
1DBFEA884E9B1CE; 8923
1DBFEA885500DD4; 8923
1DBFEA8871A5817; 8923
1DBFEA899949197; 8923
1DBFEA93F55932E; 8949
1DBFEA93FC4AE44; 8949
1DBFEA93FC935F2; 8949
1DBFEA9402D372A; 8949
1DBFEA9409D2DF8; 8949
1DBFEA94105098F; 8949
1DBFEA94172263B; 8949
1DBFEA941DC0E4E; 8949
1DBFEA9446EB9F0; 8949
1DBFEA95686EE17; 8949
1DBFEA95BF1CB2E; 8949
1DBFEA95C60E644; 8949
1DBFEA95C656DF2; 8949
1DBFEA95CC96F2A; 8949
1DBFEA95D3965F8; 8949
1DBFEA95DA1418F; 8949
1DBFEA95E0E5E3B; 8949
1DBFEA9642C4A42; 8949
1DBFEA9644A062E; 8949
1DBFEA964B92144; 8949
1DBFEA964BDA8F2; 8949
1DBFEA96521AA2A; 8949
1DBFEA96591A0F8; 8949
1DBFEA965F97C8F; 8949
1DBFEA96666993B; 8949
1DBFEA969632CF0; 8949
1DBFEA97B7B6117; 8949
1DBFEA97EFEBEC2; 8949
1DBFEA97F1C7AAE; 8949
1DBFEA97F8B95C4; 8949
1DBFEA97F901D72; 8949
1DBFEA97FF41EAA; 8949
1DBFEA980641578; 8949
1DBFEA980CBF10F; 8949
1DBFEA9964DD597; 8949
1DBFEAAF3862D42; 8979
1DBFEAAF3A3E92E; 8979
1DBFEAAF4130444; 8979
1DBFEAAF4178BF2; 8979
1DBFEAAF47B8D2A; 8979
1DBFEAAF4EB83F8; 8979
1DBFEAAF7DCB0FC; 8979
1DBFEAB04CF39C2; 8979
1DBFEAB04ECF5AE; 8979
1DBFEAB055C10C4; 8979
1DBFEAB05609872; 8979
1DBFEAB05C499AA; 8979
1DBFEAB06349078; 8979
1DBFEAB0A07E953; 8979
1DBFEAB1C1E5097; 8979
1DBFEABB79F97C2; 8981
1DBFEABB7BD53AE; 8981
1DBFEABB82C6EC4; 8981
1DBFEABB830F672; 8981
1DBFEABB894F7AA; 8981
1DBFEABBCD67A70; 8981
1DBFEABCEEEAE97; 8981
1DBFEABDA31B0C2; 8981
1DBFEABDA4F6CAE; 8981
1DBFEABDABE87C4; 8981
1DBFEABDAC30F72; 8981
1DBFEABF180C797; 8981
1DBFEAD449720C2; 8997
1DBFEAD44B4DCAE; 8997
1DBFEAD45287F72; 8997
1DBFEAD49CE0370; 8997
1DBFEAD5BE63797; 8997
1DBFEAD5F699542; 8997
1DBFEAD5F87512E; 8997
1DBFEAD5FFAF3F2; 8997
1DBFEAD76B8AC17; 8997
1DBFEAE70FF6CC2; 9013
1DBFEAE76364F70; 9013
1DBFEAE85DC0042; 9013
1DBFEAE884E8397; 9013
1DBFEAE9D2B1717; 9013
1DBFEAF76831A70; 9029
1DBFEAF889B4E97; 9029
1DBFEAF9CDF4B97; 9029
1DBFEB0620AC02C; 9051
1DBFEB07D94EE17; 9051
1DBFEB0E3E37AF0; 9068
1DBFEB0F5FBAF17; 9068
1DBFEB10CA20617; 9069
1DBFEB125839E27; 9069
1DBFEB21AD54F68; 9070
1DBFEB22CF77727; 9070
1DBFEB2504D0BC0; 9070
1DBFEB3B21FE370; 9068
1DBFEB3C43BE3C0; 9068
1DBFEB3E6F9E484; 9068
1DBFEB5496241A7; 9075
1DBFEB55B815304; 9075
1DBFEB57B4C99D3; 9075
1DBFEB6BFDB6AFC; 9079
1DBFEB6D206A353; 9079
1DBFEB6F3970745; 9079
1DBFEB84BC7BCD1; 9083
1DBFEB85DFC7745; 9083
1DBFEB88024ACC5; 9083
1DBFEB9D7BB8CB3; 9084
1DBFEB9E9F18645; 9084
1DBFEB9FD54632C; 9084
1DBFEBB71DBD1AC; 9088
1DBFEBB946DEAAC; 9088
1DBFEBCFE3AC42C; 9091
1DBFEBD20CCDD2C; 9091
1DBFEBE95544BAC; 9089
1DBFEBEB87EFB2C; 9089
1DBFEC02C6DD32C; 9100
1DBFEC04A3B382C; 9100
1DBFEC1828F462C; 9095
1DBFEC1A3579BAC; 9095
1DBFEC2FED6592C; 9101
1DBFEC31F9EAEAC; 9101
1DBFEC47B1D6C2C; 9104
1DBFEC49D16EEAC; 9104
1DBFEC60CD9A92C; 9105
1DBFEC6300458AC; 9105
1DBFEC7A3F330AC; 9110
1DBFEC7C5541CAC; 9110
1DBFEC92AF4D8AC; 9107
1DBFEC94D86F1AC; 9107
1DBFECAC20E602C; 9104
1DBFECAE5390FAC; 9104
1DBFECC5927E7AC; 9108
1DBFECC7B216A2C; 9108
1DBFECDE6B8072C; 9108
1DBFECE094A202C; 9108
1DBFECF7DD18EAC; 9111
1DBFECFA0FC3E2C; 9111
1DBFED114EB162C; 9112
1DBFED1377D2F2C; 9112
1DBFED2AC049DAC; 9112
1DBFED2CE96B6AC; 9112
1DBFED4431E252C; 9111
1DBFED46648D4AC; 9111
1DBFED5DA37ACAC; 9111
1DBFED5FCC9C5AC; 9111
1DBFED77151342C; 9112
1DBFED793E34D2C; 9112
1DBFED9086ABBAC; 9115
1DBFED92AFCD4AC; 9115
1DBFEDA9F84432C; 9116
1DBFEDAC2AEF2AC; 9116
1DBFEDC369DCAAC; 9120
1DBFEDC58974D2C; 9120
1DBFEDDC2FCBD2C; 9122
1DBFEDDE58ED62C; 9122
1DBFEDF5A1644AC; 9127
1DBFEDF7B7730AC; 9127
1DBFEE0E117ECAC; 9121
1DBFEE10278D8AC; 9121
1DBFEE25DF7962C; 9123
1DBFEE27FF118AC; 9123
1DBFEE3F5111DAC; 9125
1DBFEE417A336AC; 9125
1DBFEE58C2AA52C; 9124
1DBFEE5AEBCBE2C; 9124
1DBFEE723442CAC; 9125
1DBFEE745D645AC; 9125
1DBFEE8BC2777AC; 9126
1DBFEE8DEB990AC; 9126
1DBFEEA5340FF2C; 9129
1DBFEEA75D3182C; 9129
1DBFEEBEA5A86AC; 9127
1DBFEEC0CEC9FAC; 9127
1DBFEED81740E2C; 9131
1DBFEEDA36D90AC; 9131
1DBFEEF0DD300AC; 9130
1DBFEEF2FF5967B; 9130
1DBFEF0A47D04FB; 9127
1DBFEF0C7362668; 9127
1DBFEF23BBD94E8; 9133
1DBFEF25AED3370; 9133
1DBFEF3B7048770; 9134
1DBFEF3D9BF7727; 9134
1DBFEF54DAE4F27; 9135
1DBFEF56F37327C; 9135
1DBFEF6E4EFCDFC; 9135
1DBFEF7070F4651; 9135
1DBFEF87C2F4B51; 9140
1DBFEF89C8C7E33; 9140
1DBFEFA02C5D0B3; 9136
1DBFEFA245125D4; 9136
1DBFEFB8E1DFF54; 9143
1DBFEFBAD4ECBCE; 9143
1DBFEFD0408D54E; 9138
1DBFEFD246742BB; 9138
1DBFEFE84AAB43B; 9134
1DBFEFEA6371A0F; 9134
1DBFF00109C8A0F; 9128
1DBFF0031959A78; 9128
1DBFF018DACEE78; 9128
1DBFF01AF367A2A; 9128
1DBFF0324567F2A; 9134
1DBFF0344B64BC4; 9134
1DBFF04A0350944; 9135
1DBFF04C258072E; 9135
1DBFF0636DF75AE; 9125
1DBFF0637531872; 9125
1DBFF065527B542; 9125
1DBFF07979DC1C2; 9118
1DBFF132B22FB0D; 9133
1DBFF134988F68D; 9133
1DBFF1497522E8D; 9140
1DBFF14B6E9570D; 9140
1DBFF1608DEAC8D; 9129
1DBFF1626AC118D; 9129
1DBFF1769BAB48D; 9103
1DBFF18139A410D; 9095
1DBFF182CA2F20D; 9095
1DBFF193974158D; 9081
1DBFF1951E4300D; 9081
1DBFF1A4F360A8D; 9066
1DBFF1A6543CB0D; 9066
1DBFF1B4F82D58D; 9058
1DBFF1B6D503A8D; 9058
1DBFF1C9D4C0D8D; 9045
1DBFF1CB6ED550D; 9045
1DBFF1DCE790D8D; 9038
1DBFF1DEE10360D; 9038
1DBFF1F35E38D0D; 9030
1DBFF1F557AB58D; 9030
1DBFF209D4E0C8D; 9020
1DBFF20BB1B718D; 9020
1DBFF21F408160D; 9063
1DBFF221B5EE30D; 9063
1DBFF2239C4DE8D; 9063
1DBFF23ADB3B68D; 9081
1DBFF23C754FE0D; 9081
1DBFF24CEC8D70D; 9069
1DBFF24E7D1880D; 9069
1DBFF25F705058D; 9066
1DBFF261AC84B8D; 9066
1DBFF27852DBB8D; 9065
1DBFF27A8586B0D; 9065
1DBFF291D78700D; 9049
1DBFF29384AE48D; 9049
1DBFF2A4EA5700D; 9045
1DBFF2A71D01F8D; 9045
1DBFF2BD213910D; 9041
1DBFF2BF4A5AA0D; 9041
1DBFF2D5FA3B08D; 9034
1DBFF2D819D330D; 9034
1DBFF2ED8573C8D; 9024
1DBFF2EF755CE8D; 9024
1DBFF3030DB098D; 9019
1DBFF3051A35F0D; 9019
1DBFF31AEEBE00D; 9018
1DBFF31D2AF260D; 9018
1DBFF333EEDE5EA; 9020
1DBFF3347CF2B0D; 9020
1DBFF336C2B078D; 9020
1DBFF34D703BF1D; 9007
1DBFF34E019DF8D; 9007
1DBFF34FDE7448D; 9007
1DBFF3627ED368D; 9000
1DBFF36481CF58D; 9000
1DBFF379088E30D; 8997
1DBFF37B44C290D; 8997
1DBFF39240EE38D; 8991
1DBFF394608660D; 8991
1DBFF3A9CA047FA; 9025
1DBFF3AAFD53F8D; 9025
1DBFF3B307213FA; 9039
1DBFF3B430E750D; 9039
1DBFF3BBADC9F8D; 9043
1DBFF3BD8116E0D; 9043
1DBFF3D0774AA8D; 9045
1DBFF3D2C691D8D; 9045
1DBFF3EA057F58D; 9050
1DBFF3EC382A50D; 9050
1DBFF402272C1FA; 9082
1DBFF4037717D0D; 9082
1DBFF40D26A570D; 9089
1DBFF40EDD5620D; 9089
1DBFF41F82203FA; 9115
1DBFF420BEF920D; 9115
1DBFF429FC15E0D; 9132
1DBFF42EB74078D; 9142
1DBFF431341437A; 9146
1DBFF4327A7680D; 9146
1DBFF43B87E438D; 9157
1DBFF43CC29AA0D; 9157
1DBFF4487301B7A; 9173
1DBFF449DF89A0D; 9173
1DBFF454C6AD5E0; 9188
1DBFF455E7E7D8D; 9188
1DBFF460268290D; 9195
1DBFF461D3A9D8D; 9195
1DBFF47342DBF8D; 9209
1DBFF474D36708D; 9209
1DBFF484FE5958D; 9219
1DBFF486BE9370D; 9219
1DBFF498C65C10D; 9226
1DBFF49AD2E168D; 9226
1DBFF4AF468D70D; 9234
1DBFF4B1498960D; 9234
1DBFF4C5D9D1A0D; 9242
1DBFF4C7C9BAC0D; 9242
1DBFF4DC507998D; 9244
1DBFF4DE963760D; 9244
1DBFF4F5D524E0D; 9247
1DBFF4F8115940D; 9247
1DBFF50F59D028D; 9243
1DBFF5119F8DF0D; 9243
1DBFF5283C5B88D; 9238
1DBFF52A5BF3B0D; 9238
1DBFF540733D98D; 9249
1DBFF5425013E8D; 9249
1DBFF55585E93E0; 9273
1DBFF556A723B8D; 9273
1DBFF5623D1110D; 9281
1DBFF563F3C1C0D; 9281
1DBFF5754FE110D; 9296
1DBFF576E06C20D; 9296
1DBFF5865FB520D; 9304
1DBFF588330208D; 9304
1DBFF59B7F0A78D; 9324
1DBFF59CDFE680D; 9324
1DBFF5AAD82DD8D; 9331
1DBFF5ACB50428D; 9331
1DBFF5BFF78330D; 9340
1DBFF5C1DDE2E8D; 9340
1DBFF5D56CAD30D; 9348
1DBFF5D75C9650D; 9348
1DBFF5EB8D8080D; 9350
1DBFF5EDC9B4E0D; 9350
1DBFF605122BC8D; 9357
1DBFF6071893E47; 9357
1DBFF61C8327771; 9360
1DBFF61C84347C7; 9360
1DBFF61EB9DC660; 9360
1DBFF635AC7EA60; 9362
1DBFF637E20E47A; 9362
1DBFF64F2A852FA; 9365
1DBFF6510EFE0FA; 9365
1DBFF6685774F7A; 9372
1DBFF66A63FA4FA; 9372
1DBFF67FCF9AE7A; 9388
1DBFF6817338C7A; 9388
1DBFF69236C197A; 9388
1DBFF69472F5F7A; 9388
1DBFF6ABBB6CDFA; 9397
1DBFF6ADB4DF67A; 9397
1DBFF6C23214D7A; 9401
1DBFF6C311F6F6A; 9401
1DBFF6C464BFCFA; 9401
1DBFF6D9B84DF6A; 9406
1DBFF6DB0B16CFA; 9406
1DBFF6DBCE5CB6A; 9406
1DBFF6DBCF24DCD; 9406
1DBFF6DD21258FA; 9406
1DBFF6F1E5A69EA; 9417
1DBFF6F1E66EC4D; 9417
1DBFF6F3386F77A; 9417
1DBFF6F3BC77229; 9417
1DBFF6F3C27CEEA; 9417
1DBFF6F3C34514D; 9417
1DBFF6F51545C7A; 9417
1DBFF706F56CC29; 9423
1DBFF706FB728EA; 9423
1DBFF706FC3AB4D; 9423
1DBFF7084E3B67A; 9423
1DBFF70901F21A9; 9423
1DBFF70907F7E6A; 9423
1DBFF70908C00CD; 9423
1DBFF70A5AC0BFA; 9423
1DBFF71E6D92B29; 9465
1DBFF71E73987EA; 9465
1DBFF71E7460A4D; 9465
1DBFF71ED67A2A9; 9465
1DBFF71EDC7FF6A; 9465
1DBFF71EDD481CD; 9465
1DBFF7202F48CFA; 9465
1DBFF7233BD01A9; 9467
1DBFF72341D5E6A; 9467
1DBFF723429E0CD; 9467
1DBFF724949EBFA; 9467
1DBFF72518A66A9; 9467
1DBFF7251EAC36A; 9467
1DBFF7251F745CD; 9467
1DBFF72671750FA; 9467
1DBFF738FD455A9; 9476
1DBFF739034B26A; 9476
1DBFF73904134CD; 9476
1DBFF73A5613FFA; 9476
1DBFF73AE3A5129; 9476
1DBFF73AE9AADEA; 9476
1DBFF73AEA7304D; 9476
1DBFF73C3C73B7A; 9476
1DBFF74EBEBA9A9; 9489
1DBFF74EC4C066A; 9489
1DBFF74EC5888CD; 9489
1DBFF75017893FA; 9489
1DBFF75062587A9; 9489
1DBFF75069266CD; 9489
1DBFF751BB271FA; 9489
1DBFF7621DD5DA9; 9488
1DBFF76223DBA6A; 9488
1DBFF76376A47FA; 9488
1DBFF765B2D8DFA; 9488
1DBFF77B9EFD86A; 9506
1DBFF77CF1C65FA; 9506
1DBFF77E8BDAD7A; 9506
1DBFF78DA6C626A; 9523
1DBFF78EF98EFFA; 9523
1DBFF790475837A; 9523
1DBFF79CF6601EA; 9530
1DBFF79E4928F7A; 9530
1DBFF7A01C75DFA; 9530
1DBFF7B20C2C0EA; 9538
1DBFF7B35798608; 9538
1DBFF7B35EF4E7A; 9538
1DBFF7B53FB4C7A; 9538
1DBFF7C82CFF5EA; 9542
1DBFF7C97A285FA; 9542
1DBFF7CB9346796; 9542
1DBFF7E0A6A346A; 9538
1DBFF7E1ED52396; 9538
1DBFF7E40FE053B; 9538
1DBFF7F9761BD6A; 9543
1DBFF7FAB63753B; 9543
1DBFF7FCD8E7D01; 9543
1DBFF811F94926A; 9543
1DBFF81332F3901; 9543
1DBFF8155563A27; 9543
1DBFF82B746B06A; 9547
1DBFF82CA4297EA; 9547
1DBFF82CA763F27; 9547
1DBFF82EC9FD59D; 9547
1DBFF84443E396A; 9550
1DBFF845705459D; 9550
1DBFF85D72BA36A; 9554
1DBFF85F92525EA; 9554
1DBFF87638A95EA; 9557
1DBFF87874DDBEA; 9557
1DBFF88F7A92CEA; 9557
1DBFF8919A2AF6A; 9557
1DBFF8A8F5B4AEA; 9569
1DBFF8AABF782EA; 9569
1DBFF8BE0B809EA; 9565
1DBFF8C02B18C6A; 9565
1DBFF8D67B9B1EA; 9574
1DBFF8D8750DA6A; 9574
1DBFF8ECE8B9AEA; 9564
1DBFF8EEBC0696A; 9564
1DBFF9024AD0DEA; 9574
1DBFF90414945EA; 9574
1DBFF917571366A; 9565
1DBFF91946FC86A; 9565
1DBFF92CCC3D66A; 9568
1DBFF92EE24C26A; 9568
1DBFF945AEC8C6A; 9567
1DBFF947FE0FF6A; 9567
1DBFF95F4686DEA; 9566
1DBFF9614982CEA; 9566
1DBFF9787EE6E6A; 9577
1DBFF97A5233CEA; 9577
1DBFF98DE0FE16A; 9581
1DBFF99000963EA; 9581
1DBFF9A6511896A; 9577
1DBFF9A870B0BEA; 9577
1DBFF9BF1707BEA; 9578
1DBFF9C149B2B6A; 9578
1DBFF9D888A036A; 9583
1DBFF9DA9EAEF6A; 9583
1DBFF9F0F8BAB6A; 9584
1DBFF9F32B65AEA; 9584
1DBFFA0A6A532EA; 9578
1DBFFA0C76D886A; 9578
1DBFFA2241D72EA; 9586
1DBFFA243B49B6A; 9586
1DBFFA3904CA66A; 9586
1DBFFA3B24628EA; 9586
1DBFFA5292FF16A; 9586
1DBFFA54C5AA0EA; 9586
1DBFFA6C04978EA; 9589
1DBFFA6E2DB91EA; 9589
1DBFFA85763006A; 9586
1DBFFA87A8DAFEA; 9586
1DBFFA9EE7C87EA; 9586
1DBFFAA110EA0EA; 9586
1DBFFAB85960F6A; 9583
1DBFFABA9F1EBEA; 9583
1DBFFAD1DE0C3EA; 9589
1DBFFAD3D77EC6A; 9589
1DBFFAE9A27D6EA; 9592
1DBFFAEBC21596A; 9592
1DBFFB02BE413EA; 9584
1DBFFB04A4A0F6A; 9584
1DBFFB1977AB0EA; 9585
1DBFFB1BAA5606A; 9585
1DBFFB32E94386A; 9591
1DBFFB34F5C8DEA; 9591
1DBFFB4AADB4B6A; 9596
1DBFFB4CBA3A0EA; 9596
1DBFFB62C7FA8EA; 9592
1DBFFB64E792B6A; 9592
1DBFFB7B97731EA; 9600
1DBFFB7D875C3EA; 9600
1DBFFB9250DCEEA; 9599
1DBFFB9479FE7EA; 9599
1DBFFBABC27566A; 9594
1DBFFBADE20D8EA; 9594
1DBFFBC4328FE6A; 9596
1DBFFBC652280EA; 9596
1DBFFBDDC0C496A; 9596
1DBFFBDFF36F8EA; 9596
1DBFFBF7325D0EA; 9599
1DBFFBF95B7E9EA; 9599
1DBFFC10A3F586A; 9595
1DBFFC12C38DAEA; 9595
1DBFFC2969E4AEA; 9592
1DBFFC2B93063EA; 9592
1DBFFC42DB7D26A; 9598
1DBFFC44F18BE6A; 9598
1DBFFC5A9FEE56A; 9601
1DBFFC5CBF867EA; 9601
1DBFFC73C53B8EA; 9600
1DBFFC75EE5D1EA; 9600
1DBFFC8D36D406A; 9601
1DBFFC8F5FF596A; 9601
1DBFFCA6BB7F4EA; 9598
1DBFFCA8F87BD4D; 9598
1DBFFCC0376954D; 9602
1DBFFCC250338A9; 9602
1DBFFCD90013F29; 9598
1DBFFF288F423E0; 9438
1DBFFF3FD7B9260; 9446
1DBFFF41E43E7E0; 9446
1DBFFF56FA0A6E0; 9450
1DBFFF592CB5660; 9450
1DBFFF6FD30C660; 9443
1DBFFF71F2A48E0; 9443
1DBFFF8754BBBE0; 9444
1DBFFF899A79860; 9444
1DBFFFA0F6033E0; 9445
1DBFFFA328AE360; 9445
1DBFFFBA7AAE860; 9440
1DBFFFBCAD597E0; 9440
1DBFFFD2FDDBD60; 9433
1DBFFFD513EA960; 9433
1DBFFFEA7F8B2E0; 9437
1DBFFFECA8ACBE0; 9437
1DC000031F54B60; 9447
1DC0000505B46E0; 9447
1DC00018EA535E0; 9449
1DC0001B3011260; 9449
1DC0003278880E0; 9450
1DC00034BE45D60; 9450
1DC0004C2358F60; 9448
1DC0004E6916BE0; 9448
1DC00065B18DA60; 9459
1DC00067A176C60; 9459
1DC0007B30410E0; 9438
1DC0007C7E0A460; 9438
1DC00089DDBB1E0; 9447
1DC0008B9DF5360; 9447
1DC0009D0D27560; 9469
1DC0009E2B41860; 9469
1DC000A9B7A5760; 9477
1DC000AB6E56260; 9477
1DC000BDAF57360; 9505
1DC000C67079AE0; 9519
1DC000CD087A960; 9527
1DC000CE2694C60; 9527
1DC000DA08CD5E0; 9538
1DC000DB99586E0; 9538
1DC000EA8994560; 9567
1DC000EF615B260; 9582
1DC000F0AC5B68C; 9582
1DC000F1CD3E8E0; 9582
1DC000F324912E0; 9582
1DC0010A637EAE0; 9593
1DC0010C5367CE0; 9593
1DC0011FE232160; 9578
1DC0012185CFF60; 9578
1DC00131FD0D860; 9591
1DC00133B3BE360; 9591
1DC001442AFBC60; 9585
1DC00146246E4E0; 9585
1DC0015B0101CE0; 9597
1DC0015CE761860; 9597
1DC0016F87C0A60; 9604
1DC0017181332E0; 9604
1DC0018607F2060; 9619
1DC00187B5194E0; 9619
1DC00198CE76C60; 9617
1DC0019B14348E0; 9617
1DC001B26634DE0; 9612
1DC001B4A2693E0; 9612
1DC001CAF2EB960; 9617
1DC001CD25968E0; 9617
1DC001E37FA24E0; 9633
1DC001E52CC9960; 9633
1DC001F646270E0; 9645
1DC001F7FCD7BE0; 9645
1DC002096280760; 9659
1DC0020AFC94EE0; 9659
1DC0021B1DFDD60; 9678
1DC0021C4F2AD60; 9678
1DC00228C9F9EE0; 9686
1DC0022A8A34060; 9686
1DC0023C91FCA60; 9701
1DC0023E2287B60; 9701
1DC0024DF7A55E0; 9714
1DC0024F88306E0; 9714
1DC0025FB322BE0; 9718
1DC00261D2BAE60; 9718
1DC00277E07B660; 9719
1DC0027A2FC2960; 9719
1DC002916EB0160; 9729
1DC002935E99360; 9729
1DC002A75FD45E0; 9724
1DC002A988F5EE0; 9724
1DC002BF96B66E0; 9788
1DC002C10AA5460; 9787
1DC002C2C155F60; 9787
1DC002D4A2F8F60; 9813
1DC002DD6DA4D60; 9821
1DC002DEEB1D160; 9821
1DC002EE27A43E0; 9827
1DC002F02AA02E0; 9827
1DC00304A7D59E0; 9833
1DC00306BDE45E0; 9833
1DC0031C2984F60; 9837
1DC0031E6F42BE0; 9837
1DC003350C10560; 9846
1DC003370F0C460; 9846
1DC0034B95CB1E0; 9844
1DC0034DDB88E60; 9844
1DC0036523FFCE0; 9851
1DC00365D019ADE; 9851
1DC003673A0E8E0; 9851
1DC0037B4543ADE; 9858
1DC0037CAF388E0; 9858
1DC0037D4493C6B; 9858
1DC0037D4B5CCA6; 9858
1DC0037D51C905E; 9858
1DC0037EBBBDE60; 9858
1DC0039263E91EB; 9867
1DC003926AB2226; 9867
1DC00392711E5DE; 9867
1DC00393DB133E0; 9867
1DC00394539B57C; 9867
1DC0039453D23EB; 9867
1DC003945A9B426; 9867
1DC0039461077DE; 9867
1DC00395CAFC5E0; 9867
1DC003A8848587C; 9880
1DC003A884BC6EB; 9880
1DC003A88B85726; 9880
1DC003A891F1ADE; 9880
1DC003A9FBE68E0; 9880
1DC003AA44BF9FC; 9880
1DC003AA44F686B; 9880
1DC003AA4BBF8A6; 9880
1DC003AA522BC5E; 9880
1DC003ABBC20A60; 9880
1DC003BC42FED7C; 9904
1DC003BC4335BEB; 9904
1DC003BC49FEC26; 9904
1DC003BC506AFDE; 9904
1DC003BD4E0637C; 9904
1DC003BD4E3D1EB; 9904
1DC003BD5506226; 9904
1DC003BD5B725DE; 9904
1DC003BDA1A1EBB; 9904
1DC003BEC5673E0; 9904
1DC003C8384A3FC; 9910
1DC003C8388126B; 9910
1DC003C83F4A2A6; 9910
1DC003C845B665E; 9910
1DC003C9AFAB460; 9910
1DC003CA0B9727C; 9910
1DC003CA0BCE0EB; 9910
1DC003CA1297126; 9910
1DC003CB82F82E0; 9910
1DC003DD01CAEFC; 9922
1DC003DD0F3715E; 9922
1DC003DE792BF60; 9922
1DC003DEB87B9FC; 9922
1DC003E02FDCA60; 9922
1DC003F0CDB065E; 9919
1DC003F237A5460; 9919
1DC003F473D9A60; 9919
1DC00409A6B25DE; 9937
1DC0040B10A73E0; 9937
1DC0040CAABBB60; 9937
1DC0041C9CE625E; 9961
1DC0041E06DB060; 9961
1DC00426002885E; 9967
1DC004276A1D660; 9967
1DC00429306EA9D; 9967
1DC00439D1B4A5E; 9990
1DC0043B383749D; 9990
1DC004461CD4B5E; 9996
1DC004478029A7C; 9996
1DC004494476086; 9996
1DC0045ADCCBFDE; 10002
1DC0045C3AA9D06; 10002
1DC0045E4127507; 10002
1DC00471FF1D45E; 10004
1DC0047356F3407; 10004
1DC004758C8893B; 10004
1DC0048B83C88DE; 10005
1DC0048CD4FF7BB; 10005
1DC0048F0A8CA0C; 10005
1DC004A50873D5E; 10010
1DC004A6530388C; 10010
1DC004BD8217BDE; 10012
1DC004BFC7D585E; 10012
1DC004D706C305E; 10013
1DC004D9396DFDE; 10013
1DC004F0A80A85E; 10020
1DC004F2B48FDDE; 10020
1DC0050829B9DDE; 10022
1DC0050A6F77A5E; 10022
1DC00521AE6525E; 10027
1DC00523C473E5E; 10027
1DC0053A319275E; 10026
1DC0053C6DC6D5E; 10026
1DC00553ACB455E; 10031
1DC00555D5D5E5E; 10031
1DC0056C26583DE; 10030
1DC0056E6C1605E; 10030
1DC00585C79FBDE; 10034
1DC00587E737E5E; 10034
1DC0059E97184DE; 10034
1DC005A0C9C345E; 10034
1DC005B8123A2DE; 10037
1DC005BA4E6E8DE; 10037
1DC005D18D5C0DE; 10041
1DC005D3C00705E; 10041
1DC005EA5CD49DE; 10040
1DC005EC8F7F95E; 10040
1DC00603D7F67DE; 10044
1DC006060AA175E; 10044
1DC0061CA76F0DE; 10048
1DC0061ED0909DE; 10048
1DC0063576E79DE; 10053
1DC006378CF65DE; 10053
1DC0064DADC9ADE; 10055
1DC0064FE074A5E; 10055
1DC0066728EB8DE; 10056
1DC006695B9685E; 10056
1DC00680A40D6DE; 10062
1DC00682E041CDE; 10062
1DC006988EA43DE; 10058
1DC0069A8816C5E; 10058
1DC006B1084825E; 10063
1DC006B314CD7DE; 10063
1DC006C92C1765E; 10062
1DC006CB71D52DE; 10062
1DC006E2B0C2ADE; 10066
1DC006E4D05AD5E; 10066
1DC006FB803B3DE; 10066
1DC006FDBC6F9DE; 10066
1DC007150E6FEDE; 10070
1DC0071737917DE; 10070
1DC0072DE771E5E; 10070
1DC0073023A645E; 10070
1DC007477F2FFDE; 10072
1DC00749953EBDE; 10072
1DC00760FA51DDE; 10068
1DC0076319EA05E; 10068
1DC00779C9CA6DE; 10072
1DC0077BF2EBFDE; 10072
1DC007928FB995E; 10072
1DC00794CBEDF5E; 10072
1DC007AC1464DDE; 10076
1DC007AE2A739DE; 10076
1DC007C4DA5405E; 10074
1DC007C72011CDE; 10074
1DC007DE5EFF4DE; 10080
1DC007E0750E0DE; 10080
1DC007F6400CB5E; 10077
1DC007F87C4115E; 10077
1DC0080F8B7F8DE; 10087
1DC008112F1D6DE; 10087
1DC00825436B65E; 10090
1DC008276C8CF5E; 10090
1DC0083E5F2F35E; 10082
1DC008404F1855E; 10082
1DC0085522226DE; 10083
1DC008574B43FDE; 10083
1DC0086E93BAE5E; 10080
1DC00870C665DDE; 10080
1DC0088805535DE; 10085
1DC0088A37FE55E; 10085
1DC008A08880ADE; 10083
1DC008A29E8F6DE; 10083
1DC008B9FA1925E; 10084
1DC008BC2CC41DE; 10084
1DC008D37EC46DE; 10089
1DC008D594D32DE; 10089
1DC008EBEEDEEDE; 10088
1DC008EE5138EDE; 10088
1DC00905A3393DE; 10100
1DC0090733C44DE; 10100
1DC0091934C5036; 10087
1DC0091A59A71DE; 10087
1DC0091C06CE65E; 10087
1DC0092C3E0B9B6; 10096
1DC0092D62EDB5E; 10096
1DC0092F2CB135E; 10096
1DC009414A4E236; 10092
1DC009426F303DE; 10092
1DC009447ED2C26; 10092
1DC0095AD2157EB; 10096
1DC0095AD8DE826; 10096
1DC0095D04898FC; 10096
1DC00973A15727C; 10101
1DC0098B03851B6; 10085
1DC0098C9D99936; 10085
1DC0099DC080736; 10083
1DC0099FF32B6B6; 10083
1DC009B73BA2536; 10093
1DC009B922020B6; 10093
1DC009CD52EC3B6; 10093
1DC009CF8597336; 10093
1DC009E6CE0E1B6; 10108
1DC009E884BECB6; 10108
1DC009FA82FE036; 10105
1DC009FCAC1F936; 10105
1DC00A135276936; 10111
1DC00A155EFBEB6; 10111
1DC00A2B16E7C36; 10100
1DC00A2CEA34AB6; 10100
1DC00A40232A4B6; 10103
1DC00A424C4BDB6; 10103
1DC00A594877836; 10123
1DC00A5ABC665B6; 10123
1DC00A6A4538C36; 10131
1DC00A6C220F136; 10131
1DC00A7F5B04B36; 10123
1DC00A8141646B6; 10123
1DC00A957BD8036; 10102
1DC00A96C017D36; 10102
1DC00AA492398B6; 10070
1DC00AA6FE1CF36; 10068
1DC00AB10D08A36; 10056
1DC00AB23E35A36; 10056
1DC00ABF4811D36; 10039
1DC00AC943EAB36; 10032
1DC00ACAE788936; 10032
1DC00ADC4D314B6; 10018
1DC00ADDDDBC5B6; 10018
1DC00AEDFF25436; 10007
1DC00AEFAC4C8B6; 10007
1DC00B0111F5436; 9995
1DC00B02BF1C8B6; 9995
1DC00B1424C5436; 9984
1DC00B15DB75F36; 9984
1DC00B27E33E936; 9976
1DC00B29C99E4B6; 9976
1DC00B3DCAD9736; 9968
1DC00B3FBAC2936; 9968
1DC00B53F5362B6; 9962
1DC00B5601BB836; 9962
1DC00B6B6D5C1B6; 9947
1DC00B6D240CCB6; 9947
1DC00B7E802C1B6; 9937
1DC00B805D026B6; 9937
1DC00B92FD618B6; 9922
1DC00B948463336; 9922
1DC00BA4CBF1BB6; 9914
1DC00BA6B251736; 9914
1DC00BBA411BBB6; 9898
1DC00BBBD1A6CB6; 9898
1DC00BCBFC991B6; 9888
1DC00BCDBCD3336; 9888
1DC00BDFC49BD36; 9884
1DC00BE1F746CB6; 9884
1DC00BF80E90B36; 9880
1DC00BFA2E28DB6; 9880
1DC00C10E792AB6; 9869
1DC00C12E105336; 9869
1DC00C266646136; 9852
1DC00C27ED47BB6; 9852
1DC00C377FA38B6; 9853
1DC00C39C561536; 9853
1DC00C510DD83B6; 9838
1DC00C52D79BBB6; 9838
1DC00C64D5DAF36; 9835
1DC00C67120F536; 9835
1DC00C7DB866536; 9853
1DC00C7F658D9B6; 9853
1DC00C8FD341C36; 9855
1DC00C920F76236; 9855
1DC00CA96176736; 9843
1DC00CAB515F936; 9843
1DC00CBE8A55336; 9861
1DC00CBFFE440B6; 9861
1DC00CCFC04EE36; 9837
1DC00CD7D5C80B6; 9839
1DC00CD9FEE99B6; 9839
1DC00CF00CAA1B6; 9833
1DC00CF23F55136; 9833
1DC00D07EDB7836; 9836
1DC00D0A3CFEB36; 9836
1DC00D212FA0F36; 9863
1DC00D2260CDF36; 9863
1DC00D2FB6F5636; 9882
1DC00D387817DB6; 9892
1DC00D39B2CE436; 9892
1DC00D468372036; 9922
1DC00D47EDD7736; 9925
1DC00D49583CE36; 9922
1DC00D4B9DFAAB6; 9925
1DC00D50F1BBC36; 9936
1DC00D5468A68B6; 9945
1DC00D55D30BFB6; 9946
1DC00D578033436; 9946
1DC00D6843BC136; 10008
1DC00D69AE21836; 10012
1DC00D6B1886F36; 10015
1DC00D6D54BB536; 10012
1DC00D72B205D36; 10018
1DC00D740958736; 10018
1DC00D811334A36; 10033
1DC00D824DEB0B6; 10033
1DC00D8F1505636; 10038
1DC00D91218ABB6; 10038
1DC00DA59EC02B6; 10032
