1DADC7CA3F8CD9E; 3868
1DADC7CB794E975; 3870
1DADC7CFADE5E75; 3868
1DADC7D98BEEEC2; 3867
1DADC7EAC67ECA0; 3867
1DADC806E8F8F3B; 3863
1DADC807F30426F; 3869
1DADC809232EE1A; 3869
1DADC8144104417; 3860
1DADC81BF6221EF; 3881
1DADC81D11458B3; 3860
1DADC81E3614676; 3881
1DADC81F5ACCEBC; 3858
1DADC82081658DE; 3858
1DADC82BBEA2DEA; 3860
1DADC836E8B1C5A; 3858
1DADC842064DAFC; 3852
1DADC84B4820BAD; 3877
1DADC84C6366714; 3879
1DADC84FC370CD2; 3883
1DADC8561E43A6A; 3860
1DADC857430C5E7; 3866
1DADC8588AF8972; 3859
1DADC859898EE2E; 3868
1DADC85AB06820D; 3863
1DADC85BECD4E36; 3869
1DADC85D0080E1B; 3884
1DADC85E3EE3C56; 3864
1DADC85F3403959; 3884
1DADC8604F1552E; 3863
1DADC8617D6AC3C; 3891
1DADC862A225930; 3870
1DADC863BD6AFCB; 3864
1DADC864EB9C021; 3864
1DADC87012E68DC; 3866
1DADC87B43ADDC5; 3890
1DADC87C6873014; 3869
1DADC87D8D3E290; 3893
1DADC87ED33FF59; 3896
1DADC87FE6D6879; 3876
1DADC88101F8DE5; 3876
1DADC88C294F302; 3900
1DADC88D4DFF875; 3880
1DADC88E9618CD8; 3901
1DADC88F9E3D3B7; 3903
1DADC892537B277; 3901
1DADC89AE996F2C; 3873
1DADC89C17EB4B6; 3873
1DADC8A7C54C638; 3878
1DADC8B19808D72; 3870
1DADC8B952FB5D1; 3891
1DADC8BA6E33620; 3870
1DADC8BB9C711AE; 3876
1DADC8BCCC80391; 3876
1DADC8C7F3E4FE9; 3867
1DADC8CFA50CC28; 3861
1DADC8D7C8DD57D; 3855
1DADC8E03AE2E0A; 3872
1DADC8E29403279; 3872
1DADC8EDB47D861; 3867
1DADC8F77256AB2; 3898
1DADC8F8B85E1BD; 3875
1DADC8F9D57B035; 3875
1DADC904F7EC847; 3887
1DADC90B2CC63CC; 3885
1DADC915CEBECE9; 3882
1DADC9209985F37; 3885
1DADC92B5CC61E3; 3893
1DADC93363EBBD8; 3898
1DADC93C6302F08; 3907
1DADC94339E2982; 3914
1DADC94A37D8A64; 3923
1DADC94FCC5CDBE; 3929
1DADC95686AEA0C; 3927
1DADC9614F73859; 3932
1DADC96AF966DA0; 3913
1DADC96C73FA90E; 3914
1DADC9755FF04C3; 3914
1DADC9809D415A9; 3918
1DADC98AD6F7522; 3919
1DADC99607BD81B; 3931
1DADC99C32FE5A9; 3926
1DADC9A456CA44B; 3927
1DADC9AF8993CD4; 3932
1DADC9B9475B369; 3935
1DADC9C3E082215; 3936
1DADC9CF262FA45; 3941
1DADC9D8D0FE09F; 3941
1DADC9E40E1F798; 3942
1DADC9EF2BE94AA; 3942
1DADCA382288249; 3957
1DADCA3C413A4BD; 3956
1DADCA475650D7A; 3954
1DADCA528730313; 3960
1DADCA5BD46232A; 3961
1DADCA66F2EA7DB; 3961
1DADCA721B04C81; 3967
1DADCA7B5C9C021; 3990
1DADCA7C815CF60; 3990
1DADCA87B23571B; 3965
1DADCA88D6F065C; 3988
1DADCA89FBB89CF; 3965
1DADCA8B2A0D647; 3969
1DADCA8C4542728; 3965
1DADCA8D69DB84D; 3965
1DADCA989AA41C4; 3965
1DADCAA3CB6C448; 3966
1DADCAAEF2A8A79; 3967
1DADCABA2D04123; 3969
1DADCAC55F98F99; 3985
1DADCAC97E296E2; 3984
1DADCAD4934F692; 3990
1DADCADDD40C0C5; 3993
1DADCAE859F3D69; 3995
1DADCAF38AD3101; 4008
1DADCAF93057F8E; 4008
1DADCB046A9724D; 4012
1DADCB0EB74D16F; 4009
1DADCB196E9A309; 4013
1DADCB23951C251; 4013
1DADCB2EC6AFACE; 4014
1DADCB39F84AB6B; 4015
1DADCB452ACAD3D; 4018
1DADCB4FE9C0D63; 4020
1DADCB5B11B70C3; 4020
1DADCB664BDFA53; 4020
1DADCB717F4E6AC; 4019
1DADCB7CA736CB5; 4026
1DADCB85709CF70; 4050
1DADCB8678D1B6E; 4054
1DADCB879D6E672; 4051
1DADCB88C23BD15; 4030
1DADCB89E6DED6A; 4033
1DADCB8B02270A2; 4030
1DADCB8C26CFDD3; 4029
1DADCB941ABCC49; 4054
1DADCB9548E86E4; 4033
1DADCB966DAA66B; 4034
1DADCB9E619E01A; 4051
1DADCB9F8650B1F; 4033
1DADCBA0A16B2AE; 4034
1DADCBA8E1AEF65; 4058
1DADCBAA064C285; 4034
1DADCBAB2D0C1B9; 4037
1DADCBAC4A027B6; 4038
1DADCBB42156D0C; 4034
1DADCBBB057096A; 4034
1DADCBC317E8CA2; 4056
1DADCBC4287F5DF; 4034
1DADCBC5F13DCCB; 4037
1DADCBC6C01848D; 4055
1DADCBC7E4F428D; 4037
1DADCBC9099B1EF; 4037
1DADCBD4C43F675; 4038
1DADCBDFCF90273; 4037
1DADCBEAF78751D; 4034
1DADCBEF4D6447B; 4038
1DADCBF0426D0F3; 4058
1DADCBF15DC0CAC; 4037
1DADCBF180DF687; 4038
1DADCC0AEFC17DD; 4038
1DADCC153691795; 4044
1DADCC1DFC3C29B; 4038
1DADCC263C558C2; 4038
1DADCC316FAF440; 4038
1DADD119E7DD163; 4050
1DADD124DF513C8; 4047
1DADD12E3D88DF6; 4049
1DADD1393E7C26E; 4053
1DADD14351E36EE; 4053
1DADD14E8440158; 4055
1DADD159B7BDB94; 4052
1DADD1645A30985; 4056
1DADD16E71588E4; 4054
1DADD17973254C0; 4052
1DADD184A3C0D76; 4067
1DADD1889C52803; 4044
1DADD189C10D82C; 4065
1DADD18ADC400E0; 4041
1DADD18BF7696F0; 4041
1DADD1972CA8BAE; 4032
1DADD19E7E911C5; 4024
1DADD1A48D0CB2E; 4045
1DADD1A5A83F70D; 4046
1DADD1AD203EAFA; 4044
1DADD1B7EAB20BA; 4014
1DADD1B8FC5CBBA; 4014
1DADD1C4A7A6807; 4013
1DADD1D00BBB143; 4013
1DADD1DAEFF6A58; 4012
1DADD1E62176145; 4005
1DADD1EE8798486; 4004
1DADD1F9E71A7A2; 4025
1DADD1FADC282C4; 4025
1DADD206041FB77; 4016
1DADD20D6242960; 4034
1DADD20E7D767B9; 4035
1DADD21626FD43C; 4009
1DADD2171471DD8; 4009
1DADD2223D57EF1; 4015
1DADD22B32B4680; 4017
1DADD236347D066; 4021
1DADD24040586D0; 4018
1DADD24AC645537; 4008
1DADD2514734C61; 4006
1DADD25BE0292E1; 3997
1DADD262F9B3A2E; 4014
1DADD2641E70BB9; 4010
1DADD265432A693; 4011
1DADD26CE15DD12; 3990
1DADD26E0617F49; 3990
1DADD2792E23582; 3995
1DADD282BDF2FB1; 4012
1DADD28468312BD; 4011
1DADD28D7A387FC; 4003
1DADD2948A3B0B5; 4001
1DADD29F3FCAA01; 3997
1DADD2A940371D5; 3997
1DADD2B471C99E7; 3994
1DADD2BF1452A76; 4001
1DADD2C75E156DB; 3988
1DADD2CA85C2518; 4013
1DADD2CBA0F6874; 4015
1DADD2CE39997B4; 3992
1DADD2CF7807FD1; 3988
1DADD2D0C6AB80D; 3990
1DADD2D4BF2E6A7; 4010
1DADD2D5BFB1371; 4008
1DADD2D743C73E6; 4008
1DADD2E280CD145; 3990
1DADD2E4D5B40C6; 4010
1DADD2E5FA6D31D; 3992
1DADD2E715A120E; 3991
1DADD2EE8DBEB8E; 4008
1DADD2EFA8F161F; 4010
1DADD2F24194A4E; 4014
1DADD2F630981B7; 3995
1DADD2F755530A9; 3990
1DADD2F88395B48; 3989
1DADD30061A4E11; 4005
1DADD3016041767; 4006
1DADD30856B886F; 3992
1DADD3095EDC57B; 3992
1DADD314B3AB811; 4031
1DADD315C091DCB; 4038
1DADD316C8B508E; 4043
1DADD318072251D; 4051
1DADD3190F44B2B; 4055
1DADD31A35E1348; 4056
1DADD3220F18945; 4066
1DADD326C65757C; 4069
1DADD32F95933CF; 4101
1DADD330BA4F1ED; 4101
1DADD33BE25992E; 4062
1DADD33D1285177; 4060
1DADD3404F4C85C; 4053
1DADD3416C68ABC; 4054
1DADD348DAFE5ED; 4054
1DADD3540B96573; 4039
1DADD358041841D; 4043
1DADD35ED164AFB; 4065
1DADD35FEC96729; 4041
1DADD36182E8F64; 4041
1DADD36CA25BF18; 4055
1DADD3712060626; 4037
1DADD3724526065; 4041
1DADD3736BC9D97; 4040
1DADD37B182A7EE; 4046
1DADD382ECA091D; 4043
1DADD38CE3840D3; 4038
1DADD3962DE0116; 4054
1DADD3983776E68; 4051
1DADD39CA5466BD; 4026
1DADD39DC261B85; 4049
1DADD39F49322C4; 4026
1DADD3A0646512D; 4044
1DADD3A17F98FBF; 4043
1DADD3A8F7AAE98; 4045
1DADD3B3B6D5765; 4049
1DADD3BDCC3B17D; 4047
1DADD3C8D6E6A64; 4039
1DADD3D0AE49861; 4052
1DADD3D37A6845F; 4051
1DADD3DDBDA944D; 4078
1DADD3DEE26460B; 4078
1DADD3EA099D833; 4066
1DADD3EFAF4A292; 4059
1DADD3F507E62FD; 4055
1DADD3FD3519F00; 4050
1DADD405F14EF40; 4046
1DADD40F92773BF; 4044
1DADD41A9EED4A1; 4051
1DADD42305522E5; 4047
1DADD42C9547E24; 4044
1DADD436F62FC02; 4042
1DADD4421D7345C; 4039
1DADD44CC8CDFBD; 4042
1DADD457579CED0; 4048
1DADD4603285706; 4057
1DADD46683DF49A; 4064
1DADD46C9C0B079; 4046
1DADD46DC0C4744; 4070
1DADD46EE58A1B1; 4067
1DADD4700A438B9; 4067
1DADD47B31737C3; 4073
1DADD4843BF15C4; 4058
1DADD486AE7C31C; 4059
1DADD490C218F2E; 4062
1DADD49B4825C26; 4090
1DADD49C6CE0ECC; 4090
1DADD4A79DAB335; 4093
1DADD4B23F88E7D; 4076
1DADD4B4CEADAB2; 4076
1DADD4BFF5DC0A5; 4074
1DADD4CB26A7232; 4072
1DADD4D6576755D; 4073
1DADD4E183788A9; 4073
1DADD4ECAABB52C; 4071
1DADD4F7E50E5DF; 4075
1DADD502013693E; 4094
1DADD5031C722C2; 4074
1DADD50437A5748; 4073
1DADD50BAFB8EF0; 4071
1DADD5166E2D753; 4071
1DADD5219EEEBD0; 4074
1DADD52C559478A; 4073
1DADD537734DE02; 4073
1DADD542A40F6F9; 4075
1DADD54DD4D0B08; 4073
1DADD558FC11C71; 4071
1DADD5642CD339E; 4065
1DADD56D243F4B8; 4061
1DADD576D87F571; 4078
1DADD578AAC8615; 4078
1DADD583C87A71D; 4077
1DADD58F1032EDA; 4074
1DADD5999FC6ECF; 4071
1DADD5A438F0023; 4068
1DADD5AEC78AEE1; 4066
1DADD5B9EED6F56; 4073
1DADD5C25EE1BFB; 4056
1DADD5C37A13B5D; 4055
1DADD5CAE8BD09F; 4063
1DADD5D113F70E1; 4067
1DADD5D9BF259D0; 4091
1DADD5DAE5C9721; 4093
1DADD5DDD449491; 4093
1DADD5E8FB8C4FB; 4101
1DADD5F0E8EBACC; 4101
1DADD5FC06AED3E; 4106
1DADD60594C6596; 4104
1DADD610AFB0099; 4105
1DADD61BCD6BE26; 4108
1DADD62678D056A; 4109
1DADD631A987F2B; 4109
1DADD63CD0CB76E; 4108
1DADD64801968B4; 4113
1DADD6519375506; 4093
1DADD652D1E4F04; 4094
1DADD65A9FC95F8; 4118
1DADD65BC48E50B; 4118
1DADD666EBD0571; 4119
1DADD672328575A; 4099
1DADD67373D6F03; 4100
1DADD67B71645C8; 4103
1DADD685980E91D; 4103
1DADD690C8D979C; 4107
1DADD69ADB78F91; 4136
1DADD69BF6B3882; 4132
1DADD69D24F6EBE; 4115
1DADD69E402ADDE; 4132
1DADD69F64EF7C0; 4114
1DADD6A09EA3F23; 4115
1DADD6A8760516F; 4135
1DADD6A9B29F613; 4116
1DADD6AAC449DEC; 4135
1DADD6ABE903E26; 4114
1DADD6AD0DC9280; 4136
1DADD6AE346E4D1; 4115
1DADD6AF4FA0B1E; 4137
1DADD6B07465283; 4136
1DADD6B8164E0B6; 4119
1DADD6B93189747; 4137
1DADD6BA5643A14; 4137
1DADD6C5870E664; 4139
1DADD6D0C61AEAF; 4141
1DADD6DBE3C39B4; 4120
1DADD6DD13E55F7; 4123
1DADD6DE31017FF; 4123
1DADD6E94EC53AE; 4124
1DADD6F48910CF0; 4124
1DADD6FFC61D742; 4125
1DADD70AE3D91B1; 4125
1DADD7162105808; 4128
1DADD720B93CCE2; 4150
1DADD721DFE09FC; 4129
1DADD72312E81EA; 4128
1DADD72ACDB23AF; 4137
1DADD73069D6E38; 4144
1DADD735B9B2CD7; 4137
1DADD73ABD45045; 4155
1DADD73BD876CA9; 4154
1DADD74350766F2; 4162
1DADD7497220137; 4165
1DADD75309B3A58; 4166
1DADD75E30F6509; 4165
1DADD76961990B1; 4170
1DADD772E61DC16; 4170
1DADD77E16DEA01; 4170
1DADD789487A86E; 4184
1DADD78DD007A0B; 4201
1DADD78EEB39AA1; 4200
1DADD7966FA511E; 4202
1DADD7A12550991; 4206
1DADD7AB3123815; 4189
1DADD7AD4444867; 4188
1DADD7B6F86E67E; 4191
1DADD7C18BA87A6; 4192
1DADD7CCA0A2494; 4188
1DADD7D6BDA6574; 4188
1DADD7E1E5B1BE7; 4188
1DADD7ED1648547; 4188
1DADD7F849C650D; 4188
1DADD80388A1C63; 4188
1DADD80EA812F05; 4183
1DADD8182E64C17; 4187
1DADD821F597187; 4191
1DADD82BCEE8F14; 4191
1DADD8370BE363A; 4191
1DADD8422A5CCD4; 4191
1DADD84D5CDDCAE; 4191
1DADD85884E0260; 4182
1DADD85FD6DDA1C; 4189
1DADD866A41E9AF; 4192
1DADD87074CEE42; 4192
1DADD87B9CCFB87; 4191
1DADD886CE58849; 4189
1DADD891FA1AD77; 4192
1DADD89CA628D97; 4193
1DADD8A7CE1FB5F; 4192
1DADD8B2F9DF3DC; 4192
1DADD8BE2B68A8C; 4193
1DADD8C95CF2849; 4192
1DADDDC44A9AAEA; 4211
1DADDDCF41E963C; 4210
1DADDDDA7284312; 4205
1DADDDE3F6EA691; 4205
1DADDDEF4AB6E60; 4211
1DADDDF82CF74A5; 4212
1DADDE036061648; 4210
1DADDE0E8786220; 4212
1DADDE19AE815CA; 4212
1DADDE24DF23888; 4231
1DADDE26A5FA7E2; 4210
1DADDE27D43B8CF; 4211
1DADDE2F8EE9550; 4210
1DADDE3ABF77AB3; 4229
1DADDE3C864C351; 4231
1DADDE42C479648; 4209
1DADDE43DFAD9B1; 4209
1DADDE4F104F569; 4206
1DADDE59B4AB112; 4199
1DADDE61FE62F1B; 4200
1DADDE6D2589317; 4199
1DADDE78617D4BF; 4196
1DADDE82FA7D261; 4198
1DADDE8E21972F4; 4199
1DADDE99540FC89; 4217
1DADDE9BA9F0095; 4221
1DADDE9EB43522F; 4262
1DADDE9FCF66E3F; 4244
1DADDEA0F422C69; 4248
1DADDEA20F548BD; 4246
1DADDEA49E6F44B; 4265
1DADDEA5C32B265; 4270
1DADDEA7093F80D; 4273
1DADDEA81161E5B; 4280
1DADDEA92C96183; 4283
1DADDEAA47C7DAA; 4284
1DADDEB1BFBCA47; 4298
1DADDEB343D19AF; 4298
1DADDEBE746AA11; 4304
1DADDEC769D00D8; 4306
1DADDED26AC9B00; 4303
1DADDEDD0C562C2; 4298
1DADDEE67426449; 4302
1DADDEF046C98E5; 4318
1DADDEF2B94B8AA; 4324
1DADDEF3D47E723; 4302
1DADDEF4EFA788E; 4314
1DADDEF61DF2CA0; 4299
1DADDEF739273BF; 4302
1DADDEF85DE2822; 4297
1DADDEF9829C6B4; 4298
1DADDF012561620; 4288
1DADDF05DC9E632; 4285
1DADDF0EABE57C6; 4297
1DADDF12F0AF8FF; 4298
1DADDF1DFB4FCC6; 4306
1DADDF25C91FC36; 4305
1DADDF30F9C2B91; 4335
1DADDF3229EE9A6; 4330
1DADDF333B99415; 4329
1DADDF3A903EB17; 4318
1DADDF3E3C7F9AD; 4318
1DADDF496D0F9CD; 4318
1DADDF54943309C; 4317
1DADDF5FD12ECE1; 4315
1DADDF6B03C44A2; 4310
1DADDF74882B9D4; 4307
1DADDF7EF17866E; 4306
1DADDF8A221069B; 4298
1DADDF91F95FA12; 4324
1DADDF931E1A771; 4323
1DADDF9AB2A5CD2; 4298
1DADDF9BD761ADF; 4319
1DADDF9CF293725; 4319
1DADDFA82E9D7E1; 4309
1DADDFAEF44065E; 4307
1DADDFB983B892A; 4294
1DADDFBE4E06B6C; 4297
1DADDFC728C8324; 4290
1DADDFCED06EC0C; 4298
1DADDFD5183725F; 4315
1DADDFD6336B57D; 4313
1DADDFD8CC0D9B2; 4286
1DADDFD9F0C70EF; 4282
1DADDFDB0BFB40A; 4281
1DADDFE2905C856; 4278
1DADDFEC866D0A2; 4323
1DADDFEDAB32AF7; 4324
1DADDFF549518BA; 4342
1DADDFF664834F6; 4340
1DADDFF8FD2F561; 4337
1DADDFFF023827C; 4333
1DADE007984D430; 4329
1DADE011264ED3B; 4320
1DADE017D6FA709; 4344
1DADE019138718D; 4345
1DADE020EADFD2D; 4345
1DADE02C1BAAE78; 4327
1DADE02E718C5F0; 4317
1DADE02F96515F7; 4322
1DADE030DC661FB; 4322
1DADE03BF086C5C; 4333
1DADE0421BB6303; 4329
1DADE04AC4DD650; 4335
1DADE052FB8E63A; 4335
1DADE05E2C4F5B3; 4312
1DADE05F4782C81; 4314
1DADE061D69DC0F; 4337
1DADE062FB56556; 4333
1DADE064201CD0B; 4333
1DADE06F50E6E51; 4326
1DADE077B74A84E; 4341
1DADE0799138D41; 4340
1DADE082F91BFB4; 4330
1DADE088EB14376; 4310
1DADE08A0FCF923; 4310
1DADE095437212A; 4319
1DADE09CA1BE808; 4350
1DADE09DB369E48; 4353
1DADE09ED8240B0; 4352
1DADE0A66CC44D6; 4336
1DADE0A79B11A41; 4345
1DADE0A8BFCB13F; 4367
1DADE0A9DAFF477; 4370
1DADE0AAFFC27DC; 4367
1DADE0AC1AF4404; 4375
1DADE0AD3FB0240; 4377
1DADE0B02E2D8E8; 4360
1DADE0B152E9711; 4378
1DADE0B26E24F32; 4381
1DADE0B391FB81F; 4375
1DADE0B4B6BEB86; 4376
1DADE0BC4B6027D; 4382
1DADE0C40FB3305; 4388
1DADE0CBE71655F; 4390
1DADE0D6C3EDF22; 4395
1DADE0E0356340D; 4397
1DADE0EB4994887; 4402
1DADE0F4D7ABBCF; 4378
1DADE0F5FC67377; 4383
1DADE0F717989A7; 4389
1DADE0F83C54677; 4383
1DADE0F961189E8; 4389
1DADE0FA7C4C1F1; 4384
1DADE0FBA2EFD76; 4390
1DADE0FCD31D610; 4410
1DADE0FDF9BFF35; 4385
1DADE0FF0B6AEC3; 4394
1DADE100269E2B9; 4394
1DADE10B576997E; 4398
1DADE1156B023DA; 4403
1DADE11EBFD6331; 4407
1DADE1287D94ACA; 4402
1DADE131BF56FBA; 4403
1DADE13CF00D119; 4407
1DADE147039E432; 4416
1DADE14DF8F249C; 4417
1DADE1592C82EAB; 4418
1DADE1644A2B3A8; 4419
1DADE16F7AF5773; 4414
1DADE178FF791C0; 4416
1DADE184138D894; 4421
1DADE18DA19B4E7; 4450
1DADE18EBCD6D4D; 4449
1DADE1962B59025; 4429
1DADE197599C966; 4429
1DADE1A280DCF3F; 4446
1DADE1A565CB594; 4428
1DADE1A68A8E902; 4453
1DADE1A7AF4A733; 4429
1DADE1A8D40DA63; 4434
1DADE1A9F8C98B9; 4449
1DADE1AB1F6D5FB; 4435
1DADE1AC3117712; 4453
1DADE1AD55D353A; 4428
1DADE1AE7A8F38F; 4435
1DADE1AF95CABBE; 4429
1DADE1B0BA842FD; 4453
1DADE1B1DF40122; 4429
1DADE1B2FA7B97B; 4429
1DADE1BE2B3D0C1; 4436
1DADE1C691A1F0A; 4434
1DADE1D18C162C4; 4427
1DADE1D9DF697A9; 4434
1DADE1E14DEA073; 4434
1DADE1EC79D342B; 4428
1DADE1F578D436E; 4434
1DADE1FDD5B03D1; 4425
1DADE203E44944C; 4432
1DADE209AF26CB5; 4426
1DADE2103032BE3; 4427
1DADE21B60E82FC; 4450
1DADE21C8796F70; 4451
1DADE22425B58BF; 4431
1DADE22540E8E94; 4431
1DADE2307181875; 4435
1DADE23A9BEB7F3; 4427
1DADE2420A6AC7A; 4427
1DADE24D4766F2C; 4424
1DADE257E066A44; 4425
1DADE263112655E; 4432
1DADE26B8C84A10; 4435
1DADE275BC98B6B; 4437
1DADE280E3CF51E; 4442
1DADE28A684B689; 4465
1DADE28B82AA054; 4465
1DADE296B361A84; 4444
1DADE297CE95940; 4445
1DADE29F469DB50; 4447
1DADE2AA754D5C3; 4450
1DADE2B530BEA30; 4445
1DADE2BE8F10700; 4455
1DADE2C48A855FC; 4457
1DADE2CF014C548; 4452
1DADE2D8617BE25; 4462
1DADE2DE536920C; 4456
1DADE2E4F0F949E; 4464
1DADE2EA66F6658; 4455
1DADE2ED8DD28EC; 4461
1DADE2EF7AD2534; 4462
1DADE2F8FE5AAE1; 4462
1DADE304258AAD8; 4463
1DADE30F5649B15; 4467
1DADE319733C241; 4466
1DADE3249A69D3F; 4459
1DADE32D0A4A334; 4462
1DADE33745BE193; 4471
1DADE33E4E1942D; 4475
1DADE3474CFC25C; 4476
1DADE35289EC85C; 4478
1DADE35DA8596E3; 4473
1DADE36736480E4; 4495
1DADE368517B510; 4495
1DADE37382F99C3; 4498
1DADE37E249B4D7; 4479
1DADE37F8C18EA3; 4493
1DADE380A74A13F; 4472
1DADE381C272581; 4504
1DADE382DDA4D95; 4480
1DADE3840BE75BF; 4475
1DADE385328C4AE; 4479
1DADE3864DBF639; 4479
1DADE3917E75BE6; 4475
1DADE39B91D4AFF; 4477
1DADE3A6B042E40; 4484
1DADE3AF201028C; 4494
1DADE3B4796086B; 4495
1DADE3BFA9E3B87; 4509
1DADE3C4316821E; 4513
1DADE3CBA965BFC; 4531
1DADE3CCD00996F; 4514
1DADE3CDE1AC54F; 4504
1DADE3CEFCDE18A; 4525
1DADE3D02199FA9; 4507
1DADE3D1465370C; 4504
1DADE3D26185323; 4508
1DADE3D386412FB; 4511
1DADE3D4A172F3A; 4510
1DADE3DC1B513D8; 4507
1DADE3E61BA06BD; 4508
1DADE3F143960D7; 4532
1DADE3F273BA3D0; 4516
1DADE3F3855A8BC; 4534
1DADE3F4A08C4E8; 4534
1DADE3FFD110C64; 4507
1DADE400EC38C53; 4528
1DADE40210F4A9C; 4532
1DADE40335AE1C0; 4510
1DADE4045A6A001; 4507
1DADE405759BC0B; 4514
1DADE406A3DF57D; 4507
1DADE407BF1118E; 4505
1DADE40A4E21E82; 4507
1DADE412681FD42; 4514
1DADE419B080D16; 4511
1DADE423A745E1A; 4516
1DADE42CE8D6BA0; 4525
1DADE433734D9BF; 4522
1DADE43D275A6CE; 4515
1DADE445301D628; 4525
1DADE44A4895D7E; 4520
1DADE45121361BD; 4516
1DADE45A1686EF2; 4522
1DADE46269BBC1D; 4532
1DADE467B979111; 4539
1DADE46CB36FA34; 4536
1DADE475B248747; 4536
1DADE480DA2ACEB; 4539
1DADE48B852D3B3; 4534
1DADE494F66FE81; 4534
1DADE4A01E5B729; 4534
1DADE4AB5B4D03A; 4540
1DADE4B44714A95; 4531
1DADE4BAAB655F5; 4542
1DADE4BD4404BD0; 4541
1DADE4C773FA611; 4534
1DADE4CFA30EB74; 4534
1DADE4DACAF0DC1; 4540
1DADE4E3C9C9D9B; 4538
1DADE4EEC1274D3; 4535
1DADE4F96EF8F7B; 4541
1DADE5023E2AA7B; 4538
1DADE50C935B49F; 4538
1DADE517C4C56B1; 4545
1DADE5202B0A038; 4543
1DADE52B19BD6DD; 4544
1DADE53640C4A8F; 4542
1DADE541722E0B6; 4541
1DADEA2E543C536; 4533
1DADEA393969D98; 4539
1DADEA3FA9206BD; 4542
1DADEA49557355C; 4542
1DADEA547C8F312; 4532
1DADEA5B4036F2C; 4529
1DADEA65075417D; 4531
1DADEA701B2D5AF; 4538
1DADEA7881764BC; 4542
1DADEA820F599C3; 4537
1DADEA8B494D19B; 4544
1DADEA9303E4994; 4538
1DADEA9ADB2A3CD; 4540
1DADEAA5AD45C9E; 4542
1DADEAB0E09973E; 4530
1DADEAB686297C4; 4523
1DADEABBDF7993A; 4522
1DADEAC710F6E1E; 4524
1DADEAD239F18DD; 4514
1DADEAD9090B15C; 4518
1DADEAE1F4D4482; 4509
1DADEAE85929FD4; 4511
1DADEAF2EA6335B; 4517
1DADEAFBB98BEC5; 4512
1DADEB04AEDCD29; 4513
1DADEB0FE05060A; 4510
1DADEB1A8B7A45C; 4508
1DADEB25B366055; 4503
1DADEB2F414B70A; 4498
1DADEB3871B6D46; 4495
1DADEB42C7DF5A3; 4487
1DADEB4A68CF0A5; 4483
1DADEB53A0E1C46; 4482
1DADEB5EDDD2C2C; 4482
1DADEB69FC41959; 4477
1DADEB738A26847; 4483
1DADEB7C16972F7; 4475
1DADEB82ED6048D; 4499
1DADEB8408935F7; 4478
1DADEB852D4C432; 4472
1DADEB865D7A7F0; 4477
1DADEB876F1C3A5; 4478
1DADEB8EADFE001; 4478
1DADEB99DF7E6CC; 4473
1DADEBA36D6C61E; 4466
1DADEBAB57CBACD; 4471
1DADEBB400E80DB; 4472
1DADEBBF280276C; 4485
1DADEBC44821E29; 4467
1DADEBC5784EBB7; 4481
1DADEBC69EF2CA4; 4481
1DADEBD1C6F578B; 4466
1DADEBD5BF768BA; 4458
1DADEBD700D3889; 4465
1DADEBD8258D241; 4480
1DADEBD94A48C23; 4486
1DADEBDA657BFE0; 4486
1DADEBE59703A26; 4485
1DADEBF0BF0EA1C; 4460
1DADEBF1E3CA73E; 4476
1DADEBF2FEFC9EE; 4454
1DADEBF423B8453; 4461
1DADEBF551F9801; 4461
1DADEC007AF6B48; 4460
1DADEC0BAC7F4FA; 4473
1DADEC10C3216CB; 4459
1DADEC11DE54680; 4459
1DADEC1D19667CD; 4458
1DADEC284A08E03; 4457
1DADEC337212082; 4474
1DADEC3658E10D2; 4467
1DADEC377412CE3; 4473
1DADEC388F44944; 4472
1DADEC400A1E27C; 4468
1DADEC494247021; 4466
1DADEC544431687; 4462
1DADEC5E57B6FDE; 4468
1DADEC670A5BD54; 4458
1DADEC6C9CF002A; 4464
1DADEC72E4B86AA; 4457
1DADEC78F3467AC; 4443
1DADEC7A0E7AADA; 4436
1DADEC7B333DE47; 4443
1DADEC7C59DA642; 4443
1DADEC877E2E7DB; 4463
1DADEC88B5F9C12; 4465
1DADEC8C2915DB7; 4460
1DADEC908A833B0; 4443
1DADEC91AF4671F; 4466
1DADEC92D3FFE2B; 4459
1DADEC9410853D0; 4465
1DADEC95474B75C; 4466
1DADEC9CF885E29; 4460
1DADECA4C65764A; 4468
1DADECAB23234AF; 4468
1DADECB66BB7E52; 4463
1DADECBFF211725; 4465
1DADECCAFC9FB1C; 4458
1DADECD3597C892; 4464
1DADECDB897F2A9; 4462
1DADECE65BC22E4; 4463
1DADECF18C5C54B; 4464
1DADECFCB39571B; 4466
1DADED07E4602FD; 4462
1DADED120092B4D; 4453
1DADED18E9B7065; 4458
1DADED212C0441B; 4462
1DADED2A9D6F2C5; 4453
1DADED313A196E7; 4441
1DADED3343BA811; 4440
1DADED3CE4D6AB0; 4458
1DADED3E1E8C4B4; 4458
1DADED493C3BEDE; 4456
1DADED546CF39F2; 4462
1DADED5D6261CC2; 4465
1DADED67C4253A0; 4460
1DADED7118F8ACE; 4473
1DADED752494A89; 4473
1DADED804BC23A9; 4460
1DADED856BF547C; 4457
1DADED8E747F03D; 4483
1DADED8FA2C2973; 4484
1DADED975D8247A; 4471
1DADED9A16905B2; 4488
1DADED9B2A24CD3; 4490
1DADED9D81E81B7; 4476
1DADED9E939BF2A; 4470
1DADED9FAECDB42; 4477
1DADEDA0EB530FB; 4473
1DADEDA1F3756FD; 4479
1DADEDA30EA9A27; 4474
1DADEDA43CF4889; 4477
1DADEDA55828BAB; 4483
1DADEDA6735A7E3; 4483
1DADEDB1A41BF11; 4482
1DADEDBCD4D132F; 4486
1DADEDC6FD5BA99; 4501
1DADEDCA4A58886; 4503
1DADEDD352E0AC7; 4502
1DADEDDE7A0EFB2; 4496
1DADEDE77911EB5; 4505
1DADEDEDDD7C22B; 4496
1DADEDF24A82AB3; 4501
1DADEDF85B04276; 4536
1DADEDF97637393; 4539
1DADEDFA9A16839; 4547
1DADEDFBBED175A; 4546
1DADEE03537BD2E; 4549
1DADEE0D5D82EF0; 4589
1DADEE0E8240000; 4603
1DADEE0FA702217; 4613
1DADEE10CBBF583; 4610
1DADEE11F0821A3; 4620
1DADEE13153E547; 4620
1DADEE1E45F2CC6; 4613
1DADEE26B5E8FB4; 4619
1DADEE2ED9A080B; 4668
1DADEE30003A0F3; 4674
1DADEE311B76499; 4683
1DADEE32403161F; 4684
1DADEE39D4D3284; 4704
1DADEE3B031FE5E; 4697
1DADEE3C1E5289E; 4698
1DADEE438EB444A; 4704
1DADEE4B3FECA63; 4698
1DADEE5325A49E3; 4702
1DADEE5C70F05DF; 4709
1DADEE6448498E5; 4708
1DADEE6F856C2B1; 4700
1DADEE775CC2E80; 4699
1DADEE8283DF64C; 4699
1DADEE8DBE261A3; 4691
1DADEE95A8986B0; 4693
1DADEEA07ADC5DD; 4680
1DADEEA576BB51F; 4683
1DADEEAE62ADFEF; 4676
1DADEEB60A5E506; 4673
1DADEEC01DEDA9D; 4685
1DADEEC5A32F279; 4683
1DADEECFE667A57; 4683
1DADEEDB1728C04; 4691
1DADEEE2F813851; 4699
1DADEEE966061EF; 4702
1DADEEF31A3AB71; 4706
1DADEEFCEB09D2E; 4710
1DADEF06CEF25B5; 4715
1DADEF101C2FAFF; 4722
1DADEF17EA01FF9; 4718
1DADEF213EDF185; 4718
1DADEF2C6F8A7D0; 4720
1DADEF3796C41E3; 4727
1DADEF4006BA3A8; 4727
1DADEF4B2ED808E; 4730
1DADEF55D99B7E8; 4723
1DADEF5E237315F; 4723
1DADEF694AAA699; 4727
1DADEF7367C174D; 4727
1DADEF7E9882E7A; 4733
1DADEF879782885; 4736
1DADEF91F934E34; 4734
1DADEF9D16E482D; 4739
1DADEFA69B682B1; 4733
1DADEFAF27F5917; 4733
1DADEFBA66EF08D; 4736
1DADEFC5098A1B9; 4735
1DADEFD03A41CAA; 4734
1DADEFDB747E1A6; 4739
1DADEFE527CEA09; 4736
1DADEFEF7498DA0; 4744
1DADEFF70939D19; 4739
1DADEFFF95D298A; 4740
1DADF00AC687D3B; 4751
1DADF010FB4AA53; 4757
1DADF017DAB5AB0; 4752
1DADF01FFE63BB5; 4752
1DADF02B2F19C0B; 4755
1DADF035D1B4BB5; 4757
1DADF0410261630; 4758
1DADF04C33179C9; 4764
1DADF05528904AC; 4765
1DADF0606594BCC; 4762
1DADF06AFEA8210; 4762
1DADF0764729485; 4764
1DADF08164D195D; 4764
1DADF08C986A0FB; 4775
1DADF092CD23173; 4770
1DADF09A916323A; 4770
1DADF0A5D9D8174; 4776
1DADF0AED126E33; 4778
1DADF0B9BF30158; 4770
1DADF0C18D1ED9F; 4773
1DADF0CBA09AB29; 4780
1DADF0D3D09EBE2; 4788
1DADF0DA64B0D7B; 4794
1DADF0E19051DE2; 4805
1DADF0E5167CED1; 4803
1DADF0EE4EA5E7D; 4802
1DADF0F975D2B72; 4801
1DADF104A764508; 4808
1DADF10D0DBFD95; 4823
1DADF10EF138536; 4823
1DADF11A1866262; 4823
1DADF125460FB2E; 4830
1DADF12DB5F24C1; 4833
1DADF137EF971C7; 4825
1DADF13F842DFE7; 4824
1DADF14AC02EAD6; 4827
1DADF15559256C5; 4831
1DADF15F5987CC1; 4837
1DADF16802A11D0; 4840
1DADF1724F4D9B4; 4831
1DADF17957A8C53; 4833
1DADF18403AE3DC; 4832
1DADF18F2BAFA74; 4840
1DADF1970C7CB39; 4843
1DADF1A11FF741F; 4849
1DADF1A9DB3CEA4; 4852
1DADF1B429C8B02; 4856
1DADF1BE228290F; 4856
1DADF1C940F0728; 4850
1DADF1D23FD3516; 4860
1DADF1D7F88709B; 4850
1DADF1DA7E0FB8D; 4846
1DADF1DE3D63C3C; 4856
1DADF1DF621C641; 4857
1DADF1E70045C46; 4850
1DADF1EDFE1643B; 4859
1DADF1F2EE8CFCF; 4849
1DADF1F41CCF75E; 4848
1DADF6EFE06BB43; 4869
1DADF6FAD10C2D5; 4869
1DADF705F82A1CC; 4870
1DADF7111F45D03; 4896
1DADF7124D8939B; 4894
1DADF7157DECEFA; 4896
1DADF71E60304BD; 4901
1DADF7276A8507A; 4896
1DADF73076C3727; 4903
1DADF7383170B50; 4902
1DADF743595D180; 4895
1DADF74BC921C50; 4894
1DADF756F10EAEB; 4892
1DADF7622DF6733; 4895
1DADF76CC6D5E60; 4891
1DADF776C63528A; 4887
1DADF780A9EBC9E; 4880
1DADF788BA5E7FC; 4885
1DADF79176772AA; 4879
1DADF799B6944BA; 4878
1DADF7A4E812449; 4876
1DADF7B00FFE69A; 4869
1DADF7B87FCABCA; 4865
1DADF7C204309AA; 4860
1DADF7CB32BD5DF; 4852
1DADF7D257A7ACA; 4852
1DADF7DD885BB04; 4849
1DADF7E82AD0CAB; 4849
1DADF7F35C44388; 4847
1DADF7FE85493A8; 4849
1DADF809B6013A7; 4858
1DADF81107DF6E2; 4842
1DADF8122CA3FF5; 4864
1DADF81347D6DDD; 4841
1DADF81477FA75C; 4842
1DADF81C3C2D0A2; 4863
1DADF81D60E9788; 4841
1DADF81E85A2E2E; 4835
1DADF81FB3F0DB6; 4835
1DADF82AE77645C; 4849
1DADF82F6F0220E; 4849
1DADF83A9F92009; 4850
1DADF845DCAA2D3; 4847
1DADF8508C8EE79; 4847
1DADF85BA284C51; 4826
1DADF85CC73EC73; 4824
1DADF85FB5B3E19; 4843
1DADF860E5E0334; 4822
1DADF86202FC512; 4845
1DADF86336027D3; 4842
1DADF8643E26379; 4843
1DADF86B57B2A0A; 4849
1DADF872CFBA654; 4848
1DADF87E0054DDB; 4833
1DADF881F8D636B; 4833
1DADF88D2A5F85E; 4823
1DADF893EE18A69; 4829
1DADF89B368381C; 4823
1DADF8A2CB114E5; 4822
1DADF8ADFBD1D4B; 4827
1DADF8B7EFD2ADA; 4817
1DADF8BE2E136E8; 4816
1DADF8C95EA3C27; 4820
1DADF8D3721EB58; 4826
1DADF8DC2E4B0C9; 4819
1DADF8E3CC697EB; 4816
1DADF8EDD65EBC6; 4822
1DADF8F6928B6BC; 4857
1DADF8F7B92F4BC; 4864
1DADF8F8CAD84C7; 4869
1DADF8F9FDE0ED2; 4881
1DADF8FB0603D1B; 4885
1DADF8FC2136B67; 4886
1DADF903992B4FC; 4892
1DADF90B53E2637; 4903
1DADF90F6905E95; 4911
1DADF910F6AC240; 4903
1DADF91224ECAC4; 4903
1DADF91D4C27D1C; 4912
1DADF9249E10DA2; 4927
1DADF925C2C9E56; 4927
1DADF930F38CAB2; 4943
1DADF9345D1FE98; 4936
1DADF93578529C8; 4935
1DADF93CFCB32E1; 4944
1DADF9426B06FCD; 4941
1DADF94C0B3F0A6; 4946
1DADF95539DCA08; 4996
1DADF9565519B1C; 4984
1DADF957835D4A5; 4982
1DADF95AB3C0649; 5017
1DADF95BCEFDFBC; 4998
1DADF95CF3B868C; 5003
1DADF95E0EEACBC; 5009
1DADF95F2A1D428; 5012
1DADF9604EE188F; 5037
1DADF961739C9E6; 5024
1DADF96298618B0; 5027
1DADF96423225FE; 5033
1DADF9653E54ACC; 5028
1DADF96663100C5; 5028
1DADF97193B21C5; 5023
1DADF97B2D1E40B; 5030
1DADF9830E07F7A; 5027
1DADF98D2B02536; 5029
1DADF9983F2ABD9; 5031
1DADF9A36FEB2F4; 5029
1DADF9AE99DF597; 5029
1DADF9B9D6F8796; 5024
1DADF9C351ED3FD; 5030
1DADF9CBDE7A6D8; 5058
1DADF9CCF9A26CE; 5059
1DADF9D471AC499; 5061
1DADF9DF30DE6C6; 5058
1DADF9E9D36FBD7; 5057
1DADF9F4FC9DA33; 5057
1DADFA0039B6A2F; 5058
1DADFA0B5766739; 5042
1DADFA0EC0F1189; 5044
1DADFA17E7F9D85; 5053
1DADFA1E5F74E21; 5064
1DADFA210B32B65; 5064
1DADFA2C326048F; 5071
1DADFA34A24DB48; 5086
1DADFA3685CF424; 5086
1DADFA41B67A193; 5101
1DADFA45AF065F1; 5105
1DADFA4C7C52782; 5112
1DADFA52EA43672; 5122
1DADFA56732CE85; 5127
1DADFA5B0DDC3D1; 5129
1DADFA64F1B1722; 5136
1DADFA6D0244150; 5135
1DADFA782C37623; 5137
1DADFA835D136C3; 5137
1DADFA8E8DB9FD5; 5132
1DADFA981DA615C; 5131
1DADFAA344DDA1E; 5132
1DADFAAE7879E7C; 5127
1DADFAB7F37621D; 5127
1DADFAC32635666; 5132
1DADFACCB622194; 5130
1DADFAD7C0D4927; 5126
1DADFAE1CAD3FA1; 5129
1DADFAEC50D6A29; 5129
1DADFAF781A3215; 5126
1DADFB0223420BA; 5126
1DADFB0D540E4D0; 5126
1DADFB1884E226A; 5127
1DADFB23AC05E3C; 5135
1DADFB2B8CF18CD; 5135
1DADFB373E5D35C; 5125
1DADFB3E153C20B; 5118
1DADFB448BBE7A1; 5116
1DADFB4F1B50DFD; 5116
1DADFB5A4294369; 5116
1DADFB65735EF10; 5117
1DADFB70B256B0C; 5118
1DADFB7BD01BC7C; 5122
1DADFB85E3ABEFC; 5126
1DADFB8FD11C1AB; 5134
1DADFB99B87A577; 5138
1DADFBA39C64486; 5140
1DADFBAEB083A9F; 5140
1DADFBB9E14DB5B; 5151
1DADFBC01604EB8; 5151
1DADFBCB3D34FAF; 5153
1DADFBD66DF5AE3; 5154
1DADFBE1AB22FFB; 5156
1DADFBECC8C3B3B; 5159
1DADFBF774EB38A; 5163
1DADFC018C506F2; 5160
1DADFC0BFE5318C; 5164
1DADFC15F54AF40; 5163
1DADFC21260C362; 5164
1DADFC2C56C3402; 5164
1DADFC377DFC1FB; 5159
1DADFC410C08F52; 5164
1DADFC4A3133852; 5166
1DADFC553BBEBBB; 5170
1DADFC5F4F5010D; 5171
1DADFC6A768763A; 5167
1DADFC749E2B2AD; 5171
1DADFC7E7878E1E; 5176
1DADFC87BA3A85B; 5174
1DADFC92C4C740E; 5179
1DADFC9C3FB9747; 5180
1DADFCA77078776; 5180
1DADFCB2979EB7A; 5178
1DADFCBDC856668; 5185
1DADFCC6384A4F6; 5185
1DADFCD15F7A517; 5185
1DADFCDC9025CD7; 5186
1DADFCE7C0DD0E7; 5185
1DADFCF2E809FB3; 5186
1DADFCFE18B7E8E; 5189
1DADFD08C4D0E71; 5189
1DADFD13EBFE79C; 5190
1DADFD1F1CA9FAF; 5197
1DADFD27830EDE5; 5212
1DADFD296686A9C; 5215
1DADFD2D1C4ED2B; 5219
1DADFD338A4230D; 5214
1DADFD3B6B23097; 5222
1DADFD41EE03F05; 5219
1DADFD4B98A8C75; 5230
1DADFD517E326EC; 5233
1DADFD5AEEA41AD; 5241
1DADFD62370514B; 5241
1DADFD6D67B0986; 5245
1DADFD777B36AE5; 5246
1DADFD82ABEE5EF; 5253
1DADFD8B1BD973D; 5257
1DADFD94A04996E; 5278
1DADFD95BB7B596; 5251
1DADFD96E9C8B23; 5259
1DADFD9804FCE00; 5260
1DADFD9F98AC497; 5261
1DADFDAAA342C8B; 5260
1DADFDB5D3F0B5C; 5260
1DADFDC104886CA; 5264
1DADFDCB1803D70; 5264
1DADFDD648B9AF7; 5263
1DADFDE185BF72D; 5264
1DADFDECA3660F9; 5265
1DADFDF7D426388; 5265
1DADFE02FB345E1; 5262
1DADFE0DA739D52; 5259
1DADFE1836B2BE9; 5267
1DADFE1FE7E1A79; 5270
1DADFE29FA7FAB3; 5269
1DADFE352281A5F; 5291
1DADFE363DB3A6D; 5268
1DADFE376DDF2A4; 5266
1DADFE3AB5F0590; 5269
1DADFE420134E10; 5268
1DADFE4D1FA370C; 5264
1DADFE574819C02; 5269
1DADFE6095328E1; 5267
1DADFE6B8F5F39F; 5269
1DADFE76C0E81EA; 5275
1DADFE7FBFCBC2D; 5274
1DADFE8AE6D1C5F; 5274
1DADFE961859B16; 5274
1DAE03532740729; 5300
1DAE035E4E3B4CE; 5312
1DAE0363F2EE91C; 5312
1DAE036F31BA231; 5306
1DAE03781D825F7; 5311
1DAE038125E497B; 5308
1DAE038B858C270; 5308
1DAE0396ACAFD44; 5308
1DAE03A1E99728D; 5309
1DAE03AD0BC41E7; 5310
1DAE03B833BC27D; 5308
1DAE03C3652FE4B; 5303
1DAE03CCE8B0EA8; 5300
1DAE03D75B72502; 5296
1DAE03E15BC8D17; 5295
1DAE03EC8987547; 5297
1DAE03F7B0B4E70; 5297
1DAE0402E159109; 5293
1DAE040D021B63B; 5293
1DAE041858CACCF; 5293
1DAE042359CFDB2; 5283
1DAE042A0A6F5A4; 5289
1DAE0431491F2C9; 5286
1DAE043B3668BF2; 5281
1DAE04448194C91; 5274
1DAE044C5BB3EC7; 5271
1DAE04566E47FB5; 5269
1DAE0461825EDBF; 5257
1DAE046733720AB; 5262
1DAE046E8ED8A35; 5261
1DAE0479BF5F891; 5265
1DAE0483DE4B00D; 5264
1DAE048F0EF8C03; 5259
1DAE0498935F3BE; 5266
1DAE04A07DBE08E; 5263
1DAE04AA9CABEF8; 5262
1DAE04B5C3BC3A0; 5268
1DAE04BEB92313B; 5266
1DAE04C9BA31E4F; 5265
1DAE04D4EBC5274; 5260
1DAE04DE703548C; 5261
1DAE04E9A0F6BA9; 5261
1DAE04F4C8246C1; 5256
1DAE04FE561ECC2; 5255
1DAE050986E03E4; 5254
1DAE0514AE1791F; 5253
1DAE051FDFA115F; 5248
1DAE052964119B3; 5239
1DAE053014BD313; 5244
1DAE05384889CE7; 5245
1DAE054357C6DE0; 5242
1DAE054DFA4E6D6; 5243
1DAE055939345C5; 5240
1DAE0563D41E98C; 5243
1DAE056E638D047; 5235
1DAE05760B3D557; 5233
1DAE0580DD6B51A; 5234
1DAE058C04A5133; 5252
1DAE058E6601277; 5252
1DAE059983B33D3; 5248
1DAE05A398341BD; 5229
1DAE05A4C67F02C; 5229
1DAE05AFEDB8C65; 5249
1DAE05B1258409D; 5250
1DAE05B912C6101; 5231
1DAE05BA2E01933; 5253
1DAE05BB5C4527A; 5252
1DAE05C31BC15F9; 5228
1DAE05C436F31F1; 5228
1DAE05CF67B2246; 5227
1DAE05DA8EEBE5F; 5227
1DAE05E5BF8DA28; 5247
1DAE05E702CAF70; 5248
1DAE05EF09D456F; 5247
1DAE05FA3D65818; 5242
1DAE0603CB6983D; 5222
1DAE0604DD139A4; 5216
1DAE0605F847C92; 5222
1DAE06071D0AFFE; 5222
1DAE0612443B00E; 5241
1DAE06140B194C3; 5221
1DAE0615264D7E9; 5220
1DAE061C94CD407; 5234
1DAE061E18EBF6D; 5237
1DAE061FB9A1BF1; 5216
1DAE0620D4D5F3E; 5236
1DAE06220320D87; 5233
1DAE06231E550A6; 5213
1DAE062439908EC; 5213
1DAE062F6A3E7E3; 5213
1DAE063A9AF3BF2; 5230
1DAE063D7FE9781; 5230
1DAE0648A70FB68; 5220
1DAE064F6ADE346; 5206
1DAE06508619BA0; 5226
1DAE0651AAD32FD; 5209
1DAE0652CF98D28; 5209
1DAE065E69314A0; 5207
1DAE06699A10012; 5207
1DAE0674CACF07E; 5207
1DAE067FF1FF04B; 5230
1DAE068116C2393; 5206
1DAE06823B7E1F8; 5212
1DAE068356B9A49; 5212
1DAE068E92E3630; 5234
1DAE068FAE15263; 5219
1DAE0690D2DACCC; 5218
1DAE0698710D312; 5223
1DAE06A0F41CBA8; 5230
1DAE06A875AE368; 5260
1DAE06A99A73DD8; 5264
1DAE06AABF37117; 5264
1DAE06B5EA4CE5B; 5270
1DAE06BEDFD10C6; 5258
1DAE06C34ACFDA9; 5262
1DAE06CA9CC24A8; 5269
1DAE06D172B1114; 5276
1DAE06D7EA35DCB; 5278
1DAE06E290AD033; 5284
1DAE06EB567E806; 5289
1DAE06F44BF975F; 5292
1DAE06FE98C3259; 5294
1DAE0709BFFBDB8; 5299
1DAE07134398FD7; 5296
1DAE071DB68E800; 5294
1DAE0728DDCF95C; 5291
1DAE0733974E42F; 5296
1DAE073CF5B3EAA; 5295
1DAE07482675617; 5294
1DAE0753573E24A; 5299
1DAE075CE733FB7; 5299
1DAE07680E6DBDD; 5296
1DAE0772B112B20; 5300
1DAE077CBA2B440; 5300
1DAE0787EDBC6E9; 5299
1DAE079314FD835; 5299
1DAE079E3E0E213; 5297
1DAE07A96ED6E6A; 5298
1DAE07B49F98586; 5291
1DAE07BD05FD40F; 5289
1DAE07C7F41032C; 5285
1DAE07D1FE17DDA; 5277
1DAE07D97FA96CC; 5273
1DAE07E2B9CDC18; 5268
1DAE07EBD566DF7; 5267
1DAE07F7147B2C4; 5270
1DAE0801B900C7B; 5275
1DAE080B1767926; 5279
1DAE0814D52EC3B; 5289
1DAE081B0BD1E84; 5288
1DAE0826297860D; 5302
1DAE082AB1176D9; 5294
1DAE082D40407EC; 5303
1DAE082E5B6FD29; 5304
1DAE0835D383A60; 5306
1DAE084091F91E5; 5309
1DAE084B2A19B4A; 5312
1DAE0855C32F81D; 5317
1DAE085F2B25EFE; 5321
1DAE0868F198AD0; 5317
1DAE0872C270B88; 5324
1DAE087AC98FCD1; 5328
1DAE0884317B43D; 5322
1DAE088CB494675; 5323
1DAE0897E5625F1; 5330
1DAE08A04BD0FAA; 5332
1DAE08AB39C3C96; 5333
1DAE08B676E40C9; 5328
1DAE08BFF1E0032; 5334
1DAE08C8740BCDF; 5339
1DAE08D156745C1; 5339
1DAE08DC9397855; 5344
1DAE08E60E99346; 5342
1DAE08F11A1B578; 5345
1DAE08FBBCC02B7; 5346
1DAE0906ED88F34; 5347
1DAE09122034C41; 5345
1DAE091D47784A6; 5345
1DAE09286EB95F3; 5351
1DAE09316CCAD57; 5352
1DAE093C9D8C80B; 5351
1DAE0947C4CD958; 5348
1DAE0952701E86D; 5356
1DAE095A216049B; 5351
1DAE0962B781943; 5356
1DAE096BAEE3E27; 5356
1DAE0976CC89C4B; 5353
1DAE098178B6473; 5376
1DAE0982A8E43B8; 5377
1DAE098A63ADAD6; 5392
1DAE098B88698E7; 5393
1DAE0993322184F; 5401
1DAE0999706BFC6; 5410
1DAE099DA23A3DD; 5412
1DAE09A74CE8D7F; 5412
1DAE09B28730BF6; 5409
1DAE09BD2D96CDB; 5415
1DAE09C60677CEB; 5416
1DAE09D13739415; 5420
1DAE09DB5374BD7; 5420
1DAE09E686F9AF2; 5429
1DAE09EDD8EE905; 5434
1DAE09F6413B674; 5433
1DAE0A0168752A6; 5437
1DAE0A0B7BFAC35; 5429
1DAE0A130711917; 5438
1DAE0A187386FCC; 5434
1DAE0A20AA41BD6; 5439
1DAE0A296676FD4; 5438
1DAE0A34A38614D; 5437
1DAE0A3FC1186F3; 5438
1DAE0A4AF1E1835; 5443
1DAE0A548B4CC54; 5444
1DAE0A5FA9CFD47; 5438
1DAE0A689F3E65E; 5443
1DAE0A71A7BE618; 5448
1DAE0A7AB032B1D; 5442
1DAE0A83168CE25; 5448
1DAE0A8B3A2E16D; 5449
1DAE0A96622ED73; 5448
1DAE0AA192C7E12; 5446
1DAE0AACBAD129E; 5449
1DAE0AB772535A8; 5449
1DAE0AC28FD2753; 5447
1DAE0ACDC163D22; 5448
1DAE0AD8F2EB3F5; 5449
1DAE0AE4238502D; 5446
1DAE0AEECF8973E; 5447
1DAE0AF9F789709; 5450
1DAE100AAC10695; 5466
1DAE1015C00E536; 5466
1DAE1020FD0A557; 5464
1DAE102C242FDAA; 5456
1DAE1033FB89138; 5486
1DAE103516BB74D; 5493
1DAE103644FD787; 5493
1DAE10418F67F14; 5486
1DAE1049EE43CF0; 5486
1DAE10551566A8A; 5491
1DAE105EA54B62C; 5489
1DAE1069AFB95FC; 5501
1DAE106F424BF91; 5501
1DAE107A7F63FFB; 5497
1DAE108494C87D0; 5493
1DAE108E6E11233; 5498
1DAE1097AFBF40F; 5492
1DAE10A01FA214D; 5495
1DAE10AA62C45C2; 5496
1DAE10B5937C0CD; 5498
1DAE10C0BAA9A03; 5497
1DAE10CBEB4B5B5; 5494
1DAE10D6975A99A; 5488
1DAE10DF701E2E5; 5485
1DAE10E9C65C08C; 5477
1DAE10F15AF0C5D; 5473
1DAE10FAA629043; 5485
1DAE10FF40CE439; 5464
1DAE110070FC3A9; 5464
1DAE110BA6580AA; 5464
1DAE1116C3FDEEA; 5520
1DAE1117DF396F8; 5525
1DAE111903F556A; 5528
1DAE111A1F27154; 5535
1DAE111B43ECBE2; 5532
1DAE111C68A62FD; 5544
1DAE111D8D6BD36; 5543
1DAE11252202FEE; 5555
1DAE11285BEE8A2; 5551
1DAE112DE9C630D; 5572
1DAE112F0E82128; 5566
1DAE11304CFB8EE; 5565
1DAE113824524DC; 5542
1DAE11394917F35; 5548
1DAE113A6449B63; 5548
1DAE1145950B2B7; 5547
1DAE1150BC25366; 5545
1DAE115BECE6AC0; 5534
1DAE116238779F4; 5534
1DAE116D6277555; 5539
1DAE1176DC77FE2; 5540
1DAE11820D3971B; 5552
1DAE1187B2E6C2C; 5552
1DAE1192E3A833F; 5559
1DAE119B4A0AABC; 5560
1DAE11A67AD5E2B; 5559
1DAE11B1AB97543; 5546
1DAE11B6C238EDC; 5570
1DAE11B7E6F2613; 5571
1DAE11BF851AFD4; 5532
1DAE11C0A058F2A; 5534
1DAE11C3446D45E; 5533
1DAE11CD7496251; 5526
1DAE11D59840567; 5523
1DAE11DFC770597; 5525
1DAE11EAEEBB312; 5529
1DAE11F5024CFCF; 5523
1DAE11FDC06B37C; 5520
1DAE120803AD33D; 5512
1DAE120F9857E60; 5527
1DAE1210B395D9E; 5533
1DAE1211D851BDB; 5526
1DAE1213069CA56; 5530
1DAE121421DA9A0; 5523
1DAE121546940AF; 5530
1DAE12166B59B2F; 5522
1DAE1217868B74C; 5529
1DAE1218A1C968B; 5529
1DAE1223D274E73; 5518
1DAE122A0737B25; 5516
1DAE12348D3BB00; 5516
1DAE123FB55AC9B; 5518
1DAE124AE62FC07; 5515
1DAE1255925C467; 5519
1DAE125F94BCDE2; 5510
1DAE126680947E9; 5508
1DAE1271232F905; 5527
1DAE1272812D18E; 5517
1DAE1273A5F2BC9; 5523
1DAE1274D4364F6; 5523
1DAE127FFB63E0F; 5521
1DAE128B2C429B8; 5500
1DAE128C50FE7E3; 5495
1DAE128D75C1B33; 5524
1DAE128E90F5E69; 5498
1DAE128FB7A37D4; 5524
1DAE1290D2DF02B; 5525
1DAE12984AF2A13; 5519
1DAE129FFC4094A; 5522
1DAE12AA0EEA9B1; 5491
1DAE12AB2A1C5E3; 5509
1DAE12AC4EE204E; 5503
1DAE12AD6A1D89C; 5510
1DAE12AE8551BE2; 5509
1DAE12B5FD6CAFB; 5510
1DAE12C124B9FA0; 5508
1DAE12CC55852D2; 5506
1DAE12D7865A240; 5528
1DAE12D8AB1397F; 5531
1DAE12D9DB4B4D0; 5534
1DAE12DAF67D0F9; 5534
1DAE12E62748453; 5514
1DAE12E75F1D4B2; 5529
1DAE12E883E07FD; 5535
1DAE12E99F14B39; 5538
1DAE12EABA503A9; 5529
1DAE12EBF40F9F6; 5531
1DAE12EF672BB93; 5542
1DAE12F082673E9; 5541
1DAE12F7FA84A2F; 5536
1DAE13006A84BBF; 5548
1DAE13046CA2CC1; 5545
1DAE130C99E0E0C; 5556
1DAE131117F8D59; 5559
1DAE1319C324F9B; 5552
1DAE132144C049D; 5558
1DAE1328FF8C2B7; 5557
1DAE133430611F7; 5574
1DAE133715609A0; 5577
1DAE133DBC8BD5D; 5574
1DAE13478F4D520; 5587
1DAE134BDDAB531; 5586
1DAE1356E86188B; 5587
1DAE13620FAC5F6; 5590
1DAE136CBAE9CC4; 5592
1DAE1377EBB5040; 5583
1DAE137F3DB133A; 5576
1DAE13861498D67; 5573
1DAE138FDBEAB2A; 5584
1DAE13956E92631; 5586
1DAE139FBB65D1B; 5592
1DAE13A8813751B; 5596
1DAE13B218D4190; 5592
1DAE13BBF51FB43; 5601
1DAE13C2B8EBC16; 5598
1DAE13CC89C54A7; 5607
1DAE13D34CB5C6E; 5623
1DAE13D467F3BDE; 5601
1DAE13D58CAF9F6; 5610
1DAE13D6A7EB251; 5608
1DAE13D9370F789; 5610
1DAE13E15D95997; 5605
1DAE13EA1BD3863; 5611
1DAE13F25B58F14; 5603
1DAE13F902842CA; 5606
1DAE1402C9CC43B; 5606
1DAE140DF1171B4; 5611
1DAE14178A94842; 5612
1DAE1422A85058C; 5604
1DAE142A893AF7C; 5594
1DAE142F79BDCFC; 5598
1DAE14375120C23; 5594
1DAE1440A5FB864; 5598
1DAE144A6D439D9; 5603
1DAE1453A57D8FC; 5612
1DAE145A31F25BA; 5608
1DAE14630AD3388; 5610
1DAE146E1843316; 5622
1DAE1473ACCB817; 5630
1DAE1477FE0A499; 5633
1DAE14806E00A21; 5630
1DAE148AB142A07; 5638
1DAE149245E38CF; 5642
1DAE149B898F8E6; 5639
1DAE14A5F2E8FD5; 5635
1DAE14AFE9D7843; 5633
1DAE14BB0862BC5; 5638
1DAE14C4984EB10; 5639
1DAE14CFC06402E; 5636
1DAE14DA6E67619; 5639
1DAE14E4FDDD212; 5642
1DAE14EF8D5F0DF; 5642
1DAE14FABE2A436; 5650
1DAE15029581037; 5683
1DAE1503BA3CE4F; 5695
1DAE1504D5786B4; 5693
1DAE15076492FE3; 5704
1DAE15088958A7F; 5711
1DAE1509AE1216F; 5720
1DAE150AC9500C4; 5724
1DAE150BEE09834; 5725
1DAE15138C3BDE9; 5728
1DAE151D9FC178F; 5730
1DAE1528B3EBDBF; 5734
1DAE1532D0F924F; 5743
1DAE1539BADCA38; 5744
1DAE1544F6F06E2; 5748
1DAE154F00EE5AE; 5747
1DAE155A31B98BC; 5746
1DAE156558D3980; 5753
1DAE156DC8C02E6; 5766
1DAE157115C4D95; 5757
1DAE15723A7E4F1; 5757
1DAE157D61C1D1F; 5767
1DAE158425841F1; 5761
1DAE158B6440242; 5758
1DAE15955B2EB0E; 5766
1DAE159CC9AE6C6; 5767
1DAE15A7FB4B745; 5761
1DAE15B0FA43BF4; 5760
1DAE15BC217B119; 5760
1DAE15C7524645E; 5766
1DAE15D0513C216; 5771
1DAE15D950346E4; 5770
1DAE15E48D60CE9; 5771
1DAE15EFAAFCE96; 5773
1DAE15FADBC5B41; 5782
1DAE16022DBA8F6; 5780
1DAE160CECD92E9; 5787
1DAE1615369AD13; 5786
1DAE16206766052; 5782
1DAE162A8FDB9C8; 5781
1DAE1635AD817F5; 5786
1DAE163F3B830F3; 5796
1DAE1645408976E; 5797
1DAE16507141231; 5808
1DAE1656A5F7B94; 5814
1DAE165D864C35A; 5824
1DAE1661885E141; 5837
1DAE1662AF01E24; 5829
1DAE1663C0B5B8B; 5832
1DAE1664F0E3ACE; 5836
1DAE16660C15720; 5842
1DAE1667275366A; 5838
1DAE16684C0CD94; 5846
1DAE16697A5A2C1; 5843
1DAE166A958BEF0; 5850
1DAE166BB0C0224; 5848
1DAE166E496C28C; 5850
1DAE167662C90F2; 5872
1DAE1677910A30F; 5872
1DAE1682B843F5D; 5886
1DAE1687496186D; 5890
1DAE168ECDB90FD; 5880
1DAE1693685E4CA; 5887
1DAE16975757041; 5882
1DAE169CB0B0DEE; 5883
1DAE16A7E23A625; 5885
1DAE16B30A39C0A; 5884
1DAE16BE491381D; 5890
1DAE16C73E7098D; 5895
1DAE16D046DAA2C; 5904
1DAE16D6AB30531; 5903
1DAE16E1DCB9D6C; 5898
1DAE16EB612034D; 5898
1DAE16F6929D81D; 5899
1DAE1701B9A43EA; 5899
1DAE170CF694301; 5907
1DAE1714CDE39CE; 5902
1DAE171D6D62E66; 5908
1DAE1725A40B671; 5899
1DAE172B95ED73B; 5903
1DAE173418DF449; 5902
1DAE173F4C4647D; 5905
1DAE1749EEB9A45; 5901
1DAE1754040CA5C; 5922
1DAE17551F3F2D3; 5907
1DAE17563A7B287; 5902
1DAE17575F34677; 5901
1DAE175EF3B94D0; 5901
1DAE176A2539FA6; 5902
1DAE17754D2D577; 5902
1DAE17807DBB537; 5929
1DAE1781A2772F2; 5911
1DAE1782C73087B; 5912
1DAE178A683EA19; 5902
1DAE178F1F7B290; 5903
1DAE1C8BBD9A391; 5928
1DAE1C96E4C096A; 5933
1DAE1C9E662BC62; 5928
1DAE1CA6F49BBCF; 5933
1DAE1CAFCD5FA52; 5927
1DAE1CB8170E3E5; 5927
1DAE1CC3479492E; 5926
1DAE1CCE783F730; 5922
1DAE1CD88BA7B5D; 5923
1DAE1CE3D40A2FD; 5928
1DAE1CED5865B4B; 5949
1DAE1CEE7398909; 5949
1DAE1CF9A4459EC; 5950
1DAE1D04D4E579E; 5951
1DAE1D1005923A4; 5953
1DAE1D1B4283A84; 5953
1DAE1D266015EA7; 5953
1DAE1D319193398; 5955
1DAE1D3CC23EB77; 5951
1DAE1D46EC8B2A5; 5950
1DAE1D520A310C8; 5948
1DAE1D5D3154D91; 5950
1DAE1D6861ECD50; 5956
1DAE1D71573DB7F; 5952
1DAE1D7B0B4CF70; 5952
1DAE1D863C02374; 5954
1DAE1E86958F8BB; 5968
1DAE1E917ACF818; 5971
1DAE1E9C1C5826A; 5971
1DAE1EA7437C781; 5971
1DAE1EB2743565E; 5967
1DAE1EBC912F29B; 5969
1DAE1EC7A54DEE2; 5969
1DAE1ED2D604556; 5970
1DAE1EDDFDFB81C; 5969
1DAE1EE92F78D16; 5970
1DAE1EF461005F6; 5970
1DAE1EFF88F8285; 5993
1DAE1F00ADB27C6; 6000
1DAE1F01DBFE1B2; 6003
1DAE1F0300B9466; 6010
1DAE1F041BEB06A; 6013
1DAE1F054A372B5; 6021
1DAE1F0670DBCB4; 6023
1DAE1F0955C8C6D; 6037
1DAE1F0A7A835BB; 6042
1DAE1F0B9F48807; 6044
1DAE1F0E8FA61F6; 6058
1DAE1F0FA15034E; 6062
1DAE1F10BC83D47; 6065
1DAE1F11E147996; 6064
1DAE1F1975DEC47; 6062
1DAE1F244713EC0; 6063
1DAE1F2F77C929C; 6059
1DAE1F398B3B3F0; 6057
1DAE1F44A8BA154; 6054
1DAE1F4FD2A3D6E; 6052
1DAE1F5AE78A16F; 6055
1DAE1F658DD06F2; 6057
1DAE1F70B507C48; 6062
1DAE1F7A39708FC; 6066
1DAE1F84092572A; 6065
1DAE1F8F39DAB0D; 6069
1DAE1F994D4CC5E; 6070
1DAE1FA47ED3D73; 6075
1DAE1FAE033A36B; 6077
1DAE1FB9175AD5C; 6076
1DAE1FC447E69C6; 6078
1DAE1FCF6F0CDB8; 6081
1DAE1FDA1B0FE79; 6083
1DAE1FE54BACEF7; 6091
1DAE1FED22ED99C; 6091
1DAE1FF853A2D9E; 6092
1DAE20037AD06AF; 6091
1DAE200EAB5EA36; 6094
1DAE201957641BF; 6095
1DAE2024881B94A; 6096
1DAE202FBAABAD4; 6097
1DAE203AE29DA79; 6097
1DAE2046142729C; 6099
1DAE20513B48871; 6102
1DAE205BE74E15E; 6104
1DAE206718CB646; 6103
1DAE207240C374E; 6102
1DAE207D724266C; 6103
1DAE20889A3794D; 6106
1DAE2093463D2E9; 6107
1DAE209E77BA7F3; 6104
1DAE20A91A38496; 6102
1DAE20B44ABCBF7; 6104
1DAE20BF72BE1F1; 6102
1DAE20CAA43B8D8; 6100
1DAE20D5D4C9C65; 6102
1DAE20E0FCC926E; 6102
1DAE20EC2E48E50; 6105
1DAE20F6CFCB67F; 6102
1DAE210168B7BE7; 6102
1DAE210CA5A71D3; 6100
1DAE2117C325F51; 6100
1DAE2122F4A3441; 6097
1DAE212D972032A; 6098
1DAE2138D40F8FE; 6099
1DAE2143F27FF0F; 6095
1DAE214E0F79B4A; 6098
1DAE21588B047EF; 6097
1DAE2163BC8C9C6; 6100
1DAE216E688FEE0; 6097
1DAE2178F7057FE; 6098
1DAE2184288D068; 6097
1DAE218F508C019; 6098
1DAE219A8123FCD; 6102
1DAE21A49E1DBF6; 6100
1DAE21AFBE787F7; 6101
1DAE21BAE677E13; 6101
1DAE21C60E6D7E8; 6100
1DAE21D13FF700E; 6102
1DAE21DC67ECA0F; 6101
1DAE21E798ABA2C; 6101
1DAE21F2C96353E; 6106
1DAE21FC4DC9AF7; 6106
1DAE22077E57EC2; 6107
1DAE2212AF0D2A9; 6109
1DAE221DD63D29E; 6110
1DAE222912647CA; 6108
1DAE2234300A5C8; 6109
1DAE223F789544E; 6112
1DAE224A2A5772D; 6121
1DAE225130C83C9; 6118
1DAE225B14916F7; 6122
1DAE2264EDE3DCD; 6125
1DAE226F6A4077B; 6125
1DAE227A916E070; 6125
1DAE2285C1FEB03; 6126
1DAE2290FF15191; 6126
1DAE229C1CBD6A0; 6129
1DAE22A6D6308B9; 6131
1DAE22B1F3E02C3; 6128
1DAE22BC9FDBE73; 6128
1DAE22C7C7DB4B6; 6129
1DAE22D2F892F65; 6129
1DAE22DE1FC0891; 6139
1DAE22E4E36F52C; 6143
1DAE22EDD8CC662; 6160
1DAE22EEF407ED4; 6161
1DAE22F6627DE72; 6174
1DAE22F8AED8E8B; 6175
1DAE23029C29CE5; 6177
1DAE230DB9A8A21; 6178
1DAE2318EA54211; 6178
1DAE23241181B1A; 6173
1DAE232D9E8A6B2; 6178
1DAE2336C397B58; 6181
1DAE23412EC58E2; 6173
1DAE2348C35A4A9; 6183
1DAE234D8F9C8F9; 6189
1DAE2352E82E5C9; 6189
1DAE235E2544C68; 6187
1DAE236942EB590; 6194
1DAE2371B2C4691; 6194
1DAE237CD9F1FB2; 6189
1DAE238667E0086; 6194
1DAE238F966B3E6; 6195
1DAE239ABD82DB1; 6217
1DAE239BEBBF1D0; 6189
1DAE239D1083917; 6194
1DAE239E2BB5576; 6195
1DAE23A5A3B4B10; 6197
1DAE23B062C9759; 6197
1DAE23BB963AE0B; 6197
1DAE23C6BD68567; 6196
1DAE23D1EE158D1; 6192
1DAE23DC1681216; 6198
1DAE23E4BF9A7E5; 6200
1DAE23EFAE58F37; 6198
1DAE23FADFDF700; 6198
1DAE240633C8DE4; 6202
1DAE24103609E53; 6199
1DAE241AB36A3ED; 6203
1DAE2424A0B2AD0; 6201
1DAE242FBF20D07; 6202
1DAE29275768670; 6209
1DAE293251C2D65; 6212
1DAE293CE060739; 6228
1DAE29400096EB9; 6228
1DAE294B1E2B903; 6225
1DAE2955CA32435; 6226
1DAE2960F1416C5; 6225
1DAE296C21EE393; 6224
1DAE2977529AF2B; 6224
1DAE29827C8454D; 6224
1DAE298DB99578B; 6221
1DAE29985291B47; 6218
1DAE29A2EA9701B; 6214
1DAE29ACE172055; 6205
1DAE29B3C1CB61B; 6204
1DAE29BF0C40AD5; 6197
1DAE29C75F89FF0; 6196
1DAE29D2903F427; 6193
1DAE29DDA255CA1; 6193
1DAE29E8C985C9C; 6191
1DAE29F4069C338; 6191
1DAE29FF30C3103; 6204
1DAE2A04475AE5E; 6190
1DAE2A056C208B9; 6192
1DAE2A085C8855D; 6183
1DAE2A096E326A8; 6210
1DAE2A0A92F80F3; 6209
1DAE2A12278CC8C; 6191
1DAE2A134C5276A; 6195
1DAE2A14710F15F; 6199
1DAE2A158C4A9C8; 6199
1DAE2A20BD1D258; 6198
1DAE2A2BF0AE4E9; 6199
1DAE2A3717DBDED; 6201
1DAE2A423F1F61F; 6201
1DAE2A4D6FD4A1A; 6204
1DAE2A581BEDA34; 6203
1DAE2A63431B340; 6199
1DAE2A6D5F39660; 6205
1DAE2A76845A365; 6204
1DAE2A81AB91872; 6203
1DAE2A8CDF18EDC; 6222
1DAE2A8EA600FAA; 6200
1DAE2A8FC135319; 6201
1DAE2A97393C9B7; 6195
1DAE2A9F024A44B; 6220
1DAE2AA00A6CA67; 6220
1DAE2AAB3489A59; 6193
1DAE2AAC594F478; 6193
1DAE2AB78CD6AEF; 6211
1DAE2AB9D939010; 6211
1DAE2AC521B7835; 6212
1DAE2AD0413F83B; 6190
1DAE2AD15C7147E; 6190
1DAE2ADC8D3AFC8; 6195
1DAE2AE611B6C25; 6197
1DAE2AF125CAEBA; 6194
1DAE2AFBC865B40; 6210
1DAE2AFEDD0E0E9; 6192
1DAE2B0001C7A45; 6191
1DAE2B079FFC756; 6194
1DAE2B11A90849B; 6194
1DAE2B1CD9D3782; 6201
1DAE2B2549C9D32; 6206
1DAE2B2E19193D3; 6211
1DAE2B37180F2D0; 6214
1DAE2B416E56E37; 6215
1DAE2B4C9F21ABC; 6219
1DAE2B56BC38830; 6223
1DAE2B60A00C502; 6221
1DAE2B6BBDD00C2; 6224
1DAE2B765F723D7; 6226
1DAE2B81903BAA6; 6229
1DAE2B8C3C55777; 6247
1DAE2B8E32E7C51; 6228
1DAE2B8F57A15F5; 6228
1DAE2B9A88639C5; 6245
1DAE2B9D6D58DC0; 6224
1DAE2B9E921C4FC; 6224
1DAE2BA9C2E6DF1; 6228
1DAE2BB3E1B97F1; 6231
1DAE2BBE5F2EA88; 6233
1DAE2BC9866FBC1; 6241
1DAE2BD15DD2AEF; 6244
1DAE2BDB79F0E1A; 6249
1DAE2BE4DA3406F; 6248
1DAE2BEFF7E61A8; 6249
1DAE2BFB289197A; 6247
1DAE2C064FD2AC8; 6245
1DAE2C118094215; 6245
1DAE2C1CB13F9FA; 6262
1DAE2C1F9637C75; 6236
1DAE2C20BAFAFC9; 6242
1DAE2C21EB28F09; 6242
1DAE2C2D08E2559; 6251
1DAE2C345ACB1E4; 6257
1DAE2C3BFB06560; 6255
1DAE2C46C3CA1B6; 6255
1DAE2C51EB03B6D; 6251
1DAE2C5C0811662; 6254
1DAE2C6683938F4; 6249
1DAE2C6FEB7F664; 6245
1DAE2C79A93D7B5; 6241
1DAE2C838F0440C; 6234
1DAE2C8B8C883E0; 6229
1DAE2C943F47ED3; 6255
1DAE2C957BE0DE4; 6233
1DAE2C969BE2AB7; 6233
1DAE2CA1AD308E3; 6228
1DAE2CAB31BDF62; 6226
1DAE2CB65249805; 6219
1DAE2CBEAF2E07C; 6219
1DAE2CC9DFEF7B5; 6242
1DAE2CCAFB2B01D; 6244
1DAE2CCD8A59192; 6240
1DAE2CD15CC717A; 6223
1DAE2CD2818A486; 6224
1DAE2CDA1FBCA86; 6248
1DAE2CDB4482508; 6247
1DAE2CE2D92CFEE; 6246
1DAE2CEE0BCDB0D; 6243
1DAE2CF8AE7C463; 6246
1DAE2D03530B7B2; 6225
1DAE2D0464BE99A; 6231
1DAE2D057FFBB52; 6232
1DAE2D0CF80D6A7; 6236
1DAE2D163053E91; 6241
1DAE2D1F4C016E5; 6244
1DAE2D29AAF3A12; 6247
1DAE2D34310166D; 6253
1DAE2D3D09EC060; 6261
1DAE2D43FC98E85; 6268
1DAE2D4A88275C2; 6270
1DAE2D5521451F2; 6270
1DAE2D60520EBFD; 6269
1DAE2D6B796446A; 6272
1DAE2D762592CB5; 6270
1DAE2D814CDF292; 6271
1DAE2D8C7DB418A; 6276
1DAE2D96173B743; 6280
1DAE2D9FD4FB129; 6281
1DAE2DAB05CE715; 6284
1DAE2DB5A87D9E6; 6288
1DAE2DBFBDEE197; 6289
1DAE2DCADBB7FF3; 6289
1DAE2DD60C68C6A; 6290
1DAE2DE13D3DD35; 6291
1DAE2DEC70CF1C5; 6294
1DAE2DF71ED9FFC; 6295
1DAE2E023D662AE; 6295
1DAE2E0D64C1409; 6285
1DAE2E14279C391; 6291
1DAE2E1B7011C1C; 6289
1DAE2E2625BDD4B; 6306
1DAE2E28BE6793A; 6283
1DAE2E29D9A585E; 6288
1DAE2E2AFE68BC2; 6306
1DAE2E2C199CF00; 6306
1DAE2E3757C23A3; 6307
1DAE2E427587A16; 6282
1DAE2E439A4B03E; 6286
1DAE2E44C0F8AE9; 6286
1DAE2E4FDEB468C; 6289
1DAE2E5A8CC2565; 6287
1DAE2E65BD967D7; 6287
1DAE2E70F127FAD; 6285
1DAE2E7C186881D; 6287
1DAE2E873FAAAC6; 6282
1DAE2E90CDB8D52; 6288
1DAE2E995A503B8; 6288
1DAE2EA48B050A3; 6282
1DAE2EAD8A079F6; 6289
1DAE2EB53B4906A; 6289
1DAE2EC06C12C51; 6293
1DAE2ECA7FA4291; 6296
1DAE2ED5059DA8C; 6320
1DAE2ED62C4B1AD; 6301
1DAE2ED73DF68B7; 6322
1DAE2ED862BBDC9; 6300
1DAE2ED97DF7862; 6296
1DAE2EDAA2BCCC0; 6301
1DAE2EDBC776AAE; 6304
1DAE2EDCEC3B134; 6296
1DAE2EDE06A737D; 6306
1DAE2EDF21E1963; 6305
1DAE2EE699EBDC9; 6309
1DAE2EEFDBADDCC; 6313
1DAE2EF98FDB2F7; 6316
1DAE2F040B67287; 6317
1DAE2F0F3EEC3F7; 6320
1DAE2F19ECEEA28; 6316
1DAE2F23E3D3C3C; 6325
1DAE2F2ABAB1311; 6322
1DAE2F3494FC2E5; 6321
1DAE2F3FC5C7913; 6328
1DAE2F482C29AEB; 6328
1DAE2F535CEC37C; 6330
1DAE2F5E8DB4D1E; 6340
1DAE2F655BF10DF; 6345
1DAE2F6D826CE76; 6358
1DAE2F707A736C0; 6358
1DAE2F7BAB3570E; 6359
1DAE2F86DBE130D; 6352
1DAE2F8F4DDEAF6; 6359
1DAE2F96B2D7472; 6359
1DAE2FA1E3A20D3; 6363
1DAE2FABFFDD34B; 6363
1DAE2FB727158C3; 6364
1DAE2FC257D6B48; 6364
1DAE2FCD81C9827; 6364
1DAE2FD8B28AAB8; 6366
1DAE2FE3E34A0E3; 6359
1DAE2FEC49AEED5; 6370
1DAE2FF0F7645E8; 6369
1DAE2FFC1515DC5; 6364
1DAE3005A31693A; 6367
1DAE30100C64F1C; 6371
1DAE301A0CD13F5; 6367
1DAE3023F09BA99; 6382
1DAE302721098CC; 6388
1DAE302934315FA; 6391
1DAE302DBBC9E9E; 6385
1DAE3032B4F5976; 6392
1DAE30373C8271A; 6394
1DAE304116CF460; 6391
1DAE304B932C2CB; 6392
1DAE3056BA3C9D0; 6394
1DAE3061F4855A5; 6394
1DAE306D2544598; 6390
1DAE30773AAB100; 6390
1DAE30826B6B099; 6390
1DAE308D92AD4B7; 6394
1DAE3097AEDFD96; 6387
1DAE309FE0CC2E0; 6393
1DAE30A7D4B4279; 6390
1DAE30B1FB49E18; 6384
1DAE30BAADEDD00; 6391
1DAE30C24298AC9; 6393
1DAE30CD14D05C5; 6391
1DAE30D83BE03AB; 6407
1DAE30DBAF06342; 6414
1DAE30DCE6DAF41; 6391
1DAE30DE0B96751; 6391
1DAE3599DA6E905; 6433
1DAE35A4F803B90; 6430
1DAE35AF9A83551; 6424
1DAE35B87CDA2AE; 6422
1DAE35C37DE0CBA; 6425
1DAE35CE16D5EF5; 6426
1DAE35D94796FCA; 6397
1DAE35DA6C518D4; 6402
1DAE35DB878C0D0; 6398
1DAE35DCB5CF716; 6403
1DAE35DDDA94C14; 6403
1DAE35E90B4ABF3; 6399
1DAE35F31DF5AB7; 6423
1DAE35F442B9173; 6420
1DAE35F55DEC65A; 6419
1DAE35FCCC6CF87; 6420
1DAE3607FD22BC0; 6418
1DAE36132DCECA8; 6417
1DAE361E5E72A0A; 6417
1DAE362985A1319; 6437
1DAE362AB3EB5A8; 6436
1DAE363278342CB; 6427
1DAE36382881F5B; 6405
1DAE36394F26469; 6410
1DAE363A60DA1E7; 6410
1DAE36458807B83; 6400
1DAE364C6E3682B; 6398
1DAE3656F426617; 6392
1DAE365FC572796; 6385
1DAE36676D220D7; 6389
1DAE3670B863155; 6388
1DAE367BE9108BD; 6384
1DAE3686118EB66; 6396
1DAE368B283A93A; 6385
1DAE368C436DE87; 6381
1DAE368DD7C1C90; 6381
1DAE3698FEF1D8E; 6383
1DAE36A42FA6DE9; 6395
1DAE36A9DEDD01F; 6390
1DAE36B13A4DFDE; 6390
1DAE36BC6B0CDF8; 6386
1DAE36C68734065; 6380
1DAE36CF51C0700; 6356
1DAE36D059EC378; 6356
1DAE36DB8AAF081; 6351
1DAE36E50F3231B; 6370
1DAE36E62A6FCB1; 6350
1DAE36E758BCF17; 6350
1DAE36F27FFE4D2; 6378
1DAE36F3A4C22C1; 6383
1DAE36F4CB71E49; 6389
1DAE36F5E6A4641; 6392
1DAE36F70B68A8B; 6399
1DAE36F83BA089B; 6400
1DAE36FFF673AE8; 6445
1DAE37011A5CC6F; 6425
1DAE37023F2A4A3; 6428
1DAE37035A5E1BE; 6448
1DAE37048D6FD40; 6431
1DAE3705AA96E69; 6454
1DAE3706BC413C2; 6455
1DAE370E04B501A; 6467
1DAE3710E024325; 6473
1DAE3711FB5831C; 6472
1DAE37197FCD0B8; 6477
1DAE3721EFCF298; 6461
1DAE3723304E005; 6482
1DAE37244B882EC; 6484
1DAE3726DAAE85C; 6475
1DAE3727FF7382D; 6484
1DAE37291AB00D1; 6482
1DAE372BA9D332C; 6465
1DAE372CCE8F994; 6464
1DAE37346339569; 6480
1DAE37357E776C5; 6486
1DAE3736B836734; 6463
1DAE3737D371FE5; 6464
1DAE373F41FC9B5; 6464
1DAE374A72B332F; 6454
1DAE3751400A07E; 6456
1DAE375BEE209B6; 6468
1DAE37615117D19; 6439
1DAE376275DB931; 6430
1DAE37639AA15B5; 6436
1DAE3764B5DCD08; 6428
1DAE3765D11AC55; 6434
1DAE3766FE8057A; 6431
1DAE376819BBFAF; 6423
1DAE376934FB92F; 6449
1DAE376A6347142; 6427
1DAE376B89F3A05; 6447
1DAE376CA5323BC; 6442
1DAE376DC06D8F7; 6444
1DAE3770591BFD4; 6436
1DAE377174572D9; 6442
1DAE37728F92B2B; 6442
1DAE377DC0686E6; 6432
1DAE37848FA9326; 6427
1DAE378CA925812; 6431
1DAE3796111B64E; 6418
1DAE379A26494C7; 6442
1DAE379B4B0D532; 6421
1DAE379C6FD251A; 6436
1DAE379DA98F334; 6439
1DAE379EC4CC323; 6445
1DAE379FE008CF2; 6446
1DAE37A7648004C; 6445
1DAE37B2824EB77; 6459
1DAE37B70066189; 6442
1DAE37B8252ADF2; 6456
1DAE37B9405D302; 6444
1DAE37BA7095705; 6444
1DAE37C597EAD3C; 6469
1DAE37C6B327EBC; 6441
1DAE37C7D7ECA18; 6448
1DAE37C8FCB07C9; 6443
1DAE37CA17EF38E; 6471
1DAE37CB332108A; 6449
1DAE37CC60A4900; 6444
1DAE37CD7BE25F2; 6449
1DAE37CE971EF31; 6451
1DAE37D12FCACA3; 6445
1DAE37D24B09C04; 6451
1DAE37D36FCE2EF; 6465
1DAE37D49492242; 6474
1DAE37D5AFCEDB8; 6452
1DAE37D6D6733B6; 6452
1DAE37E1FDC8F13; 6469
1DAE37E4D9377D9; 6469
1DAE37F023C2233; 6454
1DAE37F412C3B63; 6455
1DAE37FF00F3E69; 6457
1DAE380A28420A2; 6453
1DAE38144488ACB; 6479
1DAE3815694D612; 6479
1DAE38209A2BB7E; 6453
1DAE3821C0CFFE3; 6452
1DAE38295F0CCCE; 6447
1DAE3831ED8E5A5; 6462
1DAE3833EDA9678; 6469
1DAE38351DDEAE1; 6462
1DAE3836391CA32; 6461
1DAE383DA7AFE5A; 6440
1DAE383ECC758E0; 6444
1DAE383FF13B301; 6462
1DAE38410C6CF2E; 6464
1DAE3843A522BAE; 6464
1DAE384ECC70034; 6483
1DAE38509350C02; 6488
1DAE3851B9FE561; 6491
1DAE3852D53C492; 6489
1DAE3855637187E; 6504
1DAE385691BC6FE; 6508
1DAE3857B682136; 6506
1DAE385AA6F3A47; 6527
1DAE385BB8A022A; 6526
1DAE38630114A46; 6531
1DAE386B6796CF3; 6534
1DAE38759701603; 6536
1DAE3880B4C4890; 6540
1DAE388AD1F1893; 6534
1DAE3893902D08C; 6519
1DAE3895BFFABA5; 6519
1DAE38A0F0C3807; 6495
1DAE38A21589242; 6505
1DAE38A33A4C5B6; 6503
1DAE38A628D5F6F; 6504
1DAE38B09BDCD92; 6499
1DAE38BA02EE9B4; 6496
1DAE38C462EE41F; 6492
1DAE38CE59FBA72; 6499
1DAE38D6763AAAB; 6494
1DAE38DF282BA07; 6482
1DAE38E36593846; 6484
1DAE38ED19E6E8B; 6510
1DAE38EE4A1F2E9; 6510
1DAE38F967E36F9; 6528
1DAE38FBB446B95; 6538
1DAE38FCD90C8EF; 6541
1DAE38FDF44893D; 6534
1DAE38FF190C250; 6543
1DAE3900494368C; 6521
1DAE390172D5A00; 6523
1DAE39046A1D78E; 6528
1DAE39079104B11; 6534
1DAE39098795DF4; 6554
1DAE390AA2D31FF; 6557
1DAE390BBE10CF1; 6529
1DAE390CEE471ED; 6556
1DAE390E098C43D; 6538
1DAE390F24CA4BA; 6540
1DAE3911B3EED1A; 6540
1DAE391CEE56103; 6566
1DAE391E131A70F; 6565
1DAE3925B157DDF; 6571
1DAE392D75BD1C0; 6568
1DAE393792F3BAB; 6548
1DAE3938B7B7F1B; 6554
1DAE3939DC863AA; 6548
1DAE393B014A094; 6556
1DAE393C261021B; 6568
1DAE393D4AD47A6; 6577
1DAE393E7B0C2F1; 6578
1DAE394635EA28A; 6576
1DAE3950FDFA680; 6583
1DAE395951636F2; 6585
1DAE396438C842F; 6584
1DAE396F69A6176; 6568
1DAE3972D3439B9; 6582
1DAE3973F809430; 6570
1DAE39751CCEE50; 6590
1DAE3976419ACF5; 6570
1DAE39776FE826D; 6564
1DAE39788B261C6; 6570
1DAE3979BB5B656; 6582
1DAE397AD69955D; 6562
1DAE397BFB5C8DB; 6588
1DAE397D169A813; 6591
1DAE397E31D6074; 6589
1DAE3980CA8E3D9; 6563
1DAE3981E5C9C42; 6562
1DAE39895DDD696; 6579
1DAE398A82A308F; 6583
1DAE398B9DDE8FB; 6580
1DAE398CB91C85C; 6577
1DAE398DDDDFBD1; 6584
1DAE398EF91DB0E; 6585
1DAE3996890E499; 6559
1DAE39979130AB5; 6565
1DAE3998B5F3E0C; 6560
1DAE3999D131D8E; 6562
1DAE399C605FEDF; 6563
1DAE39A69C18228; 6585
1DAE39A7B934445; 6561
1DAE39A8CAEA899; 6568
1DAE39A9EFADBFF; 6561
1DAE39AB0AEBB4A; 6560
1DAE39B2797EF94; 6590
1DAE39B3A7CC4C6; 6588
1DAE39B6D843AB6; 6562
1DAE39B7F3819F2; 6562
1DAE39C32456BA3; 6563
1DAE39CE5520C2F; 6571
1DAE39D62C973AE; 6571
1DAE39E15D62719; 6566
1DAE39EAF621AA4; 6560
1DAE39F3793AE88; 6563
1DAE39FDBE7A9E0; 6551
1DAE3A02F1C8ADD; 6570
1DAE3A04168E99A; 6575
1DAE3A0531CB334; 6575
1DAE3A1062941A1; 6560
1DAE3A145B34398; 6561
1DAE3A1F559EAAB; 6530
1DAE3A2070DCA03; 6530
1DAE3A2BA1AFA76; 6515
1DAE3A2F9A4E558; 6519
1DAE3A3667AF9F1; 6540
1DAE3A3782EC3BD; 6538
1DAE3A3A121B8B1; 6541
1DAE3A401920208; 6522
1DAE3A412AD4982; 6524
1DAE3A43642824A; 6524
1DAE3A4E95F6814; 6531
1DAE3A5707FDAF1; 6565
1DAE3A5819A9178; 6568
1DAE3A593E77F54; 6562
1DAE3A5A6EAF4AA; 6563
1DAE3A62298DA53; 6550
1DAE3A64E2AFF3B; 6576
1DAE3A65EADCAC7; 6584
1DAE3A67192A40C; 6579
1DAE3A683466416; 6585
1DAE3A695929624; 6581
1DAE3A6A8781413; 6589
1DAE3A6BA2BE35B; 6583
1DAE3A6CC96C9F7; 6588
1DAE3A6DE4A8A2C; 6590
1DAE3A707D60452; 6588
1DAE3A7897983BE; 6597
1DAE3A7E7694B7A; 6584
1DAE3A7F91CF1C0; 6585
1DAE3A87007034B; 6605
1DAE3A88253369D; 6613
1DAE3A8949F9893; 6607
1DAE3A8A6EBE225; 6615
1DAE3A8B9D13487; 6614
1DAE3A9357F2336; 6619
1DAE3A9BEE2ED57; 6599
1DAE3A9D12F47C1; 6625
1DAE3A9E37BA1FF; 6627
1DAE3AA126414BE; 6600
1DAE3AA2417F421; 6620
1DAE3AA35CBAC5B; 6607
1DAE3AA477F8BA5; 6608
1DAE3AABF01FE31; 6607
1DAE3AB720F529A; 6611
1DAE3AC134A1CCC; 6620
1DAE3AC81DDCF19; 6642
1DAE3AC942A027A; 6640
1DAE3ACC27A2119; 6636
1DAE3AD0FB9EF08; 6625
1DAE3AD2206493D; 6620
1DAE3AD35099DA8; 6624
1DAE3AD4910778B; 6625
1DAE3ADC73F9C36; 6623
1DAE3AE7458929A; 6624
1DAE3AF26CE0B7B; 6646
1DAE3AF3FA8E742; 6628
1DAE3AF51F54193; 6634
1DAE3AF64419BFC; 6635
1DAE3AFDE255E1E; 6649
1DAE3AFF9624CD5; 6628
1DAE3B00B162C3E; 6635
1DAE3B01D628673; 6635
1DAE3B0CFD7D020; 6629
1DAE3B15FC9296F; 6633
1DAE3B1FB1EBBFE; 6643
1DAE3B25D39D350; 6642
1DAE3B30FAF3EB0; 6638
1DAE3B3B18166F4; 6641
1DAE3B45A00EAFD; 6646
1DAE3B4F080602F; 6640
1DAE3B578196D45; 6649
1DAE3B5DA25957B; 6645
1DAE3B664D91C54; 6650
1DAE3B6F398D3DC; 6645
1DAE3B783898ABC; 6652
1DAE3B7FF36DAAE; 6659
1DAE3B8702BDCED; 6671
1DAE3B899B69D3C; 6673
1DAE3B91BF203B2; 6684
1DAE3B962A29A55; 6688
1DAE3B9D85AEDE3; 6712
1DAE3B9EA0EAD44; 6693
1DAE3B9FD1213AA; 6701
1DAE3BA1016C74E; 6701
1DAE3BAC2B7F52B; 6711
1DAE3BB2E7AE306; 6714
1DAE3BBD97D87C9; 6708
1DAE3BC65DA85EC; 6711
1DAE3BD0A0F5623; 6711
1DAE3BDBD1CA5CD; 6710
1DAE3BE70473BBD; 6716
1DAE3BEFF9F7DD5; 6720
1DAE3BF9A4A6747; 6736
1DAE3BFC0DA247B; 6736
1DAE3C074068F30; 6738
1DAE3C1267B63CC; 6747
1DAE3C19B020FA7; 6751
1DAE3C22DEDD13C; 6768
1DAE3C24334B9B3; 6768
1DAE3C2F7DC834F; 6772
1DAE3C397E4831B; 6766
1DAE3C422778DD2; 6773
1DAE3C49BC238BC; 6775
1DAE3C5484E9909; 6770
1DAE3C5DFFE5256; 6779
1DAE3C649D885CF; 6771
1DAE3C6A13850BB; 6774
1DAE3C734ADB168; 6779
1DAE3C7C667D585; 6774
1DAE3C85788CAF0; 6776
1DAE3C907C6303B; 6775
1DAE3C9BA3AE9BA; 6775
1DAE3CA6CAF0E85; 6813
1DAE3CA7EFB505E; 6795
1DAE3CA9147A490; 6795
1DAE3CB43B93B5F; 6810
1DAE3CB83DB1B09; 6820
1DAE3CB964574AC; 6790
1DAE3CBA760A62D; 6810
1DAE3CBB9AD05F7; 6790
1DAE3CBCB602EA2; 6790
1DAE3CC7F310655; 6811
1DAE3CC904BB0C5; 6790
1DAE3CCA1FF97DC; 6790
1DAE3CD550A4FB3; 6794
1DAE3CDF6421B05; 6800
1DAE3CE8205763D; 6793
1DAE3CEFB500336; 6820
1DAE3CF0EEBF9AE; 6815
1DAE3CF20C0535F; 6821
1DAE3CF330C86A3; 6815
1DAE3CF46D61475; 6818
1DAE3CF57F0C11D; 6825
1DAE3CF6A3D11A7; 6815
1DAE3CF7D21BEEB; 6816
1DAE3CFF8CDD8EC; 6825
1DAE3D0529043C3; 6795
1DAE3D064DC771A; 6797
1DAE3D0932BD4B6; 6816
1DAE3D0A57792A5; 6816
1DAE3D158C16E69; 6817
1DAE3D20AA9A077; 6798
1DAE3D2267E7BC1; 6797
1DAE3D2B9690112; 6799
1DAE3D36AF5400A; 6825
1DAE3D37CC73046; 6818
1DAE3D38DE2788D; 6798
1DAE3D39F959EB2; 6820
1DAE3D3B1E1F1F9; 6821
1DAE3D42B2C7D82; 6799
1DAE3D43CE060CC; 6823
1DAE3D44FC4724A; 6802
1DAE3D4622F7039; 6808
1DAE3D4734A28DB; 6802
1DAE3D485965379; 6802
1DAE3D538AF8BBF; 6827
1DAE3D54AFB49ED; 6802
1DAE3D55D477D5B; 6820
1DAE3D570E373E3; 6810
1DAE3D58165A4CE; 6830
1DAE3D593B1CDBA; 6829
1DAE3D60D950349; 6809
1DAE3D61F48DB7F; 6825
1DAE3D6319488BB; 6826
1DAE3D6AB77B91F; 6823
1DAE3D74CAF5D45; 6810
1DAE3D794BE0CCA; 6802
1DAE3D7BE8576C0; 6831
1DAE3D7CFA0A3BE; 6804
1DAE42450906F95; 6798
1DAE4245193F51C; 6805
1DAE42462AF23A1; 6799
1DAE42475B297D2; 6800
1DAE424F15E2586; 6797
1DAE42592962544; 6801
1DAE42630D2C6B2; 6795
1DAE426BB653CF7; 6813
1DAE426CD187168; 6794
1DAE426DF64AEB5; 6793
1DAE42759653B27; 6793
1DAE4280BD82F9D; 6817
1DAE4281E245F00; 6831
1DAE428307017D2; 6807
1DAE4284223F06F; 6815
1DAE42854703CCB; 6807
1DAE42866BC8101; 6806
1DAE428E005D4BB; 6805
1DAE4299311F5BF; 6809
1DAE42A3599E0E7; 6800
1DAE42AA3A0C93E; 6799
1DAE42B56AC3663; 6806
1DAE42BDD127A40; 6796
1DAE42C33412FC6; 6802
1DAE42C94C32AAF; 6795
1DAE42CF218A62A; 6796
1DAE42DA523542D; 6799
1DAE42E4FE4F43D; 6794
1DAE42EE66268F0; 6799
1DAE42F78B3FC12; 6795
1DAE43013F692AE; 6793
1DAE430C5464AAB; 6794
1DAE43179172440; 6778
1DAE431AFB06B24; 6783
1DAE431F496E727; 6775
1DAE43217D04B0E; 6777
1DAE4328CEF7246; 6768
1DAE432E0BC13F0; 6763
1DAE43351247FE2; 6758
1DAE433D48FA451; 6758
1DAE434879A5BF0; 6772
1DAE434D0CCD681; 6771
1DAE435820FF1EA; 6762
1DAE435F75D7370; 6767
1DAE4367D2BBC17; 6759
1DAE436E96807CE; 6755
1DAE43778273291; 6756
1DAE4382B3286A2; 6757
1DAE438DE3FD661; 6754
1DAE43988699B68; 6749
1DAE43A1F80EC0F; 6747
1DAE43AD048E960; 6748
1DAE43B836377F8; 6742
1DAE43C12BAF2B2; 6740
1DAE43CC2F901C1; 6738
1DAE43D757ADD00; 6736
1DAE43E289559D6; 6740
1DAE43EC9C0AAF4; 6729
1DAE43F254D2E66; 6732
1DAE43FBBEA9B7E; 6732
1DAE4406E6D22FE; 6721
1DAE440D112979D; 6718
1DAE4416A8C7ECC; 6712
1DAE441F355F017; 6718
1DAE44276C2F5D7; 6687
1DAE4428876D52F; 6709
1DAE4429AC3085A; 6718
1DAE442ADA7DB5F; 6713
1DAE442BFF428CE; 6718
1DAE442D1A7F1FE; 6717
1DAE443492A72C5; 6715
1DAE443F51EE319; 6708
1DAE4447A55837B; 6709
1DAE4452D636E10; 6706
1DAE445D78DD1CA; 6714
1DAE446533C5A39; 6706
1DAE446B85212D4; 6704
1DAE44760C3E160; 6701
1DAE4480A55A827; 6706
1DAE448A0D52912; 6699
1DAE4491EE49057; 6706
1DAE449911796CF; 6706
1DAE44A44329F53; 6710
1DAE44AE56CF438; 6710
1DAE44B99F65318; 6699
1DAE44BFCAA9D86; 6704
1DAE44C7859104F; 6702
1DAE44D257EA77B; 6693
1DAE44D98D63203; 6692
1DAE44E4B4CDADF; 6691
1DAE44EFE5C00EC; 6692
1DAE44FB13B1CCC; 6697
1DAE4504984B6A4; 6692
1DAE450DC7112D0; 6693
1DAE4518F7F2579; 6685
1DAE4520CF68CC1; 6688
1DAE452AEC9D1D1; 6692
1DAE4534D099A71; 6701
1DAE453BA89013A; 6693
1DAE45414E5AAB1; 6693
1DAE454C7F3BF48; 6696
1DAE455721FE131; 6692
1DAE45612B3DB0E; 6697
1DAE456A8222881; 6700
1DAE4574E21B4E3; 6712
1DAE457A28830DF; 6708
1DAE458244D6B7E; 6715
1DAE458983CFB82; 6728
1DAE458B8D70083; 6723
1DAE458CD39A576; 6727
1DAE458DD23ECE5; 6727
1DAE45990CA6BB8; 6747
1DAE459A4E0D35B; 6742
1DAE459B7C5A888; 6750
1DAE459CA11DBB3; 6747
1DAE459DBC5BB26; 6754
1DAE459EE128A8C; 6754
1DAE45AA1E6AFBD; 6763
1DAE45B17340A4C; 6776
1DAE45B38FFC874; 6777
1DAE45BD576BAA7; 6799
1DAE45BE72A838B; 6808
1DAE45BF976DDEB; 6807
1DAE45C735B499D; 6818
1DAE45CB2E5249C; 6821
1DAE45D35BB0191; 6815
1DAE45DB62E0883; 6836
1DAE45DC87A62E1; 6837
1DAE45E41BBC09B; 6835
1DAE45EEED548E3; 6834
1DAE45FA1E33B7B; 6831
1DAE4604C0232EC; 6812
1DAE46061E22E74; 6807
1DAE46074C6FE37; 6813
1DAE460867ACC14; 6806
1DAE46098C7B5F6; 6835
1DAE460AB13F82F; 6806
1DAE460BCC7BF09; 6832
1DAE460CE7B97A6; 6833
1DAE46145FE108A; 6827
1DAE461C1140C7F; 6822
1DAE4624A6ABD80; 6825
1DAE462EE08F42D; 6826
1DAE463A1180E2D; 6816
1DAE4640E0D5714; 6823
1DAE464762F0935; 6814
1DAE464BCE022C1; 6796
1DAE464CE9484FC; 6818
1DAE464E0E0E698; 6816
1DAE4650F30F0F7; 6822
1DAE46520E55EB4; 6822
1DAE465D3F3EFC9; 6820
1DAE4668722E2B6; 6829
1DAE466FC4364E2; 6819
1DAE467438DC036; 6820
1DAE467F4D36E33; 6811
1DAE468695C0BB1; 6789
1DAE4687BA83E3D; 6809
1DAE4688D5C2464; 6789
1DAE4689F0FDD79; 6810
1DAE468B15CD8E5; 6802
1DAE468C310A449; 6800
1DAE468EC039582; 6807
1DAE468FDB7566E; 6806
1DAE46975FFF422; 6803
1DAE46A15715B3B; 6790
1DAE46A5D73669A; 6785
1DAE46ABF802D49; 6782
1DAE46B5F8A199D; 6786
1DAE46BFDCA63D2; 6779
1DAE46C7E3D0F98; 6767
1DAE46CB9C87245; 6769
1DAE46D4F093409; 6753
1DAE46D70D4EEAF; 6782
1DAE46D8288B569; 6780
1DAE46DAB7B9503; 6762
1DAE46DBD2F7AEE; 6784
1DAE46DD0CB5D26; 6781
1DAE46DE1E699A9; 6780
1DAE46E55D6CE97; 6788
1DAE46EB629A430; 6793
1DAE46F300E0FE8; 6800
1DAE46FA06B2F9B; 6806
1DAE4701755BF85; 6811
1DAE4709EF0392D; 6824
1DAE470D3C13C08; 6799
1DAE470E574FEA3; 6800
1DAE4715CF77EE9; 6813
1DAE47181BE4866; 6811
1DAE471FBA2AE05; 6824
1DAE4722365584B; 6825
1DAE472C5D1C12B; 6844
1DAE472D785A9C8; 6827
1DAE472E9D1EAA0; 6822
1DAE472FC1EDD10; 6822
1DAE473AE944C24; 6824
1DAE47461A418D5; 6829
1DAE474F9EF8F54; 6826
1DAE475A114B2B8; 6838
1DAE475F632EA42; 6832
1DAE4765685FE18; 6834
1DAE476FD1FCD48; 6865
1DAE4770F6C1CF7; 6845
1DAE47722518437; 6859
1DAE477340547DB; 6859
1DAE477E713D4DE; 6843
1DAE4781DAE69F2; 6867
1DAE4782FFA9A0F; 6851
1DAE47842FE9FA6; 6844
1DAE478541A023E; 6865
1DAE47865CDBF26; 6868
1DAE478781A0EF3; 6866
1DAE478A7033BDA; 6866
1DAE4795979D9E6; 6849
1DAE47987BAF93E; 6878
1DAE479996EB369; 6865
1DAE479AB229EFC; 6870
1DAE479BE07E585; 6875
1DAE479CFBBAC11; 6902
1DAE479E2081510; 6885
1DAE479F4ED64A3; 6895
1DAE47A06A14CCD; 6901
1DAE47A1854FF72; 6899
1DAE47A414802EE; 6902
1DAE47AA101C521; 6908
1DAE47B0B765BA5; 6903
1DAE47B8C7645BE; 6909
1DAE47C0BB7BA77; 6916
1DAE47C7FA7E6E1; 6930
1DAE47C93BE4E3D; 6910
1DAE47CA60A81B9; 6931
1DAE47CB7BEFCFF; 6910
1DAE47CC972B558; 6910
1DAE47D7C81642F; 6911
1DAE47E2EF6ADE1; 6914
1DAE47ED9BB7164; 6943
1DAE47EEC07CBD6; 6921
1DAE47EFEEC7A36; 6915
1DAE47F113970C7; 6914
1DAE47F8A84B7C6; 6915
1DAE4803DA1BBE7; 6916
1DAE480F017C8E8; 6917
1DAE481A3265065; 6938
1DAE481B4DA08D7; 6944
1DAE481C7266310; 6938
1DAE481D8F9F9D3; 6942
1DAE481EB465429; 6924
1DAE481FFC79F47; 6924
1DAE482B0743AE9; 6920
1DAE48351AF0527; 6922
1DAE4840450CBED; 6927
1DAE4849C028717; 6933
1DAE48524341B22; 6928
1DAE485B3131E59; 6930
1DAE48661F39D4C; 6930
1DAE48715C66325; 6929
1DAE487C9D713DF; 6934
1DAE48860571572; 6947
1DAE488A327E2EF; 6928
1DAE488B3AAA55F; 6927
1DAE489249FA7AA; 6928
1DAE489D7AD931D; 6949
1DAE489E9F9C6A0; 6950
1DAE48A6A3E2472; 6930
1DAE48A7C8A57DF; 6952
1DAE48A8ED74E52; 6933
1DAE48AA2A0DC14; 6932
1DAE48B20B0BE96; 6932
1DAE48BD3262F36; 6946
1DAE48C1C38B516; 6951
1DAE48C800E6AF1; 6958
1DAE48CE060098A; 6982
1DAE48CF2AC63B9; 6960
1DAE48D04601C15; 6960
1DAE48DB76E07DF; 6975
1DAE48DF6F76D8B; 7002
1DAE48E09443D19; 6994
1DAE48E1AF7F570; 6974
1DAE48E2CAB3893; 6994
1DAE48E3EF80811; 6995
1DAE48EB842CF0E; 6974
1DAE48EC9F6A24B; 6975
1DAE48F41787406; 6997
1DAE48F532C413D; 6976
1DAE48F66111319; 6997
1DAE48F77C4C7A2; 6975
1DAE48F89789ACE; 6976
1DAE49000FA6868; 6975
1DAE490B36E05CC; 6985
1DAE4911FAAEB51; 6986
1DAE491D2204AEF; 6987
1DAE492852E33C1; 7009
1DAE49296E1497B; 6989
1DAE492A92E48BF; 7010
1DAE492BB7A9214; 6996
1DAE492D0B25BBB; 6992
1DAE492E09BFD25; 6992
1DAE493931174F5; 6993
1DAE494461F5529; 6995
1DAE494F92AC929; 6996
1DAE495ABA0341F; 7016
1DAE495CC3A45B6; 6999
1DAE495DDEE1245; 7018
1DAE495F058E9D0; 6996
1DAE4960173968C; 7021
1DAE49613BFF907; 7020
1DAE4968D0B481C; 6998
1DAE496A00EB3FA; 7003
1DAE496B1E118E2; 7000
1DAE496C394D4D2; 6998
1DAE496EC87387C; 6998
1DAE4979F929F90; 7000
1DAE49852146DFA; 7000
1DAE499052EFE09; 6999
1DAE499B7A143D2; 7001
1DAE49A6C0B37E2; 7001
1DAE49B1DF4B7E8; 7000
1DAE49BD0FF7717; 7004
1DAE49C72389A9B; 6999
1DAE49D078657B1; 7022
1DAE49D19D20EF8; 7023
1DAE49D93B66154; 7001
1DAE49DA602AE39; 7007
1DAE49DB84F0A5A; 7011
1DAE49DCA9B5074; 7001
1DAE49DDCE7995B; 7023
1DAE49DEE9B667C; 7023
1DAE49EA1B5B9A9; 7021
1DAE49F5437B0F1; 7024
1DAE4ED27C43304; 7025
1DAE4EDD5808F48; 7024
1DAE4EE88B87DBB; 7024
1DAE4EF3B2AC881; 7022
1DAE4EFED9F205A; 7019
1DAE4F09860A34C; 7045
1DAE4F0AA13E21D; 7046
1DAE4F121964DC1; 7047
1DAE4F1D417ACEC; 7047
1DAE4F2873170B5; 7043
1DAE4F32869C15B; 7038
1DAE4F3BDD5C10C; 7053
1DAE4F3E9C275B2; 7051
1DAE4F46EF7BB19; 7041
1DAE4F4C3F5716C; 7040
1DAE4F577B8AB02; 7006
1DAE4F588D3EAB0; 7008
1DAE4F5AC6884A8; 7006
1DAE4F623EAEEF4; 7027
1DAE4F6359E2BE2; 7014
1DAE4F64751F6B2; 7029
1DAE4F6599E3EC6; 7028
1DAE4F6D38210A5; 7034
1DAE4F74FC749EB; 7033
1DAE4F802D33A26; 7035
1DAE4F8B5ED0E80; 7040
1DAE4F94E34ACB0; 7037
1DAE4F9F5544299; 7029
1DAE4FA6FD00A15; 7010
1DAE4FA8183C286; 7023
1DAE4FA93D01CB9; 7024
1DAE4FB0DB342FE; 7019
1DAE4FB95E39E65; 7014
1DAE4FC24098B2D; 7006
1DAE4FC94729358; 7007
1DAE4FD46E6CB93; 7004
1DAE4FDF19B3E7C; 7003
1DAE4FEA40FEC07; 6990
1DAE4FEF61343A7; 6995
1DAE4FF64D14F15; 6963
1DAE4FF75EC07CE; 6985
1DAE4FF8838467B; 6964
1DAE4FF9A849FBF; 6986
1DAE4FFAC386EB2; 6984
1DAE4FFD67AE4EF; 6982
1DAE50058B5BD43; 6978
1DAE500F11D4C38; 6975
1DAE501971B7D97; 6981
1DAE5022378AF1B; 6982
1DAE502D693A91A; 6978
1DAE5037865D41A; 6971
1DAE503FA08C87F; 6970
1DAE504AE921EE5; 6966
1DAE5054E9ABDA3; 6961
1DAE505E2B79488; 6952
1DAE5064B262E4E; 6948
1DAE506D96DDB5D; 6952
1DAE50772E85FB6; 6943
1DAE507E02952A5; 6941
1DAE50888BA54F5; 6937
1DAE50928C3997A; 6933
1DAE509C702D21A; 6937
1DAE50A65429C76; 6935
1DAE50B1685C087; 6942
1DAE50B9D86760E; 6933
1DAE50BFF286CC7; 6936
1DAE50C97643999; 6922
1DAE50CCF2FB6D6; 6917
1DAE50D1678BEC7; 6920
1DAE50DA0751ED1; 6911
1DAE50E032A2123; 6905
1DAE50E7131B87E; 6905
1DAE50F23B63C30; 6902
1DAE50FCE7AFABF; 6905
1DAE510780EB94B; 6902
1DAE5112278DCBC; 6899
1DAE511CD2E985E; 6894
1DAE512614D4D48; 6890
1DAE512FD1D439E; 6883
1DAE5137E5732CC; 6879
1DAE51414400E25; 6878
1DAE514C7502433; 6875
1DAE515717D0B6C; 6881
1DAE516005CFFEF; 6883
1DAE516AF41F9D5; 6885
1DAE517662172DB; 6888
1DAE5180D53C9A1; 6899
1DAE51873D97D8F; 6912
1DAE518845C3FF7; 6905
1DAE51896A89A46; 6907
1DAE518C71FF130; 6903
1DAE519175AE927; 6901
1DAE519B8B5B89F; 6901
1DAE51A6BC578EF; 6901
1DAE51B1F01981B; 6899
1DAE51BD1C4A560; 6888
1DAE51C3512A65E; 6889
1DAE51CE7894F31; 6892
1DAE51D924059D8; 6885
1DAE51E16E043D3; 6886
1DAE51EC9F00DD1; 6893
1DAE51F50F2946C; 6891
1DAE51FFF6AB634; 6896
1DAE520971E581E; 6897
1DAE5214AF43266; 6907
1DAE521B6AA17A7; 6914
1DAE5221DAA6C60; 6924
1DAE5225C9C8352; 6936
1DAE5226EE96408; 6939
1DAE522815457C1; 6943
1DAE522927040EB; 6945
1DAE522B69E9B21; 6953
1DAE522C9A2A2F7; 6949
1DAE522DC0D9548; 6957
1DAE522ED28C27D; 6953
1DAE522FF75B6D8; 6952
1DAE523795B75D3; 6964
1DAE523ACFC1806; 6967
1DAE52421A2AF00; 6975
1DAE52481F63E85; 6983
1DAE524CFEDE437; 6988
1DAE52539CA9393; 6993
1DAE525BA3F170E; 6999
1DAE5263A1A57E4; 7005
1DAE526B95DB504; 7014
1DAE52714EC003C; 7017
1DAE527AB6EA8D9; 7010
1DAE52828E7F53E; 7007
1DAE528CABDE96D; 7012
1DAE52960C5EA96; 7005
1DAE529DDA6BAE0; 7003
1DAE52A8AC22B74; 7007
1DAE52B2B671190; 7001
1DAE52BB695B24A; 6996
1DAE52C46102DBB; 6973
1DAE52C57C3FCB5; 6980
1DAE52C6A2F9BAB; 6993
1DAE52C7BE3521B; 6992
1DAE52CF3672312; 6995
1DAE52D9372E08F; 6996
1DAE52E45EAD72C; 7000
1DAE52EE7837981; 7005
1DAE52F7CD46990; 7013
1DAE52FEF942084; 7006
1DAE5305BD38068; 7010
1DAE530EA95C844; 7009
1DAE5319DA62021; 6998
1DAE53200F42137; 6987
1DAE53225BB1D2C; 6989
1DAE5329FBEC76B; 6963
1DAE532B20BAF9B; 6991
1DAE532C3BF7B83; 6986
1DAE532D60C6EC3; 6983
1DAE532E7C02C39; 6961
1DAE532FA0D07CC; 6961
1DAE533AD1CDC63; 6964
1DAE534574A4F7C; 6953
1DAE534B87312BC; 6956
1DAE5355045433E; 6966
1DAE535AFFFB700; 6960
1DAE5361A74FC9E; 6968
1DAE536727052F0; 6967
1DAE53724E70257; 6981
1DAE5376DFAC643; 6986
1DAE537D1E204E1; 6992
1DAE5384076E72D; 7001
1DAE5388E4FC995; 7007
1DAE538E63C2B65; 7010
1DAE5397A5C2B4F; 7016
1DAE53A01F72E9F; 7029
1DAE53A36C8CE15; 7023
1DAE53A5D59C3F5; 7026
1DAE53AB71E9972; 7026
1DAE53B6A2E6CAE; 7032
1DAE53BFA21B2DB; 7036
1DAE53C94D0476B; 7044
1DAE53D0C270583; 7027
1DAE53D1CA9D8BC; 7028
1DAE53D8DA0A13D; 7029
1DAE53E40B11424; 7061
1DAE53E52FDF406; 7060
1DAE53ECFFCC492; 7060
1DAE53F7F790D57; 7065
1DAE540172C9A4A; 7046
1DAE54029798A75; 7045
1DAE540A2C6C586; 7046
1DAE541569CB0B5; 7068
1DAE54169351F69; 7046
1DAE54179B89C7A; 7068
1DAE5418B6C6BDD; 7047
1DAE5419D20D765; 7065
1DAE541B00589FF; 7047
1DAE541C1B9F9E5; 7047
1DAE54274FFC961; 7050
1DAE5431FE23E35; 7055
1DAE543B5BCA7F4; 7059
1DAE5445234B096; 7084
1DAE54463E8900A; 7063
1DAE5447634EA3E; 7066
1DAE54488A05FD0; 7073
1DAE5449A543F17; 7085
1DAE544AC0893C0; 7066
1DAE544BE54EDE5; 7066
1DAE54571930924; 7073
1DAE545F7FCFFDB; 7071
1DAE546A6495D06; 7093
1DAE546B8965370; 7093
1DAE5476B0D9895; 7091
1DAE5481F6EF027; 7072
1DAE5483BDD9800; 7095
1DAE5484E29CB3F; 7073
1DAE548610F3CF3; 7073
1DAE549138681E0; 7095
1DAE549253AFD7B; 7075
1DAE549378757A6; 7095
1DAE549493BAC5E; 7075
1DAE5495AEF8E9A; 7074
1DAE549D27299EE; 7096
1DAE549E4BECD4C; 7078
1DAE549F70BC3D8; 7077
1DAE54A70F0E54B; 7100
1DAE54A833DB499; 7080
1DAE54A958A0F0A; 7099
1DAE54AA73E6384; 7100
1DAE54B1E28F70E; 7079
1DAE54B3075516D; 7103
1DAE54B4229A5DF; 7080
1DAE54B53DD854C; 7081
1DAE54BCB609393; 7102
1DAE54BDDAD8A12; 7103
1DAE54C5792AB95; 7104
1DAE54D0B85EE06; 7090
1DAE54D5421185F; 7108
1DAE54D65D4CFE1; 7089
1DAE54D78D8E790; 7089
1DAE54E2B6D8571; 7091
1DAE54EDDE4406E; 7113
1DAE54EF0310FDD; 7093
1DAE54F01E4EF53; 7096
1DAE54F1431497B; 7117
1DAE54F269CBF41; 7117
1DAE54FD87AED0E; 7118
1DAE5508B8974AD; 7122
1DAE5512D5D7CFD; 7122
1DAE551DFD4C236; 7109
1DAE55231D8B604; 7108
1DAE552E44FFB1A; 7144
1DAE552F69C2E6A; 7147
1DAE55308E888A0; 7126
1DAE5531B54251A; 7148
1DAE5532C6F627D; 7131
1DAE5533EBBBCBF; 7149
1DAE5535107F02E; 7131
1DAE55362BC6BC7; 7131
1DAE554169069C2; 7160
1DAE55427ABA6FA; 7160
1DAE554DA21B3D5; 7161
1DAE5558D30E291; 7143
1DAE555B328C921; 7143
1DAE556659F78BB; 7147
1DAE5570772D72D; 7150
1DAE557AF3BD2AD; 7153
1DAE55858CEEC38; 7175
1DAE5586A82BB24; 7154
1DAE5587CCF007A; 7154
1DAE5592FDC456E; 7156
1DAE559E2EACF6E; 7177
1DAE559F49F4167; 7180
1DAE55A065310CE; 7157
1DAE55A189F3D8C; 7160
1DAE55A2AEB9BE7; 7156
1DAE55A3C9F6CA4; 7158
1DAE55A65925CA4; 7160
1DAE55AE72A0426; 7180
1DAE55AF8DE6C8B; 7180
1DAE55BABECE4B0; 7185
1DAE55C44CEFAD7; 7164
1DAE55C5682CDE3; 7165
1DAE55CCE322E2D; 7188
1DAE55CDFE60E17; 7188
1DAE55D93019EB6; 7170
1DAE55DB860584F; 7192
1DAE55DCAAC9ED3; 7193
1DAE55E43F94942; 7192
1DAE55EF79DC514; 7172
1DAE55F0BB42403; 7171
1DAE55F8C256BE5; 7172
1DAE5603EA89C5F; 7193
1DAE560505C70E7; 7193
1DAE561042E9168; 7174
1DAE561209D3D86; 7195
1DAE56132510704; 7196
1DAE561A9D36D2C; 7173
1DAE561BC1FBC1D; 7171
1DAE561EB08416C; 7174
1DAE56256AC9BC9; 7174
1DAE56309C7B88C; 7195
1DAE5631C14929B; 7194
1DAE5639560A2AD; 7175
1DAE563A7ACC94E; 7196
1DAE563B9F9303E; 7197
1DAE5643345BDA7; 7170
1DAE5644591EF1A; 7174
1DAE56457DE42CA; 7175
1DAE564D12ADB2E; 7193
1DAE564E377126E; 7193
1DAE56595EA2503; 7174
1DAE565B258A9BD; 7195
1DAE565C4C390F5; 7196
1DAE5663E0F988E; 7193
1DAE566DEB0AA9B; 7173
1DAE566F0647B37; 7174
1DAE56767E5AFD2; 7194
1DAE56779996F9F; 7194
1DAE5682CB47AB6; 7176
1DAE5685213436A; 7196
1DAE56863C7074E; 7177
1DAE568757AD377; 7175
1DAE5689F063E72; 7175
1DAE56952214B63; 7197
1DAE56965061534; 7178
1DAE56976B9D380; 7175
1DAE569886DAB7A; 7175
1DAE5B7CACA3D72; 7233
1DAE5B8791FAAF2; 7233
1DAE5B92C2AB701; 7233
1DAE5B9DEABFAD1; 7214
1DAE5B9FA8193C9; 7214
1DAE5BAAD9B73A7; 7236
1DAE5BABF4F3C9B; 7232
1DAE5BAD2EB2097; 7213
1DAE5BAE49EE0FD; 7210
1DAE5BAF7094BF7; 7211
1DAE5BB7055D25E; 7226
1DAE5BB833AAA71; 7207
1DAE5BB9586E891; 7225
1DAE5BBA7D32041; 7205
1DAE5BBB986A82F; 7204
1DAE5BC310925EF; 7223
1DAE5BC42BC96D5; 7222
1DAE5BCBA3F0BAB; 7218
1DAE5BD4DB54830; 7207
1DAE5BDA181CAAF; 7203
1DAE5BE21F32C65; 7196
1DAE5BE96879F7F; 7195
1DAE5BF4908D68D; 7217
1DAE5BF5B551512; 7210
1DAE5BF6DA168B7; 7213
1DAE5BF7F55487A; 7213
1DAE5C03326188E; 7214
1DAE5C0E50EFC56; 7219
1DAE5C17DEFCAC4; 7201
1DAE5C18FA39986; 7223
1DAE5C1A1EFCA15; 7223
1DAE5C25509AF0A; 7220
1DAE5C2FFCBD450; 7192
1DAE5C312182B10; 7191
1DAE5C38B6374CD; 7206
1DAE5C39DD03E17; 7203
1DAE5C3B0B50BBA; 7205
1DAE5C3E3C92038; 7201
1DAE5C43BC1DE25; 7193
1DAE5C4805C1CC8; 7187
1DAE5C4C8D574D9; 7187
1DAE5C57B56CA51; 7177
1DAE5C5E793B23A; 7172
1DAE5C66935653B; 7167
1DAE5C6F4F9DB3C; 7164
1DAE5C79A7CFAE8; 7160
1DAE5C838BB8998; 7155
1DAE5C8CCD7CA9D; 7150
1DAE5C95E915CA3; 7145
1DAE5C9EFA5F2CD; 7141
1DAE5CA8A50DC57; 7140
1DAE5CB3D6B488E; 7133
1DAE5CBC3D230F6; 7140
1DAE5CC3B54A34A; 7141
1DAE5CCEDD73202; 7137
1DAE5CD8FA9631D; 7136
1DAE5CE42B4E362; 7132
1DAE5CEE3EE78C3; 7130
1DAE5CF95D8A055; 7127
1DAE5D03FF54BF6; 7121
1DAE5D0CE1BE25C; 7119
1DAE5D17E5B0CA9; 7118
1DAE5D230DDA162; 7119
1DAE5D2E3514A09; 7117
1DAE5D3966C5A26; 7120
1DAE5D44E4B6D50; 7116
1DAE5D4F01D93E1; 7115
1DAE5D5A338980B; 7110
1DAE5D63C38B670; 7104
1DAE5D6C502500C; 7099
1DAE5D752919629; 7094
1DAE5D7E2A1959E; 7096
1DAE5D89229BC28; 7097
1DAE5D94BC517D6; 7097
1DAE5D9FE3B24B6; 7125
1DAE5DA10877EF2; 7131
1DAE5DA22D3D93F; 7134
1DAE5DA348791BF; 7137
1DAE5DA46D48822; 7145
1DAE5DA5920BB78; 7148
1DAE5DA6B6D15D5; 7152
1DAE5DA7D20F533; 7156
1DAE5DA9005A370; 7160
1DAE5DAA1B982AD; 7167
1DAE5DAB36D3B33; 7172
1DAE5DACCA60453; 7178
1DAE5DADEF25E92; 7175
1DAE5DAF13E9217; 7181
1DAE5DB04236764; 7179
1DAE5DB372B793B; 7178
1DAE5DBE20DAACE; 7183
1DAE5DC77F49554; 7185
1DAE5DD289F5C97; 7181
1DAE5DDC940FEE3; 7186
1DAE5DE5E8F8C2C; 7179
1DAE5DEDC06F93B; 7176
1DAE5DF7DCBF2D4; 7173
1DAE5E02594E264; 7171
1DAE5E0D80B0E2A; 7168
1DAE5E182CF29A5; 7168
1DAE5E23545207F; 7171
1DAE5E2E009E03A; 7175
1DAE5E3800436BE; 7175
1DAE5E43312C526; 7176
1DAE5E4E6215395; 7171
1DAE5E57E6C21B5; 7172
1DAE5E632127F45; 7168
1DAE5E6D34E0CD1; 7171
1DAE5E77BA1CC00; 7178
1DAE5E7FF0FFCE2; 7183
1DAE5E88B6F0FFE; 7198
1DAE5E8AF04DB5B; 7198
1DAE5E96213633C; 7208
1DAE5E9CE4291C8; 7217
1DAE5EA1AE9E4A6; 7221
1DAE5EA96001527; 7233
1DAE5EACB697726; 7236
1DAE5EB41BB8F94; 7246
1DAE5EB8B67DF0D; 7247
1DAE5EC3C147AD1; 7263
1DAE5EC73931639; 7267
1DAE5ECD36B8775; 7279
1DAE5ECE51FDBE9; 7282
1DAE5ECF6D3BB3C; 7282
1DAE5EDAB5084F5; 7294
1DAE5EE05154FA2; 7298
1DAE5EE8A4D240A; 7309
1DAE5EED492910F; 7311
1DAE5EF736C10AD; 7315
1DAE5F0119EBCA5; 7321
1DAE5F09C5365E5; 7321
1DAE5F14EC978D0; 7319
1DAE5F2014024B0; 7318
1DAE5F2B44EB44E; 7310
1DAE5F331C7E2F4; 7316
1DAE5F3B12B354B; 7314
1DAE5F45F297AD1; 7312
1DAE5F5106F2089; 7291
1DAE5F52372B126; 7310
1DAE5F53527012B; 7304
1DAE5F54791F82C; 7303
1DAE5F5C0DE928D; 7299
1DAE5F65596F91A; 7296
1DAE5F6FC30E08F; 7300
1DAE5F79BA379AD; 7309
1DAE5F8091344B9; 7312
1DAE5F8A6BBB9E0; 7313
1DAE5F959CAFD81; 7313
1DAE5FA0C418F05; 7306
1DAE5FA93436F59; 7303
1DAE5FB36E1ABD8; 7294
1DAE5FBA6A6F046; 7292
1DAE5FC516C2925; 7284
1DAE5FCCD1ABBBE; 7273
1DAE5FD0E6ECACF; 7269
1DAE5FD7D9AF83D; 7264
1DAE5FE0129CA84; 7256
1DAE5FE6A6D5CC3; 7254
1DAE5FF13F2AE1B; 7260
1DAE5FFA182B758; 7266
1DAE60026DAFAD2; 7277
1DAE6006FEECF4E; 7280
1DAE600FB1CC90D; 7286
1DAE6017F24381E; 7294
1DAE601EA31D74C; 7301
1DAE6024FE1EB47; 7308
1DAE602B1FE5A3D; 7314
1DAE6031EC6A0DB; 7317
1DAE603BC8DCCBA; 7324
1DAE6043C6915D3; 7328
1DAE604D3837508; 7336
1DAE60547738FD0; 7340
1DAE605D9C8BB31; 7345
1DAE6066AED9BA0; 7353
1DAE606DBE34140; 7355
1DAE60787EB1634; 7362
1DAE6080BF308C3; 7363
1DAE608BF02536F; 7368
1DAE60957D73002; 7370
1DAE60A088467C9; 7353
1DAE60A35A36970; 7370
1DAE60A47F03959; 7373
1DAE60A59A41845; 7349
1DAE60A6B586CCA; 7374
1DAE60A7DA4C723; 7375
1DAE60AF6F14687; 7378
1DAE60B979458E4; 7358
1DAE60BA9E14F42; 7379
1DAE60BBDAB7945; 7379
1DAE60C6FB73ECD; 7377
1DAE60D23120422; 7376
1DAE60DD4567E8B; 7377
1DAE60E882B18E3; 7386
1DAE60EFCB32430; 7388
1DAE60FA8406B09; 7368
1DAE60FB9F4E657; 7369
1DAE61031775259; 7385
1DAE610447AC05B; 7391
1DAE6105595F1B7; 7391
1DAE611093D12B4; 7370
1DAE6111AF0D517; 7371
1DAE61192734FD0; 7390
1DAE611A427262B; 7391
1DAE6121BA98F19; 7394
1DAE612BB1B9308; 7395
1DAE6136E2A18A1; 7394
1DAE61420A01799; 7395
1DAE614D3AEAF58; 7394
1DAE61586BD1BE7; 7396
1DAE6163933EC21; 7390
1DAE616C925DF66; 7398
1DAE6173982F5D7; 7396
1DAE617E4D12B2F; 7399
1DAE6188DCBCE4C; 7400
1DAE61940DA57F9; 7400
1DAE619F3E8DBE2; 7401
1DAE61AA65EE8A3; 7377
1DAE61AB943BE00; 7398
1DAE61ACBAF3396; 7402
1DAE61ADE1A0D0C; 7399
1DAE61AEF357130; 7400
1DAE61B64842B36; 7400
1DAE61C169E46E4; 7400
1DAE61CC9DA6642; 7410
1DAE61D36372C70; 7388
1DAE61D47EB0BC3; 7404
1DAE61D5AEE6018; 7403
1DAE61DD69C5677; 7410
1DAE61E48289B7B; 7412
1DAE61EF2EC9C1C; 7415
1DAE61F9D36E44F; 7395
1DAE61FAF0942BD; 7395
1DAE6206262CFBD; 7408
1DAE620B353B747; 7428
1DAE620C5262E5D; 7431
1DAE620D6D9EE70; 7417
1DAE620EB5B2BF6; 7435
1DAE620FC2ADF8D; 7441
1DAE6210D462D54; 7441
1DAE621C05402AB; 7442
1DAE62272C84CD1; 7438
1DAE623149B9FC1; 7447
1DAE623833B158A; 7444
1DAE62422514694; 7443
1DAE624D3B27222; 7428
1DAE625136A009A; 7428
1DAE625CC1102FD; 7445
1DAE625FEADB90F; 7429
1DAE6260FC8FB5E; 7453
1DAE6262233E8C7; 7425
1DAE6263406E2EE; 7447
1DAE62645BABAD4; 7453
1DAE626576E8CD5; 7431
1DAE62669BAD026; 7453
1DAE6267C071901; 7449
1DAE6268FD146AC; 7447
1DAE626C9CFE084; 7455
1DAE626DAEB18B3; 7453
1DAE626FFEE9E65; 7456
1DAE627560EFE67; 7454
1DAE627F8B77CD0; 7460
1DAE62884E832CA; 7436
1DAE628956AF282; 7458
1DAE628A7B757D9; 7440
1DAE628BA22D281; 7461
1DAE628CBF53971; 7463
1DAE628F6D04AD7; 7464
1DAE6299B050736; 7464
1DAE62A4D7A6B11; 7467
1DAE62AF82EE868; 7467
1DAE62BAAA4F66D; 7468
1DAE62C5DB37913; 7467
1DAE62D1185AB26; 7468
1DAE62DC36FA5EE; 7467
1DAE62E78B16104; 7469
1DAE62F297B41B4; 7470
1DAE62FDE04995D; 7474
1DAE6307E0C983C; 7452
1DAE6308FC06F79; 7469
1DAE630A20CA8D9; 7475
1DAE630B459981B; 7469
1DAE630C6A5E3AB; 7472
1DAE630DF804A08; 7475
1DAE630FDB859D7; 7474
1DAE67F40562BDA; 7511
1DAE67FEE1316BD; 7508
1DAE68083F82D6A; 7508
1DAE6813669F6A7; 7503
1DAE681CF4A5288; 7509
1DAE6825813143A; 7507
1DAE683078C528F; 7504
1DAE683B1D3FD4C; 7508
1DAE68451DACC48; 7503
1DAE684E6AE0781; 7492
1DAE6853C907EB2; 7494
1DAE685DEF9F55A; 7493
1DAE68692326BAA; 7507
1DAE686DA134EE1; 7503
1DAE6875168C5CC; 7490
1DAE6877CBD1E2F; 7498
1DAE6878E70D679; 7496
1DAE687B7631BE8; 7495
1DAE6885AFE24AA; 7489
1DAE688E6C18925; 7491
1DAE6899647B465; 7503
1DAE689EF901258; 7498
1DAE68A637F0690; 7507
1DAE68AB74BA81C; 7504
1DAE68B49053A29; 7502
1DAE68BF9DD06AC; 7502
1DAE68CAC5E4725; 7498
1DAE68D4D969291; 7475
1DAE68D5F4A6CEC; 7481
1DAE68D722F3223; 7479
1DAE68DA53439B2; 7472
1DAE68DB77FEC3F; 7478
1DAE68DCA64A0DB; 7477
1DAE68E461163AE; 7470
1DAE68EB7AA9EAE; 7472
1DAE68F626C2EA6; 7462
1DAE68FCB9E5EE6; 7454
1DAE69021CD138C; 7450
1DAE690A4A058FB; 7444
1DAE691251115F6; 7446
1DAE691D41E086D; 7457
1DAE692350785A3; 7458
1DAE692E8D9135C; 7461
1DAE693926A4954; 7452
1DAE69403F4B9CD; 7450
1DAE694AF4F60FE; 7449
1DAE6956269CD94; 7443
1DAE695F25A8A94; 7431
1DAE69638720DD3; 7434
1DAE696C13B8520; 7444
1DAE69718040595; 7443
1DAE697CB11FB46; 7445
1DAE6987E1E13A5; 7436
1DAE698F33F247F; 7433
1DAE69992AF4DF0; 7424
1DAE69A001DC9BC; 7419
1DAE69A82F2648D; 7413
1DAE69B036455CB; 7404
1DAE69B60BAD071; 7404
1DAE69C133D8900; 7407
1DAE69CBE0104A7; 7402
1DAE69D5537A330; 7403
1DAE69E07BAD177; 7410
1DAE69E8E22F318; 7405
1DAE69F1BB1C41A; 7438
1DAE69F2D657C7D; 7443
1DAE69F3FB1D6D9; 7447
1DAE69F534E4255; 7446
1DAE69FD0C5C0D9; 7453
1DAE6A042EC553C; 7473
1DAE6A05538AF9D; 7483
1DAE6A066EC8F0C; 7490
1DAE6A079395E66; 7490
1DAE6A12C488233; 7520
1DAE6A13DFC619C; 7513
1DAE6A15048BBF8; 7518
1DAE6A161FC7468; 7518
1DAE6A21473442A; 7557
1DAE6A226C013C7; 7564
1DAE6A2390C6E2C; 7569
1DAE6A24B593D81; 7569
1DAE6A2FE66B3F3; 7589
1DAE6A311E40451; 7582
1DAE6A32430D3D7; 7587
1DAE6A3367D2E18; 7582
1DAE6A348C9FDAC; 7584
1DAE6A377B2975B; 7579
1DAE6A3A91C5F67; 7585
1DAE6A3C4594DDA; 7578
1DAE6A3D6A64479; 7582
1DAE6A3E8F29EC1; 7579
1DAE6A3FB3EF948; 7581
1DAE6A4298F8CFD; 7576
1DAE6A45910A1BA; 7581
1DAE6A48B7F9C93; 7582
1DAE6A535136A40; 7587
1DAE6A5CB94A41B; 7587
1DAE6A67EA28F9F; 7591
1DAE6A71FEDBEF7; 7598
1DAE6A7A2E3671E; 7602
1DAE6A839640A5F; 7603
1DAE6A8EBDAC4FA; 7601
1DAE6A99EE8B1B9; 7603
1DAE6AA51F7303A; 7608
1DAE6AAEAF7EC95; 7614
1DAE6AB73C34981; 7609
1DAE6AC0152A48D; 7606
1DAE6ACA6B9A2CB; 7608
1DAE6AD58C3973C; 7611
1DAE6AE03A6EA36; 7612
1DAE6AEB6B4D886; 7609
1DAE6AF60D16FDA; 7609
1DAE6B014A60A38; 7612
1DAE6B0BE39B0CF; 7611
1DAE6B17147275A; 7619
1DAE6B1EEBF2AD6; 7624
1DAE6B278BB8F12; 7635
1DAE6B2C61966BA; 7629
1DAE6B31CE291DA; 7641
1DAE6B32E96E67F; 7644
1DAE6B341C8955D; 7644
1DAE6B3F47D28F4; 7654
1DAE6B45F8A530B; 7664
1DAE6B49D4ABD36; 7664
1DAE6B550594507; 7674
1DAE6B5BC8873A3; 7681
1DAE6B62401EDB0; 7689
1DAE6B6790180C5; 7697
1DAE6B6BA27F8B9; 7706
1DAE6B6CC4757BD; 7700
1DAE6B6DC319ECE; 7710
1DAE6B6EF34F35A; 7705
1DAE6B7010814AB; 7705
1DAE6B7B2E59448; 7717
1DAE6B80D42DC8E; 7724
1DAE6B863739137; 7738
1DAE6B875C07BDE; 7736
1DAE6B8A4A90776; 7741
1DAE6B8D54F2B61; 7748
1DAE6B8E702F862; 7749
1DAE6B95F4B71E9; 7756
1DAE6B9CDDFC397; 7760
1DAE6BA5E6ADD2A; 7766
1DAE6BAE43BB4DE; 7761
1DAE6BB71CC577A; 7755
1DAE6BBF76F9E03; 7757
1DAE6BCA5E86CA9; 7758
1DAE6BD57C5F92C; 7757
1DAE6BE0AD5CA1E; 7756
1DAE6BEBDE45477; 7757
1DAE6BF7059B649; 7753
1DAE6C0122E6494; 7761
1DAE6C08A494FC8; 7764
1DAE6C12AEBB1AB; 7761
1DAE6C1D2B5E757; 7765
1DAE6C272BFCC78; 7768
1DAE6C31B21E0C1; 7765
1DAE6C3C41C7063; 7763
1DAE6C47691E104; 7755
1DAE6C4F4094891; 7754
1DAE6C5A717D02E; 7742
1DAE6C60174A097; 7734
1DAE6C6482529D9; 7729
1DAE6C6A9107B99; 7721
1DAE6C6F780CA44; 7724
1DAE6C785A940EF; 7723
1DAE6C838B7C8AF; 7720
1DAE6C8E2D46D30; 7736
1DAE6C91571BCB1; 7731
1DAE6C94F9E9669; 7743
1DAE6C96152569A; 7746
1DAE6C9739EAE5C; 7740
1DAE6C985EB9AB5; 7744
1DAE6C9979F6B87; 7741
1DAE6C9A9EC4C95; 7748
1DAE6C9BCD10C92; 7745
1DAE6C9CF1E03AD; 7753
1DAE6C9E0D1C4AA; 7752
1DAE6CA58543D8B; 7761
1DAE6CAAE843B68; 7763
1DAE6CB52BAC653; 7776
1DAE6CB9C667E43; 7776
1DAE6CC4F74F467; 7780
1DAE6CCF0A36D6B; 7789
1DAE6CD5F36F5F8; 7791
1DAE6CE09633EB6; 7798
1DAE6CE8E01E626; 7811
1DAE6CEC0717148; 7807
1DAE6CF173A9DE8; 7809
1DAE6CFBC470031; 7822
1DAE6D0055ACC5D; 7817
1DAE6D069D9D5C6; 7821
1DAE6D0F5A0D592; 7830
1DAE6D15987787B; 7831
1DAE6D20BFCE91B; 7830
1DAE6D2BF0AC513; 7831
1DAE6D37218B0DE; 7835
1DAE6D413EC1F09; 7838
1DAE6D4BC4E4026; 7842
1DAE6D55BBED8E7; 7847
1DAE6D5F0758669; 7854
1DAE6D66D5509D2; 7850
1DAE6D7033C923F; 7852
1DAE6D7B34EC39A; 7852
1DAE6D8665D4FF6; 7853
1DAE6D918D35D55; 7853
1DAE6D9CBE0A721; 7855
1DAE6DA7EEF4276; 7862
1DAE6DB0557DA74; 7857
1DAE6DB92DA2AA7; 7854
1DAE6DC38407FE7; 7856
1DAE6DCEA1E151F; 7856
1DAE6DD9D2DC38D; 7858
1DAE6DE503BD164; 7857
1DAE6DF034A5F2D; 7861
1DAE6DFA4853755; 7862
1DAE6E05849A384; 7869
1DAE6E0DEB1D030; 7864
1DAE6E16C4113B1; 7866
1DAE6E21C5343AE; 7868
1DAE6E2CEC95068; 7874
1DAE6E35EBB45C0; 7870
1DAE6E3F957D9EF; 7874
1DAE6E496FE89C2; 7871
1DAE6E53EC7871F; 7872
1DAE6E5F13D93DD; 7873
1DAE6E6A44A2049; 7879
1DAE6E733A2FE86; 7880
1DAE6E7E7496527; 7882
1DAE6E89A6509C3; 7884
1DAE6E94CDA7A78; 7885
1DAE6E9FFE86634; 7892
1DAE6EA86509B54; 7889
1DAE6EB29EC3600; 7890
1DAE6EBDC618683; 7898
1DAE6EC5D05860F; 7898
1DAE6ED0D2580E6; 7898
1DAE6EDC0CBDAC6; 7909
1DAE6EE24180407; 7909
1DAE6EED7236D92; 7922
1DAE6EF288E2B9D; 7928
1DAE6EF854B8A56; 7928
1DAE6F037C0F728; 7923
1DAE6F0D09409D7; 7927
1DAE6F16D086D24; 7929
1DAE6F21E58B92D; 7927
1DAE6F2D164D02B; 7930
1DAE6F37B8E7A0D; 7928
1DAE6F42EA850E1; 7932
1DAE6F4CFD2566F; 7932
1DAE6F582ECAF59; 7931
1DAE6F6356E0AD9; 7916
1DAE6F6758FD4A0; 7933
1DAE6F68743A587; 7937
1DAE6F6998FEE06; 7932
1DAE6F6AC74AAC0; 7929
1DAE6F6BEC0EF81; 7931
1DAE6F6ED015790; 7933
1DAE6F77662BF69; 7938
1DAE6F80521EA70; 7939
1DAE6F8B7A31FA1; 7941
1DAE6F96ABD9B05; 7937
1DAE6FA0BF6043D; 7936
1DAE6FABFA8E590; 7932
1DAE6FB60D234A4; 7937
1DAE759A940942B; 7928
1DAE75A5B1D2613; 7919
1DAE75A94B0F6D9; 7922
1DAE75B10F638E0; 7908
1DAE75B2FE58396; 7911
1DAE75B6DA56FAD; 7908
1DAE75BEEAFCE6D; 7896
1DAE75C28DCA718; 7896
1DAE75CDBEAB897; 7888
1DAE75D59618A64; 7884
1DAE75DF5F7AEC7; 7884
1DAE75EA86DBE56; 7878
1DAE75F385E8E04; 7873
1DAE75FC908E6DC; 7878
1DAE7605992267A; 7875
1DAE760FEF7ED7F; 7873
1DAE761B17B0848; 7868
1DAE7624C1796D9; 7871
1DAE762F253BE9E; 7866
1DAE7638709199B; 7858
1DAE76400BF4618; 7857
1DAE764B341DBCF; 7851
1DAE7654332ACC3; 7843
1DAE765B39C4AB7; 7843
1DAE76666A8F5E4; 7849
1DAE766F69A6607; 7842
1DAE76771B062CC; 7840
1DAE7681ED6A22F; 7829
1DAE7687FC1568E; 7830
1DAE76932DD20AD; 7839
1DAE769A7FED6DE; 7832
1DAE76A156DDCAE; 7835
1DAE76AB1E39A04; 7828
1DAE76B31BD1AEE; 7832
1DAE76BC8D5973E; 7829
1DAE76C6F8BA84B; 7828
1DAE76D24CF3137; 7834
1DAE76DB2F683EE; 7826
1DAE76E22C78E43; 7841
1DAE76E366420CB; 7846
1DAE76E48367F37; 7857
1DAE76E5951E36D; 7855
1DAE76E7CD8B724; 7865
1DAE76E8FDC0B90; 7872
1DAE76EA228ECE8; 7874
1DAE76ED0786F55; 7881
1DAE76EE2C565B8; 7888
1DAE76EF511995F; 7882
1DAE76F08151898; 7882
1DAE76FB9FFCBFD; 7882
1DAE7706D0E5CAF; 7880
1DAE7711F826E83; 7877
1DAE771CBB4CD11; 7874
1DAE77274163B9C; 7875
1DAE7732732A1E1; 7865
1DAE7739370C616; 7871
1DAE77407602F53; 7860
1DAE774418D0F81; 7857
1DAE774BE6C8ADE; 7856
1DAE77573164F26; 7852
1DAE776157334F7; 7849
1DAE776BADAD882; 7850
1DAE7776D4FB5AE; 7860
1DAE777D98DCF0A; 7873
1DAE777EF6E65C3; 7870
1DAE7780122254B; 7871
1DAE77878A494E4; 7876
1DAE778FFA5E3AD; 7878
1DAE779AF4F9876; 7888
1DAE77A19C43BF4; 7894
1DAE77A8D1B371C; 7893
1DAE77B3F909D66; 7911
1DAE77B67250CBE; 7911
1DAE77C173901E4; 7920
1DAE77C8BC109BB; 7918
1DAE77D386E8063; 7925
1DAE77DBC7543E0; 7935
1DAE77E1043DA1A; 7943
1DAE77E4E04478B; 7950
1DAE77E73FC2275; 7953
1DAE77ECB5DCA58; 7959
1DAE77F2EAB3110; 7975
1DAE77F405F937D; 7968
1DAE77F52ABE4D0; 7976
1DAE77F64F8B6BE; 7977
1DAE77FDE44B5A8; 7978
1DAE78091EBBD3D; 7992
1DAE780DAFF8722; 7990
1DAE78179CA1147; 8003
1DAE7A3BF3B73E1; 8098
1DAE7A4666BF634; 8098
1DAE7A5197B0C4B; 8102
1DAE7A5BAB552B0; 8102
1DAE7A66E88AE53; 8101
1DAE7A72067034E; 8108
1DAE7A7A7686441; 8109
1DAE7A85A776124; 8114
1DAE7A8F2C0D3C6; 8114
1DAE7A9A5CE2329; 8113
1DAE7AA58442FF4; 8119
1DAE7AAE835892E; 8116
1DAE7AB8E27D18E; 8117
1DAE7AC409DDE57; 8119
1DAE7ACF3ABC9DB; 8120
1DAE7ADA7519462; 8122
1DAE7AE5C929C32; 8129
1DAE7AEE3499350; 8141
1DAE7AF21A1D8BE; 8143
1DAE7AFB94652B6; 8151
1DAE7B02DCE460A; 8155
1DAE7B0C71B4A72; 8159
1DAE7B16390D286; 8160
1DAE7B21773E93B; 8174
1DAE7B25FEE9004; 8174
1DAE7B312FC810A; 8173
1DAE7B3C6ED4D05; 8183
1DAE7B4323668BC; 8185
1DAE7B4DC7F5C96; 8189
1DAE7B57D3F026A; 8190
1DAE7B62F291CCE; 8191
1DAE7B6E2371174; 8195
1DAE7B783700217; 8196
1DAE7B8367C096C; 8194
1DAE7B8E9B51A5C; 8197
1DAE7B993DEC5EC; 8196
1DAE7BA4651BAE4; 8201
1DAE7BADF331FA4; 8198
1DAE7BB8661B7D5; 8200
1DAE7BC384B071C; 8194
1DAE7BCC8F39709; 8202
1DAE7BD395BDCA6; 8203
1DAE7BDF2F7E4F7; 8194
1DAE7BE69DFE0CA; 8203
1DAE7BEBF762C57; 8204
1DAE7BF72909E41; 8208
1DAE7C014622055; 8207
1DAE7C0C73FC9E3; 8206
1DAE7C17AF23605; 8208
1DAE7C22EC39EE0; 8208
1DAE7C2E09D6986; 8212
1DAE7C383256DC5; 8212
1DAE81183B74037; 8219
1DAE81231FF902C; 8226
1DAE812B7FBB8C0; 8223
1DAE8135AFE3CB5; 8222
1DAE8140EA2CEF0; 8223
1DAE814C11561CE; 8213
1DAE8152F795F0B; 8222
1DAE8157B866256; 8222
1DAE8162E07A931; 8218
1DAE816CFC9A570; 8217
1DAE817824AD3F1; 8212
1DAE8181B2BAFA1; 8218
1DAE818A3F494EA; 8231
1DAE818DA8E77CB; 8228
1DAE819536DA312; 8222
1DAE819CF1B244E; 8219
1DAE81A6FBADBD7; 8217
1DAE81B21A4425B; 8215
1DAE81BD4BE12AF; 8220
1DAE81C6D9EC816; 8221
1DAE81D20112BDA; 8222
1DAE81DD3E21D41; 8221
1DAE81E85BE4FDB; 8212
1DAE81EFADC3E8C; 8208
1DAE81F8D2F0E8F; 8195
1DAE81FCB86BB5E; 8189
1DAE82009468926; 8188
1DAE820B79BBE6A; 8178
1DAE82122001CD0; 8174
1DAE821B0BF20A4; 8168
1DAE8223772E4E1; 8163
1DAE822C336E5D4; 8159
1DAE8235D3B73E0; 8156
1DAE824046ABDFF; 8149
1DAE82487D71A54; 8145
1DAE8251F87009C; 8143
1DAE825D03068B0; 8148
1DAE82668793F36; 8148
1DAE8271B872AD3; 8149
1DAE827CE947A53; 8148
1DAE828823B07FD; 8144
1DAE829237499DB; 8146
1DAE829D6077586; 8142
1DAE82A76A808E8; 8141
1DAE82B29C303FE; 8136
1DAE82BC2C301E1; 8135
1DAE82C75FC2376; 8128
1DAE82CFBCA81A7; 8128
1DAE82DAF6F218E; 8122
1DAE82E3EC76A56; 8119
1DAE82EE42D2696; 8113
1DAE82F708A49A4; 8114
1DAE830242FF947; 8111
1DAE830CE5A66D3; 8111
1DAE83181757931; 8108
1DAE8322C2950F6; 8105
1DAE832D5DA369C; 8102
1DAE8337ED34337; 8098
1DAE8341E436027; 8097
1DAE834D365384E; 8092
1DAE8356B15B4E5; 8084
1DAE835DF12EF61; 8080
1DAE83671FED32E; 8077
1DAE83717651623; 8078
1DAE837CA8033B0; 8074
1DAE8386BAB8A4D; 8069
1DAE83900F9E707; 8074
1DAE83992B55B79; 8076
1DAE83A44259A94; 8079
1DAE83AEE6FD26C; 8073
1DAE83B7BFE9941; 8076
1DAE83C20CC7002; 8080
1DAE83CC03D2D04; 8075
1DAE83D545AA666; 8074
1DAE83E07764B31; 8077
1DAE83EB1943E9C; 8075
1DAE83F64A3622C; 8074
1DAE84017B1E9E4; 8074
1DAE840CA2892E7; 8074
1DAE8417D367E80; 8070
1DAE8421E716F90; 8077
1DAE842A1652F51; 8071
1DAE843213F1F0B; 8074
1DAE843C3AB060B; 8084
1DAE84428C166BC; 8097
1DAE8443A751F15; 8103
1DAE8444E11B1C9; 8117
1DAE8445FE4100F; 8112
1DAE84471988B79; 8116
1DAE84483E4BEB3; 8120
1DAE84496CA3044; 8120
1DAE845493E68C2; 8146
1DAE8455BA9DE16; 8145
1DAE845D58DC75B; 8158
1DAE845FD4FB2DE; 8162
1DAE846364B81BB; 8162
1DAE846E9F1E851; 8176
1DAE847330520B2; 8183
1DAE84770C4EE90; 8185
1DAE84809E62A0E; 8196
1DAE8485F7D9141; 8202
1DAE848C068F51E; 8210
1DAE8490ECCC2E8; 8214
1DAE8498BD95ADA; 8219
1DAE84A14A4AF2D; 8227
1DAE84A82CADB26; 8228
1DAE84B34C67423; 8237
1DAE84BA94E664E; 8234
1DAE84C48BFD476; 8256
1DAE84C5BF1836E; 8261
1DAE84C6C7445C0; 8265
1DAE84C7EC0A019; 8273
1DAE84C91A5E9A5; 8277
1DAE84CA359D069; 8280
1DAE84CB50E24EA; 8286
1DAE84CC7F39650; 8288
1DAE84CFAFB0B0A; 8303
1DAE84D0EC534EA; 8307
1DAE84D1F481E1B; 8312
1DAE84D31E1C751; 8316
1DAE84D444CC7A6; 8320
1DAE84D5568ABF4; 8324
1DAE84D684D814E; 8331
1DAE84D7A9A50EF; 8337
1DAE84D8CE6AB0E; 8341
1DAE84D9F33A405; 8337
1DAE84DB1807352; 8345
1DAE84DC3CCCDED; 8345
1DAE84E76DB4190; 8354
1DAE84EEB63409E; 8355
1DAE84F9FEE7E15; 8354
1DAE850513380D1; 8352
1DAE85105C08413; 8338
1DAE8514DA29F78; 8341
1DAE851D79EFAB9; 8343
1DAE852871B3CAE; 8345
1DAE8533991EB7A; 8347
1DAE853EC9F2546; 8352
1DAE85484E8CE65; 8354
1DAE85536F20CEC; 8350
1DAE855D7947CFD; 8348
1DAE856897F06C6; 8348
1DAE8573C01B556; 8340
1DAE857BCDF168D; 8326
1DAE857E046AE20; 8332
1DAE857EF987A86; 8330
1DAE858014C32B7; 8327
1DAE85813992948; 8328
1DAE8588CE50C7A; 8323
1DAE85915AF424F; 8317
1DAE8599883B823; 8308
1DAE859F7956D8E; 8316
1DAE85A43A3A943; 8315
1DAE85AF626E191; 8325
1DAE85B62830BB3; 8328
1DAE85BFE601CDF; 8338
1DAE85C61147957; 8335
1DAE85CF9F729D1; 8351
1DAE85D200D874D; 8347
1DAE85D527C8A25; 8355
1DAE85D64310572; 8355
1DAE85E174D4668; 8366
1DAE85E7A9A0F27; 8369
1DAE85F14CC5C0A; 8376
1DAE85F9374E504; 8378
1DAE86041EB1DAA; 8388
1DAE860ABC618B1; 8390
1DAE86154C096A3; 8395
1DAE861EBD939F6; 8402
1DAE86269E9B9CC; 8402
1DAE8631DBD2E88; 8407
1DAE863B56EC4D4; 8412
1DAE864491271A0; 8416
1DAE864E3BF2792; 8415
1DAE86596CDAACF; 8419
1DAE8663808AB5E; 8421
1DAE866E9E44194; 8431
1DAE86756406BEE; 8432
1DAE868097AB6C0; 8445
1DAE8685B041231; 8449
1DAE868D9AD0BCA; 8453
1DAE869702C9834; 8453
1DAE86A22A2A51E; 8456
1DAE86ACD567BCD; 8462
1DAE86B5AE525CA; 8459
1DAE86C004B7422; 8465
1DAE86C93CFD65B; 8465
1DAE86D4643E4B9; 8472
1DAE86DCD449A6C; 8477
1DAE86E5A3A2D01; 8475
1DAE86F0A4BB5F4; 8483
1DAE86F87296A38; 8483
1DAE8703BB2B4CA; 8478
1DAE870D41A3134; 8490
1DAE8711F8F55C8; 8482
1DAE87151FC7C1F; 8481
1DAE871F7FAA93E; 8490
1DAE87269B34D74; 8488
1DAE87313DDA585; 8495
1DAE87398B84417; 8495
1DAE8744BA3C291; 8497
1DAE874FEDCD50F; 8497
1DAE875B1E8295D; 8501
1DAE8765321BAFF; 8504
1DAE876FB815F07; 8518
1DAE8773E05C816; 8515
1DAE877C3D4379A; 8529
1DAE877EC2E9E2E; 8528
1DAE8788F3122DD; 8535
1DAE879116BED39; 8536
1DAE879C477DD63; 8539
1DAE87A6EA18E60; 8540
1DAE87B21AEDDDF; 8549
1DAE87B96DC8133; 8552
1DAE87C364B42C7; 8555
1DAE87CDEAAE6BD; 8552
1DAE87D87A30595; 8551
1DAE87E3B752F3E; 8564
1DAE87E8CDF48D6; 8560
1DAE87F0B866C7E; 8559
1DAE87FBF2C1B15; 8565
1DAE8804E76A9B4; 8570
1DAE880DEFE972A; 8572
1DAE8818FD501A0; 8571
1DAE88241AE2B70; 8569
1DAE882F57E5CD0; 8567
1DAE883A98E64CD; 8573
1DAE884381F34AF; 8572
1DAE884EB387638; 8574
1DAE8859DB9190C; 8576
1DAE886517CD94E; 8572
1DAE886F21C2297; 8578
1DAE8877DDF6980; 8580
1DAE8882D650FAD; 8577
1DAE888D713A353; 8581
1DAE8897719B6F2; 8581
1DAE88A2A32DE00; 8572
1DAE88A9F516737; 8580
1DAE88B003A54DE; 8575
1DAE88B7AB60B7B; 8575
1DAE88C2DCF33F5; 8582
1DAE88CB42A4A52; 8582
1DAE88D67F9F6CE; 8578
1DAE88E08990E0E; 8581
1DAE88EB116BCD8; 8579
1DAE88F62FE3AC9; 8584
1DAE8DAE4792C42; 8589
1DAE8DB92285A63; 8582
1DAE8DC18ADFE8F; 8582
1DAE8DCCB4F2457; 8588
1DAE8DD5A0D1D58; 8595
1DAE8DDD520C633; 8588
1DAE8DE461296EC; 8592
1DAE8DED7CB96A6; 8593
1DAE8DF8B70156E; 8582
1DAE8DFEEBB93E2; 8581
1DAE8E0A500A424; 8582
1DAE8E155B7C34A; 8578
1DAE8E1F88C191B; 8573
1DAE8E28C0F1D82; 8567
1DAE8E313A6662B; 8564
1DAE8E3B740D680; 8588
1DAE8E3C98D146E; 8588
1DAE8E47D5DCD34; 8582
1DAE8E50D0328D9; 8595
1DAE8E548F8D592; 8587
1DAE8E55CE24568; 8587
1DAE8E60EE99EC8; 8587
1DAE8E6C15B5AE7; 8586
1DAE8E773DC8E62; 8587
1DAE8E826F5C268; 8573
1DAE8E87028CF37; 8576
1DAE8E8FABB19C4; 8562
1DAE8E927D98734; 8567
1DAE8E9529547BB; 8563
1DAE8E995B19E6A; 8553
1DAE8E9A7FDF9C7; 8556
1DAE8E9BB0152A4; 8556
1DAE8EA6D7593BD; 8546
1DAE8EAD9193A3E; 8536
1DAE8EB177185C3; 8535
1DAE8EBC5C63976; 8530
1DAE8EC5E0E75BA; 8523
1DAE8ECDC1C83DA; 8524
1DAE8ED8F2755A1; 8518
1DAE8EE1E7ED8A8; 8529
1DAE8EE6FE8F5B5; 8523
1DAE8EECC0DFD51; 8520
1DAE8EF627E5675; 8512
1DAE8EFD5D4B248; 8506
1DAE8F04F1F5092; 8510
1DAE8F0E3D4B3CA; 8505
1DAE8F17581C504; 8500
1DAE8F206A37435; 8498
1DAE8F2B62A4366; 8489
1DAE8F32AB245C2; 8498
1DAE8F37DE714F3; 8495
1DAE8F40FA0C07C; 8498
1DAE8F4B505E07A; 8493
1DAE8F54B84B611; 8490
1DAE8F5F23B5D0F; 8483
1DAE8F6766DE44D; 8476
1DAE8F6EB9B6C64; 8482
1DAE8F764E75FD9; 8477
1DAE8F7ED185FC8; 8474
1DAE8F890B49478; 8470
1DAE8F93024484A; 8467
1DAE8F9D7EC9C37; 8460
1DAE8FA5BF190B9; 8458
1DAE8FB0AE0902F; 8455
1DAE8FBB472770F; 8456
1DAE8FC678D6ED2; 8455
1DAE8FD1A0FFD54; 8449
1DAE8FDAA00BEC8; 8445
1DAE8FE44ACDF95; 8444
1DAE8FEF7C80A17; 8442
1DAE8FFAA4AA91F; 8440
1DAE9005D57F104; 8428
1DAE900B7B3F7D3; 8434
1DAE9011DFB4E79; 8428
1DAE9018DCC6B9E; 8424
1DAE9021FA7CAD2; 8430
1DAE902A576B802; 8424
1DAE90327B2E3F9; 8427
1DAE903CA1E0FFC; 8435
1DAE90442D0EF18; 8428
1DAE904B20989D6; 8437
1DAE905028F870A; 8437
1DAE905B3D539E8; 8447
1DAE90620E85E1F; 8463
1DAE90632226869; 8459
1DAE90643C903A4; 8464
1DAE90656CD1B45; 8465
1DAE906D57614DB; 8461
1DAE9076F89BB9B; 8460
1DAE90821FF2C44; 8463
1DAE908CCB6D2FA; 8456
1DAE909520E5333; 8462
1DAE909D5E96569; 8454
1DAE90A3DFAD81E; 8461
1DAE90AA350CE6D; 8463
1DAE90B4A8150EF; 8474
1DAE90BA8719F86; 8483
1DAE90BE467FC36; 8496
1DAE90BF7990F0C; 8495
1DAE90C74C435E5; 8501
1DAE90CF129E956; 8504
1DAE90D92FC9296; 8511
1DAE90E14A0B64B; 8521
1DAE90E66A4AA3C; 8517
1DAE90EE67E9987; 8523
1DAE90F65C0352A; 8538
1DAE90F7C3924CB; 8537
1DAE910033A5EB8; 8550
1DAE91038A34B8B; 8549
1DAE910E358F6C5; 8565
1DAE9111743509B; 8576
1DAE911359A0FAC; 8579
1DAE91170F7F169; 8585
1DAE911A9A6E69D; 8588
1DAE91222F2CA05; 8589
1DAE912D6C6C803; 8600
1DAE9133B0899D7; 8609
1DAE9137CF5241C; 8609
1DAE9143030ADC9; 8614
1DAE914C87B6787; 8616
1DAE9157926C197; 8610
1DAE91609375EEE; 8610
1DAE916BBD9ACEF; 8616
1DAE9174C187C1A; 8620
1DAE917E593A7A0; 8617
1DAE9188CC42BD9; 8615
1DAE9193F3AADBF; 8622
1DAE919C5A2D0DD; 8626
1DAE91A5E858161; 8619
1DAE91ADD2E7AE4; 8612
1DAE91B514A6A4F; 8610
1DAE91BFDAAE0A3; 8615
1DAE91C9392673C; 8607
1DAE91D06E8B946; 8604
1DAE91DA7222066; 8605
1DAE91E58FE79DD; 8612
1DAE91EDFFF8CA4; 8609
1DAE91F8453AEC2; 8605
1DAE920231CD825; 8595
1DAE920866A3D1E; 8587
1DAE920D73D1400; 8575
1DAE920E9896E36; 8577
1DAE92117D965E6; 8574
1DAE92182E69021; 8565
1DAE921CDC3D5C2; 8569
1DAE92247A7A1A1; 8570
1DAE922FA1C5FD8; 8567
1DAE923A4D40177; 8567
1DAE9245748B3D0; 8576
1DAE924CD2EA566; 8585
1DAE92520FCB1A0; 8583
1DAE925C4011710; 8597
1DAE92603C97C5F; 8607
1DAE926157DE8FC; 8601
1DAE92627CA3AF4; 8608
1DAE92642AE7B30; 8609
1DAE926D2A05F9A; 8618
1DAE92738E84E25; 8618
1DAE927EBF63A2E; 8638
1DAE928000D3206; 8632
1DAE928133EE112; 8640
1DAE928245A1E56; 8639
1DAE92899A8EE4F; 8643
1DAE9292BFD5958; 8648
1DAE929BC87EECA; 8644
1DAE92A57CD20C9; 8646
1DAE92B093F31D6; 8648
1DAE92BBD332C0D; 8663
1DAE92BFCEB56C3; 8663
1DAE92CAEC84F9F; 8668
1DAE92D47ABA010; 8672
1DAE92DE4D8F848; 8670
1DAE92E961F2795; 8675
1DAE92F2E696A46; 8675
1DAE92FE177EC70; 8696
1DAE92FF3C446C6; 8692
1DAE93006113D43; 8701
1DAE930185E0CED; 8702
1DAE93091A95F67; 8709
1DAE931020682D1; 8705
1DAE9319290F305; 8709
1DAE9322F445F74; 8716
1DAE932ADED58E5; 8713
1DAE9334FC0C517; 8714
1DAE934042D404A; 8714
1DAE934B60AD1DB; 8724
1DAE9352248F210; 8722
1DAE935CBDB60C0; 8728
1DAE936596B42D8; 8720
1DAE936C97A545B; 8726
1DAE9373F32923E; 8720
1DAE937BA75A542; 8721
1DAE9386C51FEB4; 8721
1DAE939224C982D; 8728
1DAE939A6EB4A19; 8728
1DAE93A5ABEABF9; 8723
1DAE93AF326C495; 8732
1DAE93B5D8BC647; 8727
1DAE93BDDFDBBB0; 8729
1DAE93C8C47A848; 8731
1DAE93D3F54F7A4; 8732
1DAE93DF1C9A521; 8739
1DAE93E78CA42E5; 8739
1DAE93F2B3F17A0; 8735
1DAE93FCDBBC47F; 8737
1DAE9407E6727F4; 8747
1DAE940EAC32B1D; 8748
1DAE9419E5967D8; 8759
1DAE9420074776C; 8762
1DAE9429CF9BEC9; 8769
1DAE9431B55DE9C; 8768
1DAE943CC985DDE; 8773
1DAE9446579D668; 8774
1DAE94517EEAACE; 8782
1DAE945964ACAB6; 8781
1DAE94648BF9F3C; 8784
1DAE946F2E9EEC9; 8780
1DAE94795BF57F8; 8799
1DAE947A660E731; 8793
1DAE947BBE62CDD; 8797
1DAE947CA527D9A; 8796
1DAE9483123EF02; 8807
1DAE948599CFB75; 8806
1DAE948FB6E933B; 8807
1DAE949AE7BB42D; 8808
1DAE94A6187325F; 8804
1DAE94B02C0CBF4; 8803
1DAE94BB5CE03F4; 8805
1DAE94C686F3201; 8805
1DAE94D1C14FA22; 8812
1DAE94DA3146532; 8814
1DAE94E51F45ABD; 8805
1DAE94EC54B533B; 8806
1DAE94F78592162; 8813
1DAE94FFF588115; 8813
1DAE950B1CB8C96; 8807
1DAE951433970E6; 8813
1DAE951C7D6C171; 8805
1DAE9523450E823; 8810
1DAE952B50E6565; 8811
1DAE953681C6292; 8807
1DAE95409554F91; 8815
1DAE95482BEAF18; 8814
1DAE95534A8174D; 8818
1DAE955D67986BA; 8817
1DAE95688DD8DCE; 8812
1DAE95721BE431F; 8813
1DAE957D4D8B753; 8815
1DAE958875AA8B4; 8817
1DAE9593A656189; 8814
1DAE9A4437288F5; 8838
1DAE9A4F3AFFC22; 8845
1DAE9A578E68735; 8844
1DAE9A62C0EFB19; 8839
1DAE9A6C456B395; 8839
1DAE9A777636537; 8839
1DAE9A82B33B293; 8841
1DAE9A8DD0D8038; 8830
1DAE9A93FC09563; 8828
1DAE9A9E786FB17; 8823
1DAE9AA7E248B8A; 8826
1DAE9AB24217680; 8816
1DAE9AB8C6E5207; 8820
1DAE9AC1831AC47; 8810
1DAE9AC721343FB; 8816
1DAE9ACD72841D2; 8828
1DAE9ACF09BB8D9; 8833
1DAE9AD02E81FA9; 8839
1DAE9AD15345792; 8837
1DAE9AD438445AE; 8832
1DAE9AD7304CC5A; 8839
1DAE9AD8551169A; 8832
1DAE9AD9704DED6; 8835
1DAE9ADA951274C; 8833
1DAE9ADD7A12557; 8834
1DAE9AE7EEDCBDE; 8840
1DAE9AF0C0211E0; 8836
1DAE9AFA613C61C; 8843
1DAE9B025EB5D54; 8842
1DAE9B0D85D983C; 8828
1DAE9B12170127E; 8830
1DAE9B1C06482F5; 8819
1DAE9B2198E4F05; 8814
1DAE9B28EAE3EA8; 8800
1DAE9B2A3F59C5F; 8797
1DAE9B2B641CFA5; 8797
1DAE9B368B43B82; 8796
1DAE9B41BC16A43; 8790
1DAE9B4AB18FD67; 8782
1DAE9B51E4F7161; 8775
1DAE9B58829A9FE; 8779
1DAE9B6165059CA; 8773
1DAE9B69B86275E; 8770
1DAE9B73F6062A3; 8765
1DAE9B7D5655040; 8773
1DAE9B84823C8AE; 8771
1DAE9B8F416FA2D; 8768
1DAE9B99DA8C9EA; 8770
1DAE9BA4F85C050; 8772
1DAE9BB0293981C; 8765
1DAE9BB88FB1EE3; 8761
1DAE9BC21DC9570; 8764
1DAE9BCC9E1884C; 8756
1DAE9BD432D761A; 8750
1DAE9BDC0E372AE; 8745
1DAE9BE49ACEF15; 8746
1DAE9BEFD7FC6FC; 8756
1DAE9BF69243855; 8748
1DAE9BFC1B63808; 8748
1DAE9C074D13EBC; 8750
1DAE9C128C211B9; 8743
1DAE9C1AF2A38FB; 8738
1DAE9C23C1FDB8B; 8730
1DAE9C2B1D9F88F; 8737
1DAE9C32097AEF8; 8734
1DAE9C3BDB87B32; 8733
1DAE9C470F230EC; 8726
1DAE9C4F7873F6F; 8724
1DAE9C5A5454F78; 8727
1DAE9C64F61E2EB; 8713
1DAE9C6931746AA; 8717
1DAE9C706018F27; 8715
1DAE9C7B0C5165F; 8709
1DAE9C83EECE763; 8697
1DAE9C8846C7085; 8703
1DAE9C8CF492DC9; 8695
1DAE9C8FD99CFE4; 8694
1DAE9C9A4E8F2FF; 8696
1DAE9CA56C4A266; 8693
1DAE9CB00F028C2; 8690
1DAE9CBAA82BD8F; 8690
1DAE9CC5CF780DE; 8683
1DAE9CCE4B1D819; 8680
1DAE9CD87B628A3; 8677
1DAE9CE30A39009; 8677
1DAE9CEE31A43C8; 8674
1DAE9CF8DDE46B9; 8692
1DAE9CFAD482106; 8691
1DAE9D046C32D98; 8683
1DAE9D0BB4BC707; 8693
1DAE9D102958702; 8700
1DAE9D13CC27213; 8701
1DAE9D1E9DC8C19; 8693
1DAE9D265AEC275; 8701
1DAE9D2CB5E10F0; 8699
1DAE9D373C0CE45; 8691
1DAE9D3EE3DCD41; 8696
1DAE9D477C0E3E6; 8695
1DAE9D5299DE06E; 8696
1DAE9D5DCAC5A6D; 8699
1DAE9D68763DF44; 8707
1DAE9D70279EE5B; 8718
1DAE9D74487AB45; 8720
1DAE9D7DE035659; 8745
1DAE9D7F05046DC; 8746
1DAE9D86A34BFD4; 8757
1DAE9D8AA57C5B0; 8769
1DAE9D8BC0C3D3E; 8771
1DAE9D8E597A815; 8767
1DAE9D92489B9E9; 8770
1DAE9D9A6C647D5; 8789
1DAE9D9B87ABB7E; 8792
1DAE9D9CA2F2954; 8792
1DAE9DA7D3D1772; 8807
1DAE9DABCC7B001; 8814
1DAE9DAE775AAD3; 8814
1DAE9DB9AB1CF3C; 8833
1DAE9DBB687ED3B; 8830
1DAE9DBE72E0EC8; 8830
1DAE9DC9A6AD170; 8844
1DAE9DCE2E61395; 8838
1DAE9DD3288A4F7; 8840
1DAE9DDD3C564B3; 8844
1DAE9DE729EE4D3; 8841
1DAE9DF1A5AB4CF; 8840
1DAE9DFCD69D82A; 8841
1DAE9E0807877C4; 8845
1DAE9E121A8901F; 8836
1DAE9E1903CCA7F; 8833
1DAE9E22D4CD952; 8831
1DAE9E2DF2B0C7E; 8826
1DAE9E378030A22; 8822
1DAE9E41531AAB3; 8828
1DAE9E49E96D824; 8825
1DAE9E542CE0FC2; 8828
1DAE9E5EB423A0C; 8829
1DAE9E69E516CE8; 8840
1DAE9E7019F8084; 8836
1DAE9E78CCD67A3; 8846
1DAE9E7E6D0EFAA; 8839
1DAE9E83B3755AD; 8841
1DAE9E8DF8C8171; 8842
1DAE9E992318410; 8825
1DAE9E9BF512773; 8829
1DAE9EA0995D653; 8825
1DAE9EA8249E1B4; 8821
1DAE9EB1668A476; 8812
1DAE9EB7F131F14; 8818
1DAE9EBF0BF37DD; 8812
1DAE9EC69A17F67; 8814
1DAE9ED1597F130; 8818
1DAE9EDB5A259ED; 8826
1DAE9EE2FAB1819; 8837
1DAE9EE6D6B77C6; 8839
1DAE9EF068DFA1F; 8848
1DAE9EF75F615D9; 8844
1DAE9F007D14EED; 8850
1DAE9F08DA24868; 8855
1DAE9F11B32EC46; 8871
1DAE9F1353F7DC8; 8863
1DAE9F146F3EECD; 8865
1DAE9F1707FF0D7; 8864
1DAE9F21395CEF3; 8876
1DAE9F2663369A8; 8873
1DAE9F2F7F03232; 8878
1DAE9F3887C7C1F; 8883
1DAE9F419A1ED11; 8887
1DAE9F4B4E906FE; 8893
1DAE9F53F05EAE3; 8894
1DAE9F5F0E4BD44; 8899
1DAE9F689B9B92D; 8903
1DAE9F726CA482F; 8903
1DAE9F7D94196EC; 8909
1DAE9F869E0A5AC; 8908
1DAE9F91BBF7996; 8920
1DAE9F97583A770; 8913
1DAE9F9CB1C72C0; 8915
1DAE9FA727CEF56; 8916
1DAE9FB21F9317A; 8925
1DAE9FB95E9F05C; 8920
1DAE9FC1DF077DC; 8921
1DAE9FCCEAC05B2; 8929
1DAE9FD4C52E3A7; 8924
1DAE9FDD5B6C88E; 8940
1DAE9FDEC2FD469; 8935
1DAE9FDFDE4373F; 8940
1DAE9FE10310849; 8934
1DAE9FE23166C08; 8936
1DAE9FE561DFC5C; 8936
1DAE9FF092C8CED; 8941
1DAE9FFA1775D68; 8957
1DAE9FFC5A59C15; 8950
1DAE9FFD8AA56B5; 8949
1DAEA005458DE4D; 8950
1DAEA01082E1A67; 8955
1DAEA019FDFC4D1; 8957
1DAEA02508CF0FE; 8961
1DAEA02F1B9802D; 8965
1DAEA0390930336; 8966
1DAEA0443091C18; 8970
1DAEA04E4DD10AD; 8970
1DAEA0597531852; 8973
1DAEA064217C7DD; 8975
1DAEA06F52658BB; 8976
1DAEA07A79BBDDE; 8984
1DAEA0825AC30DB; 8986
1DAEA08D2C65AB8; 8980
1DAEA09618759EA; 8981
1DAEA0A13FD69BC; 8989
1DAEA0A920DEBD6; 9003
1DAEA0AB2103002; 8999
1DAEA0ACA52A169; 9002
1DAEA0AE5167DAC; 9001
1DAEA0B75A18875; 9014
1DAEA0BB2C8DE94; 9017
1DAEA0C32A2CB8F; 9020
1DAEA0CD5C67960; 9019
1DAEA0D8859E18E; 9022
1DAEA0E31ECFCBB; 9023
1DAEA0EE4FB71D0; 9026
1DAEA0F8F36AF63; 9027
1DAEA104244A728; 9028
1DAEA10F6CF43E7; 9028
1DAEA11A990D7D5; 9026
1DAEA125B9A1714; 9034
1DAEA12DB679BAB; 9034
1DAEA138C3FE598; 9039
1DAEA1423585ED0; 9041
1DAEA14D49CC470; 9038
1DAEA157E2F4D01; 9046
1DAEA15F9FBCED9; 9045
1DAEA16ADED27E0; 9047
1DAEA175F32425C; 9050
1DAEA18094E33C8; 9057
1DAEA188DEC42E3; 9060
1DAEA19325EC364; 9056
1DAEA19D09DD838; 9057
1DAEA1A83135897; 9061
1DAEA1B244D9AFF; 9061
1DAEA1BD75B6824; 9062
1DAEA1C8A681EBB; 9064
1DAEA1D3CDE36FE; 9063
1DAEA1DF16A8092; 9063
1DAEA1EA2FB3928; 9065
1DAEA1F56357048; 9065
1DAEA20081F9411; 9066
1DAEA20BB2C227F; 9067
1DAEA216E476634; 9066
1DAEA6D8026C41B; 9102
1DAEA6E2D4A1799; 9100
1DAEA6EE056D7AF; 9099
1DAEA6F9449252C; 9101
1DAEA704599FB4B; 9101
1DAEA70F8B3AC1C; 9099
1DAEA71ABECBF69; 9095
1DAEA724D25DEB4; 9106
1DAEA72A8193929; 9114
1DAEA72EF62132C; 9117
1DAEA7378C3978A; 9117
1DAEA742BDD41CC; 9117
1DAEA74DEE82D20; 9111
1DAEA756ED83E10; 9110
1DAEA762937D1E2; 9107
1DAEA76D3618D72; 9109
1DAEA7785E36089; 9108
1DAEA7838FDE096; 9107
1DAEA78EC183320; 9104
1DAEA799641F51E; 9097
1DAEA7A1ADF45AB; 9092
1DAEA7AA7F4D0EF; 9082
1DAEA7B011F3AE2; 9078
1DAEA7B87D2FD48; 9070
1DAEA7BF2FCCE8D; 9063
1DAEA7C58127F42; 9057
1DAEA7CC7899B4C; 9055
1DAEA7D750CB402; 9045
1DAEA7DDC850F82; 9039
1DAEA7E4E1274F0; 9037
1DAEA7EF9615636; 9034
1DAEA7FA3C8EB25; 9028
1DAEA8030269263; 9029
1DAEA80E341A1AB; 9025
1DAEA81847B4133; 9035
1DAEA81E990E88B; 9041
1DAEA8258C8F308; 9036
1DAEA82DCFC1381; 9033
1DAEA83801DD614; 9030
1DAEA8427E6385E; 9021
1DAEA849980C9A8; 9019
1DAEA854435C88F; 9013
1DAEA85D25D1497; 9012
1DAEA86862FE53D; 9013
1DAEA87380D6178; 9002
1DAEA879AC107F4; 9004
1DAEA88428977CA; 9027
1DAEA88543D493E; 9029
1DAEA887DC899E7; 9046
1DAEA889014F549; 9049
1DAEA88A1C97067; 9047
1DAEA88CC0B64BF; 9056
1DAEA88DDBFC306; 9060
1DAEA88EF739DBB; 9064
1DAEA8901C084B6; 9067
1DAEA8914A53778; 9074
1DAEA8926F23610; 9077
1DAEA8938A5EE84; 9074
1DAEA894AF2E2DA; 9074
1DAEA89FD699000; 9076
1DAEA8AB078B7E8; 9071
1DAEA8B48C2595E; 9066
1DAEA8BDBAF5E90; 9059
1DAEA8C57F5CBCA; 9054
1DAEA8CE1F1966D; 9054
1DAEA8D9B8DA4B5; 9050
1DAEA8E3DF99606; 9048
1DAEA8EEFE43F8E; 9052
1DAEA8F911E948F; 9043
1DAEA8FFFAFB4F8; 9045
1DAEA90A9DB40E8; 9044
1DAEA915CF79E0D; 9036
1DAEA91DA6FA8EA; 9032
1DAEA9273FC3E86; 9028
1DAEA93108382E5; 9023
1DAEA93A10DE6EB; 9030
1DAEA941C5191D7; 9021
1DAEA94757D6223; 9026
1DAEA94EB634261; 9031
1DAEA9571339D38; 9024
1DAEA95F0E142D2; 9028
1DAEA9684A559C6; 9022
1DAEA970BA7357F; 9053
1DAEA971EAB27E5; 9057
1DAEA9734C98EB7; 9061
1DAEA9742EA73D3; 9070
1DAEA975536C57E; 9077
1DAEA9766EB2BF1; 9075
1DAEA97912DBDCA; 9073
1DAEA98136A52EC; 9079
1DAEA9893B11242; 9076
1DAEA9935852DAF; 9078
1DAEA99E829726B; 9079
1DAEA9A9A263BD2; 9081
1DAEA9B4D34D435; 9078
1DAEA9BF761928D; 9074
1DAEA9C98BC59F5; 9075
1DAEA9D4A9A8B8A; 9071
1DAEA9DEC6F213C; 9071
1DAEA9E9F9C5CFE; 9076
1DAEA9F37E7B414; 9086
1DAEA9F983B4EEF; 9086
1DAEAA04B49C6FD; 9101
1DAEAA08AD51833; 9106
1DAEAA0E19EC8D4; 9118
1DAEAA0F3533C47; 9121
1DAEAA10507A266; 9122
1DAEAA17C8AABCF; 9136
1DAEAA19584ECEE; 9139
1DAEAA1B474D715; 9140
1DAEAA24B8F4458; 9156
1DAEAA26F25187E; 9161
1DAEAA28191350E; 9163
1DAEAA2AFD4C32A; 9166
1DAEAA31B99952A; 9173
1DAEAA3814A4982; 9180
1DAEAA3E50330FC; 9189
1DAEAA425BEC1E1; 9193
1DAEAA494524C3B; 9201
1DAEAA4EFE15EB6; 9206
1DAEAA56DE5FE3B; 9208
1DAEAA61A682CBF; 9211
1DAEAA6C605EDCC; 9213
1DAEAA7774C9955; 9214
1DAEAA82A5B464A; 9212
1DAEAA8DCD20676; 9214
1DAEAA98FE1324D; 9213
1DAEAAA4257E886; 9215
1DAEAAAF566FF5F; 9209
1DAEAAB88479787; 9206
1DAEAAC2AB54A8D; 9203
1DAEAACD3194B81; 9196
1DAEAAD5688DA69; 9193
1DAEAADF98FAD4F; 9192
1DAEAAEAC9ECA08; 9193
1DAEAAF5FDC5C77; 9196
1DAEAB00A09C591; 9200
1DAEAB0AA14E974; 9199
1DAEAB15C8C1EF1; 9197
1DAEAB20FBC7499; 9193
1DAEAB2B0F8A054; 9189
1DAEAB34FD2B904; 9188
1DAEAB4025878F5; 9196
1DAEAB4813058B0; 9196
1DAEAB5348B1536; 9197
1DAEAB5E5D219C0; 9201
1DAEAB687A7531B; 9203
1DAEAB738ED9FE2; 9210
1DAEAB7BF974E4D; 9215
1DAEAB84DDFBB07; 9224
1DAEAB8B25EBE85; 9229
1DAEAB92FD80BF6; 9227
1DAEAB9DDF6D1D6; 9243
1DAEABA10FEFD37; 9244
1DAEABABBE39ACA; 9251
1DAEABB3FEAE2AC; 9258
1DAEABBB5A52ED7; 9255
1DAEABC5947AC11; 9267
1DAEABCA908BC5F; 9269
1DAEABD4A45819E; 9271
1DAEABDFB8BDEB4; 9274
1DAEABEA66208FD; 9279
1DAEABF3CE3EC14; 9281
1DAEABFED925B74; 9284
1DAEAC0978350E9; 9288
1DAEAC1378EF4BC; 9288
1DAEAC1EA9ED71F; 9298
1DAEAC256CF3980; 9295
1DAEAC2F3DF3F29; 9308
1DAEAC33960177B; 9306
1DAEAC3D68EA41F; 9309
1DAEAC47D1974C4; 9310
1DAEAC5302959AD; 9308
1DAEAC5E29FF632; 9309
1DAEAC695AF30B9; 9320
1DAEAC6F995B21E; 9319
1DAEAC7AC0C50C0; 9320
1DAEAC85F1B8AB3; 9323
1DAEAC9093BD599; 9328
1DAEAC9A05593DA; 9327
1DAEACA5364B3C7; 9327
1DAEACB05DAC301; 9327
1DAEACBB9AEF65D; 9331
1DAEACC5A51CDD5; 9331
1DAEACD0D6FFE12; 9332
1DAEACDBFE6205C; 9334
1DAEACE72F5420C; 9337
1DAEACF1D22149B; 9337
1DAEACFD030A52B; 9340
1DAEAD07AF551E4; 9340
1DAEAD12D6AB9AC; 9339
1DAEAD1E1F5C742; 9341
1DAEAD2933B7988; 9349
1DAEAD310B386FB; 9342
1DAEAD38370C000; 9352
1DAEAD3C8587433; 9343
1DAEAD3DAA55B5C; 9354
1DAEAD3EC592204; 9352
1DAEAD4154C1D49; 9354
1DAEAD496F0451E; 9358
1DAEAD52D703A86; 9352
1DAEAD5B5A31AF5; 9359
1DAEAD62D259708; 9363
1DAEAD6C143A6B6; 9358
1DAEAD752FF0A20; 9368
1DAEAD7AFBDB975; 9365
1DAEAD846D651C1; 9370
1DAEAD8D9298DD7; 9371
1DAEAD98C36D72E; 9373
1DAEADA3EACE945; 9376
1DAEADAE97058E7; 9371
1DAEADB7FF05CC2; 9381
1DAEADBDFA97234; 9381
1DAEADC921EEA2F; 9383
1DAEADD452D71C8; 9389
1DAEADDD51ED0FC; 9402
1DAEADE1115257F; 9398
1DAEADE788E0200; 9402
1DAEADF061CC964; 9404
1DAEADFB5A4CD43; 9403
1DAEAE068B2A91B; 9404
1DAEAE11BC14716; 9406
1DAEAE1CE43D0DD; 9409
1DAEAE279073511; 9415
1DAEAE3069557F6; 9414
1DAEAE3B9A3DD4B; 9413
1DAEAE46CBEDEF3; 9419
1DAEAE4FCAF8F8C; 9420
1DAEAE5AF3213E1; 9419
1DAEAE64E1BC6BC; 9418
1DAEAE66232356A; 9411
1DAEAE6747E89AB; 9420
1DAEAE68763EF4A; 9421
1DAEAE703112991; 9421
1DAEAE7B62C4297; 9421
1DAEAE868AF69C8; 9419
1DAEAE91C62D463; 9418
1DAEAE9CEE4DA7E; 9422
1DAEAEA70B6FD8C; 9421
1DAEB3699E6C0AC; 9457
1DAEB374C5B38C2; 9456
1DAEB37FF676EDB; 9455
1DAEB38B29FE9B4; 9447
1DAEB393174C639; 9453
1DAEB39B049908E; 9452
1DAEB3A63081AF5; 9444
1DAEB3AE0AB610A; 9448
1DAEB3B75600C88; 9434
1DAEB3BAC28BD78; 9440
1DAEB3BD77D1D93; 9439
1DAEB3C7D017580; 9436
1DAEB3D2561093A; 9435
1DAEB3DD87AE9A8; 9425
1DAEB3E45413AE0; 9429
1DAEB3ED531426C; 9424
1DAEB3F65216D81; 9423
1DAEB40198B76C8; 9422
1DAEB40CBFDD099; 9422
1DAEB417F18313F; 9443
1DAEB4190CC048C; 9444
1DAEB42084E795D; 9436
1DAEB426A5A677D; 9439
1DAEB43033B71B2; 9432
1DAEB43827B18FE; 9427
1DAEB440DA68341; 9419
1DAEB447B9DFC99; 9412
1DAEB44E4472933; 9406
1DAEB455679B8D1; 9400
1DAEB45CF78078E; 9386
1DAEB45E8EB954D; 9392
1DAEB45FB571AF3; 9388
1DAEB460C7268C7; 9387
1DAEB4681C12C42; 9378
1DAEB46D580B90E; 9379
1DAEB4789523873; 9370
1DAEB47FFF09E16; 9365
1DAEB4885ECABC7; 9364
1DAEB4938601DF4; 9359
1DAEB49D1418CB7; 9351
1DAEB4A4661678C; 9353
1DAEB4AF2FFE3B6; 9346
1DAEB4B779D415F; 9340
1DAEB4BF9401EBB; 9337
1DAEB4C9BAACFF9; 9335
1DAEB4D4DB427E4; 9363
1DAEB4D600067F5; 9360
1DAEB4D724D5EA7; 9362
1DAEB4DA09D530A; 9364
1DAEB4E2966CE64; 9357
1DAEB4EA181DAB3; 9387
1DAEB4EB3CE0CB8; 9393
1DAEB4EC58283D8; 9400
1DAEB4ED7364A69; 9405
1DAEB4EE9833F43; 9407
1DAEB4F17C4493C; 9410
1DAEB4F82D02D62; 9429
1DAEB4F948402D2; 9427
1DAEB4FBE0EC3B7; 9428
1DAEB5061AA62CB; 9481
1DAEB5073F75419; 9489
1DAEB508CD1BDD0; 9499
1DAEB509E862A67; 9504
1DAEB50B0D26A68; 9510
1DAEB50C286CF55; 9512
1DAEB50ECC8BB3B; 9511
1DAEB518FCC8A92; 9504
1DAEB5212A08432; 9491
1DAEB5243527BB6; 9496
1DAEB5279551DD1; 9494
1DAEB530A76ECA9; 9488
1DAEB5390DF0329; 9480
1DAEB53FD1C8866; 9513
1DAEB540ED0E135; 9518
1DAEB54211D2AEF; 9516
1DAEB544F6D4357; 9519
1DAEB54BA79BFED; 9528
1DAEB55055692DC; 9527
1DAEB55B7CAAA8C; 9572
1DAEB55C97F1E8C; 9583
1DAEB55DBCB5A1A; 9581
1DAEB560A1C04AD; 9584
1DAEB567528066D; 9581
1DAEB5711053177; 9589
1DAEB5787560D96; 9636
1DAEB5799A25B4B; 9636
1DAEB584CDCAD89; 9649
1DAEB589DAF81D1; 9642
1DAEB58E7F45B93; 9641
1DAEB599A963140; 9639
1DAEB5A4D19616B; 9643
1DAEB5AEE544064; 9644
1DAEB5BA2270252; 9641
1DAEB5C4D0935C7; 9629
1DAEB5CA339CFEB; 9636
1DAEB5CF4C33693; 9635
1DAEB5DA7FE2160; 9630
1DAEB5E40485642; 9634
1DAEB5EDD567F65; 9633
1DAEB5F9065AFF3; 9633
1DAEB6044C33F73; 9641
1DAEB60C23AAAE8; 9669
1DAEB60D4879464; 9669
1DAEB618796C139; 9679
1DAEB61F3D586D2; 9674
1DAEB6275799CEC; 9677
1DAEB6317E6319B; 9671
1DAEB63A3ACB7BB; 9666
1DAEB643306CC55; 9670
1DAEB64CD1BB82B; 9663
1DAEB654CF661E2; 9677
1DAEB656F5B3633; 9674
1DAEB65BC213D0C; 9688
1DAEB65D00AA6A2; 9681
1DAEB65DF5C75FB; 9682
1DAEB664A5B3631; 9684
1DAEB66F53E79DC; 9688
1DAEB6794B08741; 9693
1DAEB682967C5C0; 9699
1DAEB68B102A715; 9697
1DAEB695F4DDD5E; 9708
1DAEB69C0D1D4A8; 9716
1DAEB6A0F42B11C; 9721
1DAEB6A7A416E1E; 9733
1DAEB6A9D5D88C7; 9729
1DAEB6AC355DB1E; 9740
1DAEB6AD5A2D748; 9737
1DAEB6AE75738E9; 9740
1DAEB6AF9A434A7; 9739
1DAEB6B72F0141F; 9759
1DAEB6B853CFAF6; 9755
1DAEB6B96F1758E; 9756
1DAEB6C0E73EA10; 9770
1DAEB6C274F8C7E; 9774
1DAEB6C390355B3; 9774
1DAEB6CECAAFBF4; 9788
1DAEB6D35BEC042; 9785
1DAEB6DC0ECAF5B; 9799
1DAEB6DEEA435FC; 9800
1DAEB6E95F4AB9E; 9837
1DAEB6EA7109946; 9833
1DAEB6EB95D85A8; 9841
1DAEB6ECB11F107; 9844
1DAEB6EDE15E85A; 9840
1DAEB6EEF31E3D7; 9846
1DAEB6F017EC14B; 9843
1DAEB6F13CBAFA9; 9844
1DAEB6F8D17ADC1; 9853
1DAEB6FE5126211; 9859
1DAEB7048F8E8FE; 9866
1DAEB70A8B35DE8; 9875
1DAEB70E6747376; 9866
1DAEB70F8C1448B; 9868
1DAEB71271204DB; 9872
1DAEB7173B95FD2; 9865
1DAEB71B8089B31; 9867
1DAEB7253E7A1CC; 9869
1DAEB73055A4E8D; 9873
1DAEB73A69702AA; 9866
1DAEB74283BCD95; 9869
1DAEB74CAA8F1CC; 9865
1DAEB7569831434; 9860
1DAEB75FE3B6A43; 9865
1DAEB768FF8241E; 9858
1DAEB770BA7FFC2; 9856
1DAEB77B8C0F638; 9859
1DAEB7862478C51; 9870
1DAEB78C201EE28; 9862
1DAEB790EA9401E; 9867
1DAEB7977460C1F; 9860
1DAEB79DB2C9E5A; 9860
1DAEB7A8E3B1CB5; 9857
1DAEB7B38F34A48; 9853
1DAEB7BD9B5862F; 9844
1DAEB7C47B00EF6; 9839
1DAEB7CCA85C088; 9836
1DAEB7D6CE47566; 9837
1DAEB7E208AE318; 9831
1DAEB7EB07D7F2E; 9833
1DAEB7F6091997F; 9841
1DAEB7FDD71C7BE; 9843
1DAEB808A8B47B0; 9862
1DAEB80A2CDD995; 9857
1DAEB80B51AC1EB; 9864
1DAEB80C6CF2FA8; 9868
1DAEB80D91C1BC6; 9863
1DAEB80EAD081AE; 9864
1DAEB816253943C; 9871
1DAEB81D1CAADF6; 9880
1DAEB82203B90B8; 9887
1DAEB8266ED4CCC; 9895
1DAEB828BB4CDCC; 9897
1DAEB83059897A0; 9908
1DAEB8345232131; 9908
1DAEB83F8CA2B72; 9927
1DAEB8415D1E014; 9927
1DAEB84C8E0FF2F; 9934
1DAEB854FE2D639; 9937
1DAEB85F373ECB7; 9954
1DAEB861709A4DD; 9949
1DAEB8628BECCD6; 9951
1DAEB86524AD9B7; 9952
1DAEB86F6759510; 9957
1DAEB878BC6764E; 9963
1DAEB8813FA9607; 9968
1DAEB88A2243CFE; 9973
1DAEB893216CB27; 9974
1DAEB89E55397A8; 9986
1DAEB8A3FA46F7A; 9981
1DAEB8AB55D70C3; 9981
1DAEB8B686BE649; 9984
1DAEB8C128B8D06; 9989
1DAEB8CA9A575E4; 9990
1DAEB8D5CB3DFEC; 9991
1DAEB8E0F295CDF; 9994
1DAEB8EB9DFBD0B; 9996
1DAEB8F6C551739; 9999
1DAEB901674C300; 10001
1DAEB90C8F9DC8D; 10001
1DAEB917CA0EDFF; 10004
1DAEB9226CD1009; 10005
1DAEB92DA755A27; 10007
1DAEB938D83E387; 10007
1DAEB9440926F1A; 10008
1DAEB94F4671A1F; 10009
1DAEB95A775A1D8; 10008
1DAEB965B1BF757; 10019
1DAEB96BEF4D5D6; 10015
1DAEB974A222FFC; 10014
1DAEB97FD30B8DB; 10018
1DAEB989F041956; 10020
1DAEB995048884C; 10021
1DAEB9A04B509C1; 10022
1DAEB9AB692A1D7; 10028
1DAEB9B46851CF8; 10026
1DAEB9BF60154F1; 10024
1DAEB9CA90F5143; 10036
1DAEB9D03F6B319; 10029
1DAEB9D5A2737ED; 10032
1DAEB9DED13AD25; 10030
1DAEB9E9DC0317E; 10038
1DAEB9F1B38603F; 10042
1DAEB9FB1D78B10; 10040
1DAEBA0615335D1; 10043
1DAEBA10B7EC311; 10048
1DAEBA1A28A3055; 10046
1DAEBA253CF27FE; 10048
1DAEBA306DD2473; 10052
1DAEBA3A817FE41; 10058
1DAEBA433DD3AD3; 10054
1DAEBA4CD57C8A5; 10055
1DAEBA580FD922D; 10072
1DAEBA5AFE61B31; 10068
1DAEBA5FE565AEB; 10068
1DAEBA6B164E69E; 10075
1DAEBA73864E6DF; 10076
1DAEBA7EB812CF2; 10076
1DAEBA89E8F10A6; 10083
1DAEBA9258F07E1; 10086
1DAEBA9C9E2FC6D; 10085
1DAEBAA7C591F90; 10086
1DAEBAB2F670AF8; 10090
1DAEBABD0A1DED8; 10090
1DAEBAC83BCEB01; 10087
1DAEBAD2E7FC172; 10089
1DAEBADE0F34867; 10089
1DAEBAE940E4AB4; 10092
1DAEBAF3F88DFA9; 10088
1DAEBAFDEEB5069; 10093
1DAEBB07308028C; 10092
1DAEBB126228C70; 10092
1DAEBB1D93D974C; 10093
1DAEBB28BD05F9B; 10094
1DAEBFFD585F715; 10108
1DAEC008473DA33; 10108
1DAEC013780A68F; 10109
1DAEC01E9F300FF; 10111
1DAEC029D98383C; 10112
1DAEC0350A4F87B; 10113
1DAEC0403AFB043; 10116
1DAEC04ADD8C18E; 10120
1DAEC054E9731E9; 10119
1DAEC0601A3DCE0; 10167
1DAEC06140F6E26; 10167
1DAEC06C690C623; 10166
1DAEC0779A9F114; 10179
1DAEC07CB149FC0; 10186
1DAEC0815F141EC; 10187
1DAEC08C7D96C31; 10188
1DAEC097AF29133; 10190
1DAEC0A2DFD6A6A; 10191
1DAEC0AE1166EC7; 10191
1DAEC0B942E8AD5; 10188
1DAEC0C3EE2D522; 10184
1DAEC0CDF807C74; 10182
1DAEC0D916AD9C1; 10173
1DAEC0E05F21BC4; 10168
1DAEC0E8C599718; 10164
1DAEC0F24A15F10; 10165
1DAEC0FD7BB210C; 10164
1DAEC108A5C3FED; 10170
1DAEC111A4BC116; 10172
1DAEC11C9D1EDEC; 10172
1DAEC127CDD4F67; 10174
1DAEC132FEA84E2; 10176
1DAEC13E25EB270; 10173
1DAEC148D13CB31; 10179
1DAEC151B3A5A26; 10173
1DAEC15A06FB065; 10170
1DAEC16440955BD; 10169
1DAEC16F67E2FE1; 10196
1DAEC1708CB1673; 10199
1DAEC171A7F836D; 10203
1DAEC172C333F53; 10206
1DAEC173F189F9F; 10214
1DAEC1750CCCFE3; 10218
1DAEC176280C664; 10223
1DAEC1774CD57F1; 10226
1DAEC178719E957; 10232
1DAEC1798CDDD4F; 10237
1DAEC17AA81D344; 10239
1DAEC17D40D636D; 10246
1DAEC17E6787750; 10243
1DAEC17F793DBD5; 10243
1DAEC18AB3A5F82; 10250
1DAEC19323ADF72; 10251
1DAEC19E54750F3; 10252
1DAEC1A98534826; 10255
1DBE06F9BC8BCBB; 10116
1DBE06FBDC23F3B; 10116
1DBE0712EB626BB; 10097
1DBE071468DAABB; 10097
1DBE07244781BBB; 10095
1DBE07267A2CB3B; 10095
1DBE073DCC2D03B; 10109
1DBE073F82DDB3B; 10109
1DBE0752C55CBBB; 10083
1DBE075CC1359BB; 10077
1DBE075E77E64BB; 10077
1DBE0770CBFA2BB; 10128
1DBE0772365F9BB; 10127
1DBE0773C6EAABB; 10127
1DBE07843E283BB; 10138
1DBE0785E1C61BB; 10138
1DBE07982C5093B; 10106
1DBE079EE0EDB3B; 10116
1DBE07A61B0E83B; 10130
1DBE07AB5BBCCBB; 10139
1DBE07B016E763B; 10146
1DBE07B6FB338BB; 10175
1DBE07B86598FBB; 10154
1DBE07BA9843F3B; 10152
1DBE07C359666BB; 10151
1DBE07C5959ACBB; 10151
1DBE07DCD4884BB; 10149
1DBE07DF073343B; 10149
1DBE07F64FAA2BB; 10162
1DBE07F80FE443B; 10162
1DBE080AB04363B; 10140
1DBE080BE17063B; 10140
1DBE081852B613B; 10150
1DBE0819D9B7BBB; 10150
1DBE082A04AA0BB; 10099
1DBE082B6F0F7BB; 10098
1DBE082CFF9A8BB; 10098
1DBE083DCCACC3B; 10061
1DBE083FE2BB83B; 10057
1DBE084303D1A3B; 10059
1DBE0844945CB3B; 10059
1DBE0855B74393B; 10099
1DBE085721A903B; 10103
1DBE08588C0E73B; 10083
1DBE0859F673E3B; 10110
1DBE085B60D953B; 10092
1DBE085CCB3EC3B; 10101
1DBE085E48B703B; 10098
1DBE085FB31C73B; 10103
1DBE08611D81E3B; 10107
1DBE086287E753B; 10110
1DBE08655328CBB; 10112
1DBE0870F29F8BB; 10141
1DBE08732ED3EBB; 10143
1DBE087CA5291BB; 10158
1DBE088392FEABB; 10188
1DBE0884C42BABB; 10169
1DBE08862E911BB; 10196
1DBE088798F68BB; 10177
1DBE0889166ECBB; 10178
1DBE088ABA0CABB; 10178
1DBE089BC9E0BBB; 10241
1DBE089D3DCF93B; 10221
1DBE089EA83503B; 10222
1DBE08A038C013B; 10222
1DBE08B1226E83B; 10259
1DBE08B3387D43B; 10238
1DBE08B4A2E2B3B; 10260
1DBE08B60D4823B; 10255
1DBE08B777AD93B; 10241
1DBE08B8E21303B; 10265
1DBE08BA4C7873B; 10243
1DBE08BC92363BB; 10243
1DBE08BDFC9BABB; 10243
1DBE08D5582563B; 10271
1DBE08D67FC8FBB; 10271
1DBE08E17CBAAEE; 10240
1DBE08E29B3A03B; 10240
1DBE08E418B243B; 10261
1DBE08E5962A83B; 10238
1DBE08E71D2C2BB; 10235
1DBE08E975979EE; 10220
1DBE08EA9416F3B; 10220
1DBE08EBFE7C63B; 10212
1DBE08ED7BF4A3B; 10208
1DBE08EEEFE37BB; 10200
1DBE08F05A48EBB; 10192
1DBE08F1D7C12BB; 10186
1DBE08F342269BB; 10183
1DBE08F50260B3B; 10177
1DBE08F66CC623B; 10173
1DBE08F7940496E; 10171
1DBE08F8B283EBB; 10171
1DBE0900AAFBB6E; 10169
1DBE0901C97B0BB; 10169
1DBE0903E91333B; 10169
1DBE0919249F9EE; 1603
1DBE091A431EF3B; 1603
1DBE091BAD8463B; 1563
1DBE091D17E9D3B; 1553
1DBE091EEB36BBB; 1558
1DBE09204BAD9EE; 1553
1DBE09216A2CF3B; 1553
1DBE09246E41B6E; 1562
1DBE09258CC10BB; 1562
1DBE09270A394BB; 1559
1DBE0928749EBBB; 1556
1DBE0929C202CEE; 1556
1DBE092AE08223B; 1556
1DBE092D1CB683B; 1556
1DBE094332254AB; 1556
1DBE09445311740; 1556
1DBE094456935A2; 1556
1DBE09445BA403B; 1556
1DBE094689BE211; 1556
1DBE095CAD472AB; 1552
1DBE095DD235091; 1552
1DBE095FF4A4E47; 1552
1DBE09768EF03B4; 1544
1DBE09769AFBE47; 1544
1DBE097898153E2; 1544
1DBE098D6195EE2; 1556
1DBE09A08E503D2; 1565
1DBE09A274AFF52; 1565
1DBE09B5F9F0D52; 1562
1DBE09B82312652; 1562
1DBE09CF1F3E0D2; 1564
1DBE09D15B726D2; 1564
1DBE09E89A5FED2; 1572
1DBE09EA9D5BDD2; 1572
1DBE09FFBCB1352; 1570
1DBE0A01EF5C2D2; 1570
1DBE0A1937D3152; 1563
1DBE0A1B4DE1D52; 1563
1DBE0A30C30BD52; 1563
1DBE0A32F5B6CD2; 1563
1DBE0A4A3E2DB52; 1571
1DBE0A4C37A03D2; 1571
1DBE0A6156F5952; 1565
1DBE0A63768DBD2; 1565
1DBE0A7924F02D2; 1560
1DBE0A7B3AFEED2; 1560
1DBE0A915248D52; 1560
1DBE0A9384F3CD2; 1560
1DBE0AAACD6AB52; 1562
1DBE0AAD0015AD2; 1562
1DBE0AC4488C952; 1566
1DBE0AC67B378D2; 1566
1DBE0ADD1805252; 1573
1DBE0ADF2E13E52; 1573
1DBE0AF499B47D2; 1568
1DBE0AF69327052; 1568
1DBE0B0CB3FA552; 1568
1DBE0B0EF02EB52; 1568
1DBE0B26422F052; 1577
1DBE0B283218252; 1577
1DBE0B3CB8D6FD2; 1577
1DBE0B3EE1F88D2; 1577
1DBE0B562A6F752; 1573
1DBE0B585391052; 1573
1DBE0B6EF05E9D2; 1575
1DBE0B7119802D2; 1575
1DBE0B8861F7152; 1576
1DBE0B8A9E2B752; 1576
1DBE0BA1DD18F52; 1581
1DBE0BA3FCB11D2; 1581
1DBE0BBA56BCDD2; 1575
1DBE0BBC6342352; 1575
1DBE0BD21B2E0D2; 1582
1DBE0BD41E29FD2; 1582
1DBE0BE933F5ED2; 1562
1DBE0BEA8B488D2; 1562
1DBE0BFA141AF52; 1583
1DBE0C03C3A8952; 1584
1DBE0C05ECCA252; 1584
1DBE0C1D3ECA752; 1586
1DBE0C1F7AFED52; 1586
1DBE0C36B9EC552; 1591
1DBE0C38CFFB152; 1591
1DBE0C4F1F668AB; 1619
1DBE0C503E979D2; 1619
1DBE0C5BCAFB8D2; 1626
1DBE0C5D81AC3D2; 1626
1DBE0C6FD5C01D2; 1619
1DBE0C702318F94; 1619
1DBE0C71BC1FD52; 1619
1DBE0C84A04E694; 1626
1DBE0C863955452; 1626
1DBE0C86929A94E; 1626
1DBE0C86935AB46; 1626
1DBE0C8699C0F14; 1626
1DBE0C8832C7CD2; 1626
1DBE0C9BA86684E; 1626
1DBE0C9BA926A46; 1626
1DBE0C9BAF8CE14; 1626
1DBE0C9D4893BD2; 1626
1DBE0C9DE0E47D6; 1626
1DBE0C9DE49AE4E; 1626
1DBE0C9DE55B046; 1626
1DBE0C9DEBC1414; 1626
1DBE0C9F84C81D2; 1626
1DBE0CB51FD1FD6; 1624
1DBE0CB5238864E; 1624
1DBE0CB52448846; 1624
1DBE0CB52AAEC14; 1624
1DBE0CB6C3B59D2; 1624
1DBE0CB73F6A256; 1624
1DBE0CB743208CE; 1624
1DBE0CB743E0AC6; 1624
1DBE0CB74A46E94; 1624
1DBE0CB8E34DC52; 1624
1DBE0CCE916A756; 1630
1DBE0CCE9520DCE; 1630
1DBE0CCE95E0FC6; 1630
1DBE0CCE9C47394; 1630
1DBE0CD0354E152; 1630
1DBE0CD09466656; 1630
1DBE0CD0981CCCE; 1630
1DBE0CD2384A052; 1630
1DBE0CE64C523D6; 1644
1DBE0CE6572F014; 1644
1DBE0CE7F035DD2; 1644
1DBE0CE9A6E68D2; 1644
1DBE0CFA0C1EE94; 1613
1DBE0CFBA525C52; 1613
1DBE0D018901914; 1613
1DBE0D0320BE230; 1613
1DBE0D0320C2A8E; 1613
1DBE0D054B8916E; 1613
1DBE0D1AFA9A094; 1639
1DBE0D1C8A7696E; 1639
1DBE0D1DB7AB7B0; 1639
1DBE0D293F2CA14; 1639
1DBE0D2ACB11130; 1639
1DBE0D2CED2B5AB; 1639
1DBE0D42B0C5194; 1639
1DBE0D4435A242B; 1639
1DBE0D5C225D914; 1645
1DBE0D5E2EE2E94; 1645
1DBE0D73DD45594; 1639
1DBE0D75E041494; 1639
1DBE0D8B982D214; 1638
1DBE0D8DB7C5494; 1638
1DBE0DA5003C314; 1645
1DBE0DA70338214; 1645
1DBE0DBC654F514; 1645
1DBE0DBE84E7794; 1645
1DBE0DD5CD5E614; 1639
1DBE0DD782E9116; 1639
1DBE0DD78F6F26D; 1639
1DBE0DD7D9E3B94; 1639
1DBE0DED314B816; 1642
1DBE0DED8846294; 1642
1DBE0DEF4CF92C0; 1642
1DBE0DEF9E54E94; 1642
1DBE0E064924D40; 1642
1DBE0E069A80914; 1642
1DBE0E08621A8CD; 1642
1DBE0E08BA18B94; 1642
1DBE0E1FAA9174D; 1642
1DBE0E20028FA14; 1642
1DBE0E21CD48F4D; 1642
1DBE0E222BB1314; 1642
1DBE0E390C3674D; 1642
1DBE0E396A9EB14; 1642
1DBE0E3B253A753; 1642
1DBE0E3B8A36D94; 1642
1DBE0E526DB15D3; 1642
1DBE0E52D2ADC14; 1642
1DBE0E5486F2101; 1642
1DBE0E54F245E94; 1642
1DBE0E6BCF68F81; 1642
1DBE0E6C3ABCD14; 1642
1DBE0E6DF1F364D; 1642
1DBE0E6E63DE614; 1642
1DBE0E8530E0E4D; 1643
1DBE0E85A2CBE14; 1643
1DBE0E874A86E86; 1643
1DBE0E87C264094; 1643
1DBE0E9E92FDD06; 1643
1DBE0E9F0ADAF14; 1643
1DBE0EA0B65A2A9; 1643
1DBE0EA133FC814; 1643
1DBE0EB7F547AA9; 1643
1DBE0EB872EA014; 1643
1DBE0EBA1C0F5F6; 1643
1DBE0EBA229288E; 1643
1DBE0EBAA594F94; 1643
1DBE0ED16486476; 1642
1DBE0ED16B0970E; 1642
1DBE0ED1EE0BE14; 1642
1DBE0ED3695D79B; 1642
1DBE0ED3710B9F6; 1642
1DBE0ED3FA91394; 1642
1DBE0EEAE18369B; 1642
1DBE0EEB72B7294; 1642
1DBE0EECFA61ED0; 1642
1DBE0EED011B91B; 1642
1DBE0EED924F514; 1642
1DBE0F0442D8D50; 1643
1DBE0F04DAC6394; 1643
1DBE0F06659CF54; 1643
1DBE0F066BFA650; 1643
1DBE0F0703E7C94; 1643
1DBE0F1DA48A754; 1648
1DBE0F1E42D5494; 1648
1DBE0F1FB10FCD4; 1648
1DBE0F204F5AA14; 1648
1DBE0F36A966614; 1642
1DBE0F38B5EBB94; 1642
1DBE0F4E6DD7914; 1643
1DBE0F5083E6514; 1643
1DBE0F67D5E6A14; 1646
1DBE0F69F57EC94; 1646
1DBE0F813DF5B14; 1649
1DBE0F836717414; 1649
1DBE0F9AA604C14; 1644
1DBE0F9CB28A194; 1644
1DBE0FB3161F414; 1644
1DBE0FB535B7694; 1644
1DBE0FCC87B7B94; 1650
1DBE0FCE8AB3A94; 1650
1DBE0FE4429F814; 1643
1DBE0FE628FF394; 1643
1DBE0FFB51DDF94; 1642
1DBE0FFD7AFF894; 1642
1DBE1014B9ED094; 1642
1DBE1016D985314; 1642
1DBE102E21FC194; 1649
1DBE10301B6EA14; 1649
1DBE1045870F394; 1642
1DBE10478081C14; 1642
1DBE105CBC73514; 1643
1DBE105DE226199; 1643
1DBE105EDC0B794; 1643
1DBE10753426699; 1650
1DBE10762E0BC94; 1650
1DBE1077132E686; 1650
1DBE10771A86219; 1650
1DBE1078146B814; 1650
1DBE108C8858686; 1649
1DBE108D8995814; 1649
1DBE108EA1D67D9; 1649
1DBE108EA7F0906; 1649
1DBE108FA92DA94; 1649
1DBE10A5EA4D659; 1643
1DBE10A6F1A4914; 1643
1DBE10A7E66808C; 1643
1DBE10A7ED49559; 1643
1DBE10A8F4A0814; 1643
1DBE10BD94CA78C; 1642
1DBE10BEA302F14; 1642
1DBE10BFAD81637; 1642
1DBE10BFB462A0C; 1642
1DBE10C0C29B194; 1642
1DBE10D6F5F84B7; 1649
1DBE10D80B12014; 1649
1DBE10D8E93A2B5; 1649
1DBE10D8F2630E2; 1649
1DBE10D8F8F43B7; 1649
1DBE10DA0E0DF14; 1649
1DBE10EE54DAC35; 1642
1DBE10EE5E03A62; 1642
1DBE10EF79AE894; 1642
1DBE10F02C304F4; 1642
1DBE10F031B1135; 1642
1DBE10F03AD9F62; 1642
1DBE10F15684D94; 1642
1DBE1105550F0F4; 1642
1DBE11055A8FD35; 1642
1DBE11067F63994; 1642
1DBE110777F0CB1; 1642
1DBE11077E309F4; 1642
1DBE110783B1635; 1642
1DBE1108A885294; 1642
1DBE111EB6DE4B1; 1648
1DBE111EBD1E1F4; 1648
1DBE111EC29EE35; 1648
1DBE111FE772A94; 1648
1DBE1120A8E18CD; 1648
1DBE1120B050D31; 1648
1DBE1120B690A74; 1648
1DBE1120BC116B5; 1648
1DBE1121E0E5314; 1648
1DBE11367D699CD; 1642
1DBE113684D8E31; 1642
1DBE11368B18B74; 1642
1DBE113690997B5; 1642
1DBE1137B56D414; 1642
1DBE113879A42D0; 1642
1DBE113880658CD; 1642
1DBE113887D4D31; 1642
1DBE11388E14A74; 1642
1DBE113893956B5; 1642
1DBE1139B869314; 1642
1DBE114E3190050; 1648
1DBE114E385164D; 1648
1DBE114E3FC0AB1; 1648
1DBE114E46007F4; 1648
1DBE114E4B81435; 1648
1DBE114F7055094; 1648
1DBE11502DECBB6; 1648
1DBE1150348BF50; 1648
1DBE11503B4D54D; 1648
1DBE115042BC9B1; 1648
1DBE115048FC6F4; 1648
1DBE11504E7D335; 1648
1DBE11517350F94; 1648
1DBE1165EF61FB6; 1642
1DBE1165F601350; 1642
1DBE1165FCC294D; 1642
1DBE11660431DB1; 1642
1DBE11660A71AF4; 1642
1DBE11660FF2735; 1642
1DBE116734C6394; 1642
1DBE1167EBD6457; 1642
1DBE1167F25DEB6; 1642
1DBE1167F8FD250; 1642
1DBE1167FFBE84D; 1642
1DBE1168072DCB1; 1642
1DBE11680D6D9F4; 1642
1DBE116812EE635; 1642
1DBE116937C2294; 1642
1DBE117DAD4B857; 1642
1DBE117DB3D32B6; 1642
1DBE117DBA72650; 1642
1DBE117DC133C4D; 1642
1DBE117DC8A30B1; 1642
1DBE117DCEE2DF4; 1642
1DBE117DD463A35; 1642
1DBE117EF937694; 1642
1DBE117FD9653E5; 1642
1DBE117FDFF67D7; 1642
1DBE117FE67E236; 1642
1DBE117FED1D5D0; 1642
1DBE117FF3DEBCD; 1642
1DBE117FFB4E031; 1642
1DBE1180018DD74; 1642
1DBE1180070E9B5; 1642
1DBE11812BE2614; 1642
1DBE11972B658E5; 1642
1DBE119731F6CD7; 1642
1DBE1197387E736; 1642
1DBE11973F1DAD0; 1642
1DBE119745DF0CD; 1642
1DBE11974D4E531; 1642
1DBE1197538E274; 1642
1DBE1197590EEB5; 1642
1DBE11987DE2B14; 1642
1DBE1199317704D; 1642
1DBE119937EAE65; 1642
1DBE11993E7C257; 1642
1DBE11994503CB6; 1642
1DBE11994BA3050; 1642
1DBE1199526464D; 1642
1DBE119959D3AB1; 1642
1DBE119960137F4; 1642
1DBE119A8A68094; 1642
1DBE11B0968A24D; 1655
1DBE11B09CFE065; 1655
1DBE11B0A38F457; 1655
1DBE11B0AA16EB6; 1655
1DBE11B0B0B6250; 1655
1DBE11B0B77784D; 1655
1DBE11B0BEE6CB1; 1655
1DBE11B0CAA7635; 1655
1DBE11B1EF7B294; 1655
1DBE11B2476AB96; 1655
1DBE11B24D3AD4D; 1655
1DBE11B253AEB65; 1655
1DBE11B25A3FF57; 1655
1DBE11B260C79B6; 1655
1DBE11B26766D50; 1655
1DBE11B26E2834D; 1655
1DBE11B275977B1; 1655
1DBE11B3A62BD94; 1655
1DBE11C53D9E816; 1648
1DBE11C5436E9CD; 1648
1DBE11C549E27E5; 1648
1DBE11C55073BD7; 1648
1DBE11C556FB636; 1648
1DBE11C55D9A9D0; 1648
1DBE11C5645BFCD; 1648
1DBE11C5778BDB5; 1648
1DBE11C69C5FA14; 1648
1DBE11C74A23D96; 1648
1DBE11C74FF3F4D; 1648
1DBE11C75667D65; 1648
1DBE11C75CF9157; 1648
1DBE11C76380BB6; 1648
1DBE11C76A1FF50; 1648
1DBE11C8A8E4F94; 1648
1DBE11DC13A4896; 1648
1DBE11DC1974A4D; 1648
1DBE11DC1FE8865; 1648
1DBE11DC2679C57; 1648
1DBE11DC2D016B6; 1648
1DBE11DC4D91E35; 1648
1DBE11DD7265A94; 1648
1DBE11DE16A0796; 1648
1DBE11DE1C7094D; 1648
1DBE11DE22E4765; 1648
1DBE11DE2975B57; 1648
1DBE11DE2FFD5B6; 1648
1DBE11DF7561994; 1648
1DBE11F5853D016; 1648
1DBE11F58B0D1CD; 1648
1DBE11F59180FE5; 1648
1DBE11F598123D7; 1648
1DBE11F5BF2A5B5; 1648
1DBE11F6E3FE214; 1648
1DBE11F7A4D5296; 1648
1DBE11F7AAA544D; 1648
1DBE11F7B119265; 1648
1DBE11F90396494; 1648
1DBE120EED4C116; 1653
1DBE120EF31C2CD; 1653
1DBE120F27396B5; 1653
1DBE12104C0D314; 1653
1DBE12110CE4396; 1653
1DBE121112B454D; 1653
1DBE12126BA5594; 1653
1DBE122766EFF96; 1653
1DBE1227A0DD535; 1653
1DBE1228C5B1194; 1653
1DBE122ADBBFD94; 1653
1DBE124108EC635; 1647
1DBE12422DC0294; 1647
1DBE124430BC194; 1647
1DBE1258C3D42B5; 1648
1DBE1259E8A7F14; 1648
1DBE125C1B52E94; 1648
1DBE1272356CA35; 1657
1DBE12735A40694; 1657
1DBE12753A39E46; 1657
1DBE12889381074; 1660
1DBE1289B6AF34E; 1660
1DBE1289B76F546; 1660
1DBE128BC9078D6; 1660
1DBE12A1A5BB6F4; 1653
1DBE12A2C533356; 1653
1DBE12A49BAA26D; 1653
1DBE12B9FDC156D; 1654
1DBE12BC1D597ED; 1654
1DBE12D36F59CED; 1668
1DBE12D51C8116D; 1668
1DBE12E77094F6D; 1729
1DBE12E8DAFA66D; 1723
1DBE12EA455FD6D; 1730
1DBE12EBAFC546D; 1723
1DBE12ED2D3D86D; 1729
1DBE12EE97A2F6D; 1723
1DBE12F0020866D; 1729
1DBE12F16C6DD6D; 1723
1DBE12F2D6D346D; 1724
1DBE12F45DD4EED; 1724
1DBE1304D5127ED; 1727
1DBE1306F4AAA6D; 1727
1DBE131D9B01A6D; 1723
1DBE131FBA99CED; 1723
1DBE13366A7A36D; 1716
1DBE133863ECBED; 1716
1DBE134DCF8D56D; 1722
1DBE134FE59C16D; 1722
1DBE136593FE86D; 1713
1DBE136770D4D6D; 1713
1DBE137BA1BF06D; 1713
1DBE137DCAE096D; 1713
1DBE139506D1696; 1710
1DBE139513577ED; 1710
1DBE13973F1B4C0; 1710
1DBE13AE44D05C0; 1705
1DBE13B04AB344D; 1705
1DBE13C6AE486CD; 1699
1DBE13C8B463B4D; 1699
1DBE13DE6C4F8CD; 1702
1DBE13E085538D3; 1702
1DBE13F7817F353; 1711
1DBE13F7E2BBD65; 1711
1DBE13F9749A481; 1711
1DBE140C697AAE5; 1716
1DBE140DFB59201; 1716
1DBE140E6FDCC01; 1716
1DBE140E7600065; 1716
1DBE1410014754D; 1716
1DBE14247D9D401; 1726
1DBE142483C0865; 1726
1DBE14260F07D4D; 1726
1DBE1426490D67B; 1726
1DBE142649D7E3F; 1726
1DBE142650EA281; 1726
1DBE1426570D6E5; 1726
1DBE1427DC62986; 1726
1DBE143A2DAC57B; 1716
1DBE143A2E76D3F; 1716
1DBE143A3589181; 1716
1DBE143A3BAC5E5; 1716
1DBE143BC101886; 1716
1DBE143BFB5E88E; 1716
1DBE143C00F93FB; 1716
1DBE143C01C3BBF; 1716
1DBE143C08D6001; 1716
1DBE143D8E893A9; 1716
1DBE144F345428E; 1728
1DBE144F39EEDFB; 1728
1DBE144F3AB95BF; 1728
1DBE144F47EEE65; 1728
1DBE1450C77EDA9; 1728
1DBE1450E700C79; 1728
1DBE1450EB04D8E; 1728
1DBE1450F09F8FB; 1728
1DBE1450F16A0BF; 1728
1DBE145278CF70E; 1728
1DBE1462E53FFF9; 1725
1DBE1462E94410E; 1725
1DBE1462FCDECE5; 1725
1DBE1464708B7F6; 1725
1DBE1464770EA8E; 1725
1DBE1465086333F; 1725
1DBE14650E618F9; 1725
1DBE14651265A0E; 1725
1DBE146691FEE9B; 1725
1DBE147BAEBA33F; 1721
1DBE147BB4B88F9; 1721
1DBE147BCC575E5; 1721
1DBE147D3855E9B; 1721
1DBE147DC735610; 1721
1DBE147DC80EB4B; 1721
1DBE147DCE525BF; 1721
1DBE147F51346D0; 1721
1DBE14946D8C610; 1718
1DBE14946E65B4B; 1718
1DBE149474A95BF; 1718
1DBE14949246865; 1718
1DBE1495F78B6D0; 1718
1DBE149696ADF10; 1718
1DBE1496978744B; 1718
1DBE14969DCAEBF; 1718
1DBE14981A4F8D4; 1718
1DBE14ADDF24D90; 1723
1DBE14ADDFFE2CB; 1723
1DBE14ADE641D3F; 1723
1DBE14AE03DEFE5; 1723
1DBE14AF62C6754; 1723
1DBE14AFFEBD010; 1723
1DBE14AFFF9654B; 1723
1DBE14B005D9FBF; 1723
1DBE14B126C4119; 1723
1DBE14C64F3F590; 1716
1DBE14C65018ACB; 1716
1DBE14C6565C53F; 1716
1DBE14C77746699; 1716
1DBE14C85BC4B10; 1716
1DBE14C85C9E04B; 1716
1DBE14C862E1ABF; 1716
1DBE14C983CBC19; 1716
1DBE14DDBDDBE10; 1710
1DBE14DDBEB534B; 1710
1DBE14DDC4F8DBF; 1710
1DBE14DEE5E2F19; 1710
1DBE14DFCA61390; 1710
1DBE14DFCB3A8CB; 1710
1DBE14DFD17E33F; 1710
1DBE14E0F268499; 1710
1DBE14F5824D110; 1704
1DBE14F5832664B; 1704
1DBE14F5896A0BF; 1704
1DBE14F6AA54219; 1704
1DBE14F7A1E5390; 1704
1DBE14F7A2BE8CB; 1704
1DBE14F7A90233F; 1704
1DBE14F8C9EC499; 1704
1DBE150D5047A90; 1700
1DBE150D5120FCB; 1700
1DBE150D5764A3F; 1700
1DBE150E784EB99; 1700
1DBE150F7969390; 1700
1DBE150F7A428CB; 1700
1DBE1510A170499; 1700
1DBE15261FC0390; 1700
1DBE152626DD33F; 1700
1DBE152747C7499; 1700
1DBE152983FBA99; 1700
1DBE153FAB887BF; 1702
1DBE1540CC72919; 1702
1DBE154308A6F19; 1702
1DBE155939BD2BF; 1707
1DBE155A5AA7419; 1707
1DBE155C7A3F699; 1707
1DBE1571B36113F; 1703
1DBE1572D44B299; 1703
1DBE1575107F899; 1703
1DBE158A8C630BF; 1709
1DBE158BAD4D219; 1709
1DBE158DCCE5499; 1709
1DBE15A263E70BF; 1700
1DBE15A384D1219; 1700
1DBE15A574BA419; 1700
1DBE15B88E43C3F; 1705
1DBE15B9AF2DD99; 1705
1DBE15BBCEC6019; 1705
1DBE15D0BB9C6BF; 1700
1DBE15D1DC86819; 1700
1DBE15D3FC1EA99; 1700
1DBE15E8E8F513F; 1700
1DBE15EA09DF299; 1700
1DBE15EC3C8A219; 1700
1DBE16026416F3F; 1702
1DBE16038501099; 1702
1DBE1604A39114B; 1702
1DBE1605C367186; 1702
1DBE161BE27E94B; 1711
1DBE161D0254986; 1711
1DBE161EF5AD0D9; 1711
1DBE163372E27D9; 1712
1DBE1635B1BEF8C; 1712
1DBE164CF0AC78C; 1715
1DBE164F25FF9B7; 1715
1DBE16666E76837; 1720
1DBE16689A904E2; 1720
1DBE167EE1E9C35; 1719
1DBE167EEB12A62; 1719
1DBE16812226C74; 1719
1DBE16986A9DAF4; 1718
1DBE169AAA1BA31; 1718
1DBE16B1E909231; 1721
1DBE16B42757A4D; 1721
1DBE16CB6FCE8CD; 1724
1DBE16CD9BB8250; 1724
1DBE16E4A16D350; 1720
1DBE16E6D7025B6; 1720
1DBE16FD73CFF36; 1715
1DBE16FF9669DD7; 1715
1DBE1715F0759D7; 1720
1DBE17181C8F565; 1720
1DBE172E6D11AE5; 1725
1DBE1730732324D; 1725
1DBE174693F674D; 1735
1DBE17487E0F796; 1735
1DBE175C6C37D16; 1735
1DBE175E09FB065; 1735
1DBE17756F0E265; 1729
1DBE1777851CE65; 1729
1DBE178D3D08BE5; 1731
1DBE178F82C6865; 1731
1DBE17A6C1B4065; 1740
1DBE17A8BB268E5; 1740
1DBE17BD385BFE5; 1735
1DBE17BF57F4265; 1735
1DBE17D565B4A65; 1735
1DBE17D7A1E9065; 1735
1DBE17EEF3E9565; 1737
1DBE17F1301DB65; 1737
1DBE180878949E5; 1743
1DBE180A8EA35E5; 1743
1DBE182050189E5; 1741
1DBE182282C3965; 1741
1DBE1839CB3A7E5; 1743
1DBE183C076EDE5; 1743
1DBE1853465C5E5; 1750
1DBE18555C6B1E5; 1750
1DBE186ABE824E5; 1753
1DBE186CDE1A765; 1753
1DBE1884006BBE5; 1751
1DBE18863CA01E5; 1751
1DBE189D7B8D9E5; 1760
1DBE189F6B76BE5; 1760
1DBE18B3E8AC2E5; 1754
1DBE18B5FEBAEE5; 1754
1DBE18CB60D21E5; 1759
1DBE18CD6D57765; 1759
1DBE18E38E2AC65; 1767
1DBE18E57E13E65; 1767
1DBE18FB22ECEE5; 1799
1DBE1903CD5073F; 1810
1DBE1904EF16C65; 1810
1DBE191071F14E5; 1815
1DBE19125851065; 1815
1DBE1926893B365; 1829
1DBE19282CD9165; 1829
1DBE19382088793; 1829
1DBE19399281CE5; 1829
1DBE193A5333713; 1829
1DBE193BC52CC65; 1829
1DBE1951947FB6C; 1837
1DBE19519BAA593; 1837
1DBE19530DA3AE5; 1837
1DBE19538468D6C; 1837
1DBE19538B93793; 1837
1DBE1954FD8CCE5; 1837
1DBE1968740F26C; 1843
1DBE19687B39C93; 1843
1DBE1969ED331E5; 1843
1DBE196A770B16C; 1843
1DBE196A7E35B93; 1843
1DBE196BF02F0E5; 1843
1DBE197FE2ABAEC; 1816
1DBE197FE9D6513; 1816
1DBE1980EDB30EC; 1816
1DBE1980F4DDB13; 1816
1DBE19814834E8E; 1816
1DBE198266D7065; 1816
1DBE198C7A16FEC; 1850
1DBE198C8141A13; 1850
1DBE198DF33AF65; 1850
1DBE198F5DA0665; 1844
1DBE1990C805D65; 1843
1DBE19924F077E5; 1843
1DBE19A1AA20613; 1844
1DBE19A31C19B65; 1844
1DBE19A5584E165; 1844
1DBE19BB3855113; 1859
1DBE19BCAA4E665; 1859
1DBE19BE3E3F981; 1859
1DBE19CE9770513; 1858
1DBE19D00346601; 1858
1DBE19D22555ABF; 1858
1DBE19E825A5013; 1866
1DBE19E9899E4FB; 1866
1DBE19E98A68CBF; 1866
1DBE19EB73ECB8E; 1866
1DBE19FF34E3793; 1843
1DBE1A00934210E; 1843
1DBE1A01D37DCF9; 1843
1DBE1A0DCF4AB93; 1849
1DBE1A0F29A53F9; 1849
1DBE1A10F6F3CBF; 1849
1DBE1A238736913; 1842
1DBE1A24DB92BBF; 1842
1DBE1A26BBAECCB; 1842
1DBE1A3A40A0613; 1843
1DBE1A3B8DDF910; 1843
1DBE1A3B8EB8E4B; 1843
1DBE1A53B238D93; 1842
1DBE1A55DB5A693; 1842
1DBE1A6D23D1513; 1868
1DBE1A6E54FE513; 1868
1DBE1A7B71ED513; 1871
1DBE1A7D74E9413; 1871
1DBE1A9382A9C13; 1869
1DBE1A95ABCB513; 1869
1DBE1AACF442393; 1870
1DBE1AAF13DA613; 1870
1DBE1AC678ED813; 1870
1DBE1AC8AB98793; 1870
1DBE1ADFEA85F93; 1875
1DBE1AE1F70B513; 1875
1DBE1AF85AA0793; 1848
1DBE1AF978BAA93; 1848
1DBE1B062CC2313; 1869
1DBE1B0CC4C3193; 1869
1DBE1B0EEDE4A93; 1869
1DBE1B262CD2293; 1871
1DBE1B2855F3B93; 1871
1DBE1B3F94E1393; 1871
1DBE1B41B479613; 1871
1DBE1B58FCF0493; 1880
1DBE1B5AECD9693; 1880
1DBE1B6F6085713; 1873
1DBE1B71506E913; 1873
1DBE1B866FC3E93; 1873
1DBE1B88A26EE13; 1873
1DBE1B9FEAE5C93; 1874
1DBE1BA200F4893; 1874
1DBE1BB952F4D93; 1874
1DBE1BBB728D013; 1874
1DBE1BD2BB03E93; 1873
1DBE1BD4E425793; 1873
1DBE1BEC2312F93; 1872
1DBE1BEE42AB213; 1872
1DBE1C058B22093; 1873
1DBE1C07B443993; 1873
1DBE1C1F0643E93; 1873
1DBE1C212F65793; 1873
1DBE1C386E52F93; 1872
1DBE1C3AAA87593; 1872
1DBE1C51E974D93; 1873
1DBE1C53F5FA313; 1873
1DBE1C6B5183E93; 1870
1DBE1C6D7AA5793; 1870
1DBE1C84B992F93; 1849
1DBE1C8623F8693; 1849
1DBE1C95C967093; 1877
1DBE1C9B39C4593; 1871
1DBE1C9C7E04293; 1871
1DBE1CA987E0593; 1871
1DBE1CAB9DEF193; 1871
1DBE1CC34F4D793; 1870
1DBE1CC505FE293; 1870
1DBE1CDC6187E13; 1871
1DBE1CDED6F4B13; 1871
1DBE1CF615E2313; 1871
1DBE1CF7DFA5B13; 1871
1DBE1D0F281C993; 1871
1DBE1D115AC7913; 1871
1DBE1D28A33E793; 1873
1DBE1D2AAFC3D13; 1873
1DBE1D41F83AB93; 1874
1DBE1D4417D2E13; 1874
1DBE1D5B6049C93; 1853
1DBE1D5CDDC2093; 1853
1DBE1D6C1A49313; 1859
1DBE1D6DE40CB13; 1859
1DBE1D827454F13; 1873
1DBE1D840E69693; 1873
1DBE1D958724F13; 1874
1DBE1D97CCE2B93; 1874
1DBE1DAF0246D13; 1875
1DBE1DB0E8A6893; 1875
1DBE1DC83AA6D93; 1874
1DBE1DCA5A3F013; 1874
1DBE1DE1A2B5E93; 1874
1DBE1DE3CBD7793; 1874
1DBE1DFB0AC4F93; 1874
1DBE1DFD2A5D213; 1874
1DBE1E1472D4093; 1874
1DBE1E169BF5993; 1874
1DBE1E2DE46C813; 1874
1DBE1E2FFA7B413; 1874
1DBE1E475F8E613; 1874
1DBE1E497F26893; 1874
1DBE1E60C79D713; 1881
1DBE1E62C10FF93; 1881
1DBE1E78494CC93; 1881
1DBE1E7A7BF7C13; 1881
1DBE1E91CDF8113; 1880
1DBE1E93DA7D693; 1880
1DBE1EAB52A3593; 1872
1DBE1EAD4C15E13; 1872
1DBE1EC261E1D13; 1869
1DBE1EC470C5EEC; 1869
1DBE1EDB767AFEC; 1869
1DBE2154B2C9CE1; 1948
1DBE2156A2B2EE1; 1948
1DBE216B92593E1; 1946
1DBE216DC504361; 1946
1DBE21850D7B1E1; 1943
1DBE21874026161; 1943
1DBE219E889CFE1; 1952
1DBE21A08B98EE1; 1952
1DBE21B508CE5E1; 1941
1DBE21B6BF7F0E1; 1941
1DBE21C9C8C5A61; 1940
1DBE21CBFB709E1; 1940
1DBE21E343E7861; 1945
1DBE21E56D09161; 1945
1DBE21FBBD8B6E1; 1943
1DBE21FDF036661; 1943
1DBE221538AD4E1; 1943
1DBE22176B58461; 1943
1DBE222EE37E361; 1946
1DBE223116292E1; 1946
1DBE22485EA0161; 1950
1DBE224A914B0E1; 1950
1DBE22612E18A61; 1949
1DBE226360C39E1; 1949
1DBE227AA93A861; 1958
1DBE227CA2AD0E1; 1958
1DBE22911659161; 1963
1DBE22932C67D61; 1963
1DBE22A93A28561; 1961
1DBE22AB765CB61; 1961
1DBE22C2B54A361; 1963
1DBE22C4E7F52E1; 1963
1DBE22DC437EE61; 1973
1DBE22DE29DE9E1; 1973
1DBE22F25AC8CE1; 1967
1DBE22F4674E261; 1967
1DBE2309C965561; 1967
1DBE230BFC104E1; 1967
1DBE23234487361; 1970
1DBE232580BB961; 1970
1DBE233CBFA9161; 1968
1DBE233EF2540E1; 1968
1DBE23563ACAF61; 1972
1DBE23586D75EE1; 1972
1DBE236F0A43861; 1971
1DBE23713CEE7E1; 1971
1DBE23888565661; 1971
1DBE238AB8105E1; 1971
1DBE23A20087461; 1973
1DBE23A43CBBA61; 1973
1DBE23BB7BA9261; 1973
1DBE23BDAE541E1; 1973
1DBE23D4F6CB061; 1952
1DBE23D66AB9DE1; 1952
1DBE23E5B0CA6E1; 1952
1DBE23E7E375661; 1952
1DBE23FF2BEC4E1; 1957
1DBE2401550DDE1; 1957
1DBE2417A590361; 1976
1DBE24192C91DE1; 1976
1DBE24290B38EE1; 1977
1DBE242B345A7E1; 1977
1DBE2442865ACE1; 1952
1DBE2443CA9A9E1; 1952
1DBE24512A4B761; 1953
1DBE24535CF66E1; 1953
1DBE246AA56D561; 1954
1DBE246CD8184E1; 1954
1DBE2484208F361; 1956
1DBE2486533A2E1; 1956
1DBE249D9BB1161; 1980
1DBE249EFC8D1E1; 1980
1DBE24ADC6A3661; 1958
1DBE24B60BCB961; 1958
1DBE24B82B63BE1; 1958
1DBE24CF86ED761; 1983
1DBE24D0D4B6AE1; 1983
1DBE24DEE99A3E1; 1962
1DBE24E71226361; 1989
1DBE24E957E3FE1; 1989
1DBE24EAC2496E1; 1989
1DBE25020136EE1; 1993
1DBE250433E1E61; 1993
1DBE251ADA38E61; 2000
1DBE251CCA22061; 2000
1DBE2531F300C61; 2000
1DBE25341C22561; 2000
1DBE254B64993E1; 2002
1DBE254D8DBACE1; 2002
1DBE2564D631B61; 1987
1DBE25668CE2661; 1987
1DBE2579798CC61; 2012
1DBE2583CB3A4E1; 1988
1DBE2586240AE61; 1988
1DBE258771D41E1; 1988
1DBE259EBA4B061; 1987
1DBE25A0D059C61; 1987
1DBE25B8356CE61; 2011
1DBE25B983361E1; 2011
1DBE25C84D4C661; 2032
1DBE25D15ABA1E1; 2012
1DBE25D31AF4361; 2011
1DBE25D4C81B7E1; 2011
1DBE25E6CFE41E1; 2019
1DBE25E8A331061; 2019
1DBE25FC91595E1; 2065
1DBE25FDFBBECE1; 2068
1DBE25FFBBF8E61; 2069
1DBE260169202E1; 2069
1DBE261370E8CE1; 2075
1DBE261560D1EE1; 2075
1DBE262A89B0AE1; 2065
1DBE262C6686FE1; 2065
1DBE2640C720361; 2094
1DBE264A20D92E1; 2100
1DBE264BC4770E1; 2100
1DBE265DCC3FAE1; 2094
1DBE265FC5B2361; 2094
1DBE2674DB7E261; 2115
1DBE267632D0C61; 2115
1DBE26846FF1947; 2094
1DBE268477635E1; 2094
1DBE268EA99FA35; 2093
1DBE2690CB9DDB4; 2093
1DBE26A81414C34; 2093
1DBE26AA3FA50EA; 2093
1DBE26C17E928EA; 2094
1DBE26C3A09AB0E; 2094
1DBE26DAE91198E; 2097
1DBE2C4216F1DE9; 2155
1DBE2C4440136E9; 2155
1DBE2C5B888A569; 2152
1DBE2C5DB1ABE69; 2152
1DBE2C74FA22CE9; 2145
1DBE2C76F395569; 2145
1DBE2C8C5F35EE9; 2166
1DBE2C8DC011F69; 2166
1DBE2C9C04A48E9; 2211
1DBE2C9D7893669; 2239
1DBE2C9EE2F8D69; 2245
1DBE2CA04D5E469; 2227
1DBE2CA1B7C3B69; 2234
1DBE2CA32229269; 2262
1DBE2CA57AF9BE9; 2262
1DBE2CA6C8C2F69; 2262
1DBE2CBE244CAE9; 2255
1DBE2CC00AAC669; 2255
1DBE2CD592E9369; 2256
1DBE2CD7C5942E9; 2256
1DBE2CEF0481AE9; 2253
1DBE2CF12DA33E9; 2253
1DBE2D08761A269; 2259
1DBE2D0A829F7E9; 2259
1DBE2D203101EE9; 2269
1DBE2D22044ED69; 2269
1DBE2D35E8EDC69; 2270
1DBE2D381B98BE9; 2270
1DBE2D4F5A863E9; 2269
1DBE2D517A1E669; 2269
1DBE2D68CC1EB69; 2270
1DBE2D6AF540469; 2270
1DBE2D823DB72E9; 2269
1DBE2D845D4F569; 2269
1DBE2D9BAF4FA69; 2268
1DBE2D9DE1FA9E9; 2268
1DBE2DB520E81E9; 2294
1DBE2DB652151E9; 2294
1DBE2DC36F041E9; 2296
1DBE2DC58512DE9; 2296
1DBE2DDD49840E9; 2328
1DBE2DE73BD3869; 2322
1DBE2DE8FC0D9E9; 2322
1DBE2DFB50217E9; 2329
1DBE2DFD2CF7CE9; 2329
1DBE2E11B3B6A69; 2324
1DBE2E13B6B2969; 2324
1DBE2E29CDFC7E9; 2314
1DBE2E2BAAD2CE9; 2314
1DBE2E3F8F71BE9; 2314
1DBE2E41A5807E9; 2314
1DBE2E58F780CE9; 2336
1DBE2E5A4ED36E9; 2336
1DBE2E686A2BAAF; 2318
1DBE2E6A10DE469; 2318
1DBE2E75E98D769; 2314
1DBE2E77D976969; 2314
1DBE2E8D0255569; 2303
1DBE2E8EDF2BA69; 2303
1DBE2EA21821469; 2310
1DBE2EA4080A669; 2310
1DBE2EB8527C12F; 2336
1DBE2EB9DC92769; 2336
1DBE2EC57C09369; 2335
1DBE2EC7A52AC69; 2335
1DBE2EDEEDA1AE9; 2317
1DBE2EE07E2CBE9; 2317
1DBE2EF0EBE0E69; 2330
1DBE2EF272E28E9; 2330
1DBE2F02EA201E9; 2328
1DBE2F052FDDE69; 2328
1DBE2F1BDCA992F; 2368
1DBE2F1CFDD87E9; 2368
1DBE2F239F62CE9; 2348
1DBE2F25E520969; 2348
1DBE2F273C73369; 2348
1DBE2F3E84EA1E9; 2364
1DBE2F402887FE9; 2364
1DBE2F5197BA1E9; 2354
1DBE2F5357F4369; 2354
1DBE2F65F853569; 2363
1DBE2F67DEB30E9; 2363
1DBE2F7B63F3EE9; 2360
1DBE2F7D969EE69; 2360
1DBE2F94F2289E9; 2370
1DBE2F966617769; 2370
1DBE2FAA5DC9369; 2372
1DBE2FACA386FE9; 2372
1DBE2FC3EBFDE69; 2423
1DBE2FC60B960E9; 2428
1DBE2FC775FB7E9; 2423
1DBE2FC8E060EE9; 2429
1DBE2FCA4AC65E9; 2428
1DBE2FCBDB516E9; 2428
1DBE2FDC528EFE9; 2427
1DBE2FDE8EC35E9; 2427
1DBE2FF5E0C3AE9; 2510
1DBE2FF82681769; 2510
1DBE2FF9875D7E9; 2510
1DBE3010D95DCE9; 2584
1DBE301243C33E9; 2624
1DBE3013C13B7E9; 2625
1DBE301564D95E9; 2625
1DBE3025E28B9AF; 2603
1DBE30277FB4CE9; 2603
1DBE3032B644169; 2660
1DBE303433BC569; 2661
1DBE3035B134969; 2661
1DBE30463B84F69; 2662
1DBE304877B9569; 2662
1DBE305FEFDF469; 2664
1DBE30625239469; 2664
1DBE3079088E5AF; 2696
1DBE307A62F5B69; 2696
1DBE30842CF1555; 2674
1DBE30854D39BE9; 2674
1DBE30878FE2CAF; 2669
1DBE3088CDADEE9; 2669
1DBE308F0650C69; 2673
1DBE309070B6369; 2673
1DBE30A26EF56E9; 2677
1DBE30A49816FE9; 2677
1DBE30BAAF60E69; 2682
1DBE30BCB53CF52; 2682
1DBE30D2CC86DD2; 2687
1DBE30D4571D12F; 2687
1DBE30EA64DD92F; 2695
1DBE30EC54C6B2F; 2695
1DBE3101315A32F; 2697
1DBE31037717FAF; 2697
1DBE311AD2A1B2F; 2692
1DBE311CE8B072F; 2692
1DBE313355CF02F; 2717
1DBE313490856AF; 2717
1DBE3141A3EB02F; 2703
1DBE3142E82AD2F; 2703
1DBE3150571ECE8; 2721
1DBE31517908AAF; 2721
1DBE315CCC342AF; 2700
1DBE316173B9CD2; 2706
1DBE3162926622F; 2706
1DBE316E1ECA12F; 2700
1DBE316FFBA062F; 2700
1DBE3183349602F; 2707
1DBE3185247F22F; 2707
1DBE3199BE50CAF; 2712
1DBE319BDDE8F2F; 2712
1DBE31B1C583D2F; 2706
1DBE31B3C87FC2F; 2706
1DBE31C989F502F; 2708
1DBE31CBBC9FFAF; 2708
1DBE31E31829B2F; 2717
1DBE31E5414B42F; 2717
1DBE31FC76AF5AF; 2711
1DBE31FE964782F; 2711
1DBE32144E335AF; 2723
1DBE321604E40AF; 2723
1DBE32290E2AA2F; 2739
1DBE322A48E10AF; 2739
1DBE3239E4C642F; 2740
1DBE323BE7C232F; 2740
1DBE3253565EBAF; 2739
1DBE3255D554F2F; 2739
1DBE326D144272F; 2743
1DBE32711A3A52F; 2743
1DBE3286C1C68BB; 2749
1DBE32885927D2F; 2749
1DBE329DF701125; 2749
1DBE329DF72AA3B; 2749
1DBE329F8E8BEAF; 2749
1DBE32A00D0FD25; 2749
1DBE32A00D3963B; 2749
1DBE32A1A49AAAF; 2749
1DBE32B73B72628; 2756
1DBE32B74273EA5; 2756
1DBE32B7429D7BB; 2756
1DBE32B8D9FEC2F; 2756
1DBE32B947F7BA8; 2756
1DBE32B94EF9425; 2756
1DBE32B94F22D3B; 2756
1DBE32BAE6841AF; 2756
1DBE32CEB398528; 2764
1DBE32CEBA99DA5; 2764
1DBE32CEBAC36BB; 2764
1DBE32D05224B2F; 2764
1DBE32D0C01DAA8; 2764
1DBE32D25EAA0AF; 2764
1DBE32E7FCACDBB; 2789
1DBE32E9940E22F; 2789
1DBE32EADDBFC21; 2789
1DBE32F6AA26EBB; 2767
1DBE32F83D709A1; 2767
1DBE32FF6B4963B; 2768
1DBE33009358535; 2768
1DBE3300F3DEA77; 2768
1DBE3300FC1C15A; 2768
1DBE330298D55FE; 2768
1DBE33183AC1F3B; 2772
1DBE3319C4B00FE; 2772
1DBE331BCB039D2; 2772
1DBE333113C3EBB; 2797
1DBE333297803D2; 2797
1DBE3333CD6D0CA; 2797
1DBE333F9B185BB; 2791
1DBE33411A0B14A; 2791
1DBE3342E74FC67; 2791
1DBE3355530433B; 2792
1DBE3356CBEEB67; 2792
1DBE3358E4BE855; 2792
1DBE336EBB1343B; 2770
1DBE33702D356D5; 2770
1DBE337192E4AE8; 2770
1DBE337ED2F2C3B; 2769
1DBE3380405EBE8; 2769
1DBE33986AB0DBB; 2769
1DBE339A5A99FBB; 2769
1DBE33B18FFE13B; 2778
1DBE33B3765DCBB; 2778
1DBE33C7F3933BB; 2783
1DBE33C9F68F2BB; 2783
1DBE33E0044FABB; 2783
1DBE33E22D713BB; 2783
1DBE33F96C5EBBB; 2783
1DBE33FB8BF6E3B; 2783
1DBE3412D46DCBB; 2782
1DBE34152D3E63B; 2782
1DBE342C6C2BE3B; 2775
1DBE342E35EF63B; 2775
1DBE34437B6A5BB; 2775
1DBE3445AE1553B; 2775
1DBE345D0015A3B; 2776
1DBE345F162463B; 2776
1DBE34766824B3B; 2785
1DBE34784E846BB; 2785
1DBE348CC23073B; 2777
1DBE348EA8902BB; 2777
1DBE34A32F4F03B; 2783
1DBE34A528C18BB; 2783
1DBE34BA9DEB8BB; 2777
1DBE34BCB3FA4BB; 2777
1DBE34D26BE623B; 2778
1DBE34D4786B7BB; 2778
1DBE34EBDD7E9BB; 2783
1DBE34EDF38D5BB; 2783
1DBE3504440FB3B; 2776
1DBE350650950BB; 2776
1DBE351C251D1BB; 2777
1DBE351DF86A03B; 2777
1DBE35352DCE1BB; 2777
1DBE3537142DD3B; 2777
1DBE354E82CA5BB; 2776
1DBE3550ABEBEBB; 2776
1DBE3567EAD96BB; 2780
1DBE356A00E82BB; 2780
1DBE3580A73F2BB; 2786
1DBE3582C6D753B; 2786
1DBE35987539C3B; 2783
1DBE359A7835B3B; 2783
1DBE35B190FD93B; 2784
1DBE35B3BA1F23B; 2784
1DBE35CB0C1F73B; 2784
1DBE35CD3ECA6BB; 2784
1DBE35E4A3DD8BB; 2790
1DBE35E6A6D97BB; 2790
1DBE35FC684EBBB; 2784
1DBE35FE61C143B; 2784
1DBE3614233683B; 2783
1DBE361642CEABB; 2783
1DBE362D8B4593B; 2779
1DBE362FAADDBBB; 2779
1DBE364647AB53B; 2782
1DBE36487A564BB; 2782
1DBE365FC2CD33B; 2782
1DBE3661D8DBF3B; 2782
1DBE36792ADC43B; 2779
1DBE367B53FDD3B; 2779
1DBE369292EB53B; 2789
1DBE36946FC1A3B; 2789
1DBE36A897226BB; 2779
1DBE36AA60E5EBB; 2779
1DBE36BE4584DBB; 2783
1DBE36BFD60FEBB; 2783
1DBE36D656414BB; 2780
1DBE36D875D973B; 2780
1DBE36EFBE505BB; 2782
1DBE36F1E771EBB; 2782
1DBE3709265F6BB; 2783
1DBE370B4F80FBB; 2783
1DBE37228E6E7BB; 2782
1DBE3724B7900BB; 2782
1DBE373BF67D8BB; 2789
1DBE373DEFF013B; 2789
1DBE37535B90ABB; 2788
1DBE375584B23BB; 2788
1DBE376CC39FBBB; 2780
1DBE376EB388DBB; 2780
1DBE3783D2DE33B; 2781
1DBE3785FBFFC3B; 2781
1DBE379D3AED43B; 2793
1DBE379F04B0C3B; 2793
1DBE37B2472FCBB; 2786
1DBE37B42D8F83B; 2786
1DBE37C8C7612BB; 2791
1DBE37CACA5D1BB; 2791
1DBE37E0D81D9BB; 2781
1DBE37E2B4F3EBB; 2781
1DBE37F6F8F0EBB; 2781
1DBE37F8AFA19BB; 2781
1DBE380EFC6B149; 2783
1DBE3810577693B; 2783
1DBE3812BFA11C9; 2783
1DBE38141AAC9BB; 2783
1DBE382A2E3DA49; 2793
1DBE382B894923B; 2793
1DBE38416D2B249; 2792
1DBE3842C836A3B; 2792
1DBE3843571A2A5; 2792
1DBE3844EA2D1A8; 2792
1DBE385ACBB0CC9; 2795
1DBE385C1F91328; 2795
1DBE38740410D49; 2792
1DBE38784CCA8C9; 2792
1DBE388F9541749; 2792
1DBE38A750293C9; 2853
1DBE38A890574AE; 2857
1DBE38A9B2833C9; 2864
1DBE38AB56211C9; 2871
1DBE38AD7F42AC9; 2871
1DBE38AEC3827C9; 2875
1DBE38C6026FFC9; 2876
1DBE38C7FBE2849; 2876
1DBE38DFB6CA4C9; 2873
1DBE38E1808DCC9; 2873
1DBE38F8B5F1E49; 2880
1DBE38FAAF646C9; 2880
1DBE391070D9AC9; 2879
1DBE3912278A5C9; 2879
1DBE39295CEE749; 2870
1DBE392B4CD7949; 2870
1DBE394032F47C9; 2868
1DBE39420FCACC9; 2868
1DBE39597E67549; 2868
1DBE395B77D9DC9; 2868
1DBE397316256C9; 2864
1DBE3974CCD61C9; 2864
1DBE398D0D41949; 2895
1DBE3997AB3A5C9; 2867
1DBE39991F29349; 2873
1DBE399B5B5D949; 2873
1DBE399CC5C3049; 2867
1DBE39B3FB271C9; 2865
1DBE39B62DD2149; 2865
1DBE39CD7648FC9; 2856
1DBE39CF66321C9; 2856
1DBE39E3E3678C9; 2863
1DBE39E5DCDA149; 2863
1DBE39FA393859D; 2857
1DBE39FB5B8D7C9; 2857
1DBE39FCFF2B5C9; 2857
1DBE3A1274555C9; 2853
1DBE3A149D76EC9; 2853
1DBE3A2B43CDEC9; 2854
1DBE3A2D93151C9; 2854
1DBE3A441D0F560; 2883
1DBE3A45C9F72C9; 2883
1DBE3A51696DEC9; 2877
1DBE3A5362E0749; 2877
1DBE3A66A55F7C9; 2881
1DBE3A68BB6E3C9; 2881
1DBE3A7EEF545C9; 2866
1DBE3A807FDF6C9; 2866
1DBE3A920BADC49; 2860
1DBE3A9434CF549; 2860
1DBE3AA91162D49; 2868
1DBE3AAAD19CEC9; 2868
1DBE3ABF3BBF8C9; 2869
1DBE3AC15B57B49; 2869
1DBE3AD8B6E16C9; 2872
1DBE3ADAF315CC9; 2872
1DBE3AF232034C9; 2876
1DBE3AF45B24DC9; 2876
1DBE3B0A4C88960; 2920
1DBE3B0B73ECBC9; 2920
1DBE3B0FE2CC149; 2917
1DBE3B11AC8F949; 2917
1DBE3B231BC1B49; 2920
1DBE3B251EBDA49; 2920
1DBE3B3C5421BC9; 2917
1DBE3B3E86CCB49; 2917
1DBE3B55CF439C9; 2894
1DBE3B5726963C9; 2894
1DBE3B6574B23C9; 2891
1DBE3B679DD3CC9; 2891
1DBE3B7DEE56249; 2890
1DBE3B802A8A849; 2890
1DBE3B9773016C9; 2885
1DBE3B9989102C9; 2885
1DBE3BAFB36CE49; 2885
1DBE3BB1F92AAC9; 2885
1DBE3BC938182C9; 2880
1DBE3BCB4E26EC9; 2880
1DBE3BE17883A49; 2886
1DBE3BE38E92649; 2886
1DBE3BF9467E3C9; 2913
1DBE3BFA6E21D49; 2913
1DBE3C063D479C9; 2910
1DBE3C0853565C9; 2910
1DBE3C1E6116DC9; 2894
1DBE3C2017C78C9; 2894
1DBE3C31279B9C9; 2896
1DBE3C3363CFFC9; 2896
1DBE3C4AB5D04C9; 2906
1DBE3C4C9C30049; 2906
1DBE3C60D6A39C9; 2896
1DBE3C62A9F0849; 2896
1DBE3C75EC6F8C9; 2896
1DBE3C7828A3EC9; 2896
1DBE3C8F711AD49; 2916
1DBE3C90F81C7C9; 2916
1DBE3CA080EEE49; 2903
1DBE3CA21179F49; 2903
1DBE3CB1F021049; 2903
1DBE3CB41942949; 2903
1DBE3CCB74CC4C9; 2901
1DBE3CCDB100AC9; 2901
1DBE3CE4F977949; 2907
1DBE3CE7655AFC9; 2907
1DBE3CFD39E30C9; 2911
1DBE3CFEFCB04E2; 2911
1DBE3D157CE1AE2; 2906
1DBE3D1795D4EAE; 2906
1DBE3D2DEFE0AAE; 2909
1DBE3D302EB2EE8; 2909
1DBE3D476DA06E8; 2911
1DBE3D49A2D0DE1; 2911
1DBE3D60EB47C61; 2911
1DBE3D628E137E0; 2911
1DBE3D79D68A660; 2914
1DBE3D7C09355E0; 2914
1DBE3D9321FD3E0; 2914
1DBE3D9554A8360; 2914
1DBE3DACB031EE0; 2920
1DBE3DAEC640AE0; 2920
1DBE3DC47E2C860; 2918
1DBE3DC6E086860; 2918
1DBE3DDE1F74060; 2917
1DBE3DE02BF95E0; 2917
1DBE3DF7A41F4E0; 2929
1DBE3DF994086E0; 2929
1DBE3E0CCCFE0E0; 2926
1DBE3E0EE30CCE0; 2926
1DBE3E25A600060; 2931
1DBE3E27CF21960; 2931
1DBE3E3E292D560; 2937
1DBE3E4035B2AE0; 2937
1DBE3E55ED9E860; 2937
1DBE3E5820497E0; 2937
1DBE3E6F986F6E0; 2937
1DBE3E71CB1A660; 2937
1DBE3E899914FE0; 2973
1DBE3E8B7F74B60; 2973
1DBE3EA2B4D8CE0; 2970
1DBE3EA4A4C1EE0; 2970
1DBE3EBBDA26060; 2971
1DBE3EBCA64232C; 2971
1DBE3EBE165A660; 2971
1DBE3ED3E52FB2C; 2972
1DBE3ED55547E60; 2972
1DBE3ED5F5793E6; 2972
1DBE3ED5FB3E72C; 2972
1DBE3ED76B56A60; 2972
1DBE3EED3466BE6; 2974
1DBE3EED3A2BF2C; 2974
1DBE3EEEAA44260; 2974
1DBE3EEF5FB11B0; 2974
1DBE3EEF6711B66; 2974
1DBE3EEF6CD6EAC; 2974
1DBE3EF0DCEF1E0; 2974
1DBE3F06CE4DA30; 2977
1DBE3F06D5AE3E6; 2977
1DBE3F06DB7372C; 2977
1DBE3F084B8BA60; 2977
1DBE3F0900F89B0; 2977
1DBE3F0A7E369E0; 2977
1DBE3F20AC69FAC; 2980
1DBE3F221C822E0; 2980
1DBE3F23E645AE0; 2980
1DBE3F3A14790AC; 2983
1DBE3F3B84913E0; 2983
1DBE3F3DF44B4AC; 2983
1DBE3F3F64637E0; 2983
1DBE3F553338CAC; 2990
1DBE3F56A350FE0; 2990
1DBE3F6C689CE2C; 2991
1DBE3F6DD8B5160; 2991
1DBE3F6FFACF89D; 2991
1DBE3F85DA355AC; 2993
1DBE3F87434671D; 2993
1DBE3F896EF4B9D; 2993
1DBE3F9F4BCDD2C; 2995
1DBE3FA0ADE239D; 2995
1DBE3FA394878AC; 2995
1DBE3FA4E8A70DA; 2995
1DBE3FBB0CAD7AC; 2996
1DBE3FBC60CCFDA; 2996
1DBE3FD2421192C; 2995
1DBE3FD3963115A; 2995
1DBE3FD5B850417; 2995
1DBE3FEBB3AA0AC; 2996
1DBE3FED00C7297; 2996
1DBE3FEF2C8336D; 2996
1DBE40052ECBEAC; 2996
1DBE40067237F3E; 2996
1DBE400674FA1ED; 2996
1DBE401EA06462C; 3005
1DBE4020904D82C; 3005
1DBE40356CE102C; 3008
1DBE40372391B2C; 3008
1DBE404EC1DD42C; 3002
1DBE40508BA0C2C; 3002
1DBE4067FA3D4AC; 2998
1DBE406A19D572C; 2998
1DBE4080C02C72C; 3002
1DBE4082D63B32C; 3002
1DBE4099D266DAC; 3007
1DBE409B89178AC; 3007
1DBE40B2BE7BA2C; 3004
1DBE40B4DE13CAC; 3004
1DBE40CBF6DBAAC; 3006
1DBE40CE1FFD3AC; 3006
1DBE40E58E99C2C; 3005
1DBE40E7B7BB52C; 3005
1DBE40FF6919B2C; 3005
1DBE41011FCA62C; 3005
1DBE4118F74E62C; 3005
1DBE411AA475AAC; 3005
1DBE413268E6DAC; 3005
1DBE41343C33C2C; 3005
1DBE414C00A4F2C; 3007
1DBE414DE704AAC; 3007
1DBE41651C68C2C; 3005
1DBE4166EFB5AAC; 3005
1DBE417E54C8CAC; 3008
1DBE41807460F2C; 3008
1DBE419796B23AC; 3008
1DBE4199BFD3CAC; 3008
1DBE41B0FEC14AC; 3007
1DBE41B3447F12C; 3007
1DBE41CA8CF5FAC; 3007
1DBE41CC866882C; 3007
1DBE41E3BBCC9AC; 3004
1DBE41E5E4EE2AC; 3004
1DBE41FD23DBAAC; 3004
1DBE41FF4CFD3AC; 3004
1DBE4216957422C; 3004
1DBE421AD4A472C; 3004
1DBE42321D1B5AC; 3004
1DBE4249527F72C; 3003
1DBE424B72179AC; 3003
1DBE4262B1051AC; 3004
1DBE4264ED397AC; 3004
1DBE427C2C26FAC; 3003
1DBE427E4BBF22C; 3003
1DBE42959DBF72C; 3004
1DBE4297BD579AC; 3004
1DBE42AF2BF422C; 3007
1DBE42B14202E2C; 3007
1DBE42C85ACAC2C; 3007
1DBE42CA8D75BAC; 3007
1DBE42E1CC633AC; 3006
1DBE42E3F584CAC; 3006
1DBE42FB47851AC; 3007
1DBE42FD8D42E2C; 3007
1DBE4314DF4332C; 3007
1DBE4316EBC88AC; 3007
1DBE432E50DBAAC; 3010
1DBE43308386A2C; 3010
1DBE4347D586F2C; 3007
1DBE4349E20C4AC; 3007
1DBE4361177062C; 3006
1DBE436353A4C2C; 3006
1DBE437AC2414AC; 3007
1DBE437CD8500AC; 3007
1DBE43943D632AC; 3008
1DBE43965371EAC; 3008
1DBE43ADCB97DAC; 3004
1DBE43B007CC3AC; 3004
1DBE43C6D448DAC; 3004
1DBE43C8E0CE32C; 3004
1DBE43E04F6ABAC; 3007
1DBE43E265797AC; 3007
1DBE43F9A466FAC; 3006
1DBE43FBCD888AC; 3006
1DBE44131F88DAC; 3009
1DBE44153F2102C; 3009
1DBE442C44D612C; 3019
1DBE442E5AE4D2C; 3019
1DBE444599D252C; 3025
1DBE44479CCE42C; 3025
1DBE445D5E4382C; 3015
1DBE445F3B19D2C; 3015
1DBE4472D36D82C; 3014
1DBE4474FC8F12C; 3014
1DBE448C4505FAC; 3014
1DBE448E6E278AC; 3014
1DBE44A5C027DAC; 3015
1DBE44A7E9496AC; 3015
1DBE44BF31C052C; 3027
1DBE44C11BE43E6; 3027
1DBE44D467ECAE6; 3026
1DBE44D66388030; 3026
1DBE44EDD2248B0; 3025
1DBE44EFBA9C6E4; 3025
1DBE45070313564; 3023
1DBE450948D11E4; 3023
1DBE45207E35364; 3022
1DBE452277A7BE4; 3022
1DBE4539EFCDAE4; 3019
1DBE453C18EF3E4; 3019
1DBE45536166264; 3012
1DBE45556462164; 3012
1DBE456AA9DD0E4; 3013
1DBE456CC975364; 3013
1DBE458424FEEE4; 3012
1DBE45868758EE4; 3012
1DBE459DC6466E4; 3003
1DBE459F8680864; 3003
1DBE45B3F0A3264; 3000
1DBE45B619C4B64; 3000
1DBE45CD15F05E4; 2994
1DBE45CF2275B64; 2994
1DBE45E4F6FDC64; 2992
1DBE45E72C523AF; 2992
1DBE45FE74C922F; 2987
1DBE46007FAB062; 2987
1DBE4616A07E562; 2983
1DBE4618B979918; 2983
1DBE462F6959F98; 2988
1DBE46318281E67; 2988
1DBE4647DC8DA67; 2988
1DBE464A1B8FEB5; 2988
1DBE46616406D35; 3008
1DBE4671ABF2ECF; 2984
1DBE467A2A538CF; 2984
1DBE467C40624CF; 2984
1DBE4693A5756CF; 3006
1DBE46950FDADCF; 3006
1DBE46A40016C4F; 3006
1DBE46A632C1BCF; 3006
1DBE46BD7B38A4F; 2986
1DBE46BF023A4CF; 2986
1DBE46CE81834CF; 2980
1DBE46D0716C6CF; 2980
1DBE46E4EEA1DCF; 2977
1DBE46E7214CD4F; 2977
1DBE46FE00DC44F; 2977
1DBE470059ACDCF; 2977
1DBE4717BEBFFCF; 2975
1DBE4719DE5824F; 2975
1DBE4731436B44F; 3118
1DBE47327E21ACF; 3096
1DBE47340BC1433; 3117
1DBE47352CC6ECF; 3097
1DBE4737859784F; 3097
1DBE4738DCEA24F; 3097
1DBE47502EEA74F; 3103
1DBE47523B6FCCF; 3103
1DBE4767F35BA4F; 3102
1DBE476A2F9004F; 3102
1DBE4782535F44F; 3136
1DBE478BB6A1A4F; 3133
1DBE478DB99D94F; 3133
1DBE47A2D8F2ECF; 3148
1DBE47A4861A34F; 3148
1DBE47B595EE44F; 3131
1DBE47B6F6CA4CF; 3131
1DBE47C54E6FB4F; 3132
1DBE47C78AA414F; 3132
1DBE47DED31AFCF; 3137
1DBE47E0FC3C8CF; 3137
1DBE47F73022ACF; 3131
1DBE47F94FBAD4F; 3131
1DBE480F07A6ACF; 3141
1DBE4810EE0664F; 3141
1DBE4824D2A554F; 3138
1DBE48270ED9B4F; 3138
1DBE483E017BF4F; 3130
1DBE48400477E4F; 3130
1DBE4854D781FCF; 3132
1DBE4857436564F; 3132
1DBE486E9565B4F; 3136
1DBE4870A1EB0CF; 3136
1DBE48876E67ACF; 3150
1DBE4889382B2CF; 3150
1DBE489B8C3F0CF; 3159
1DBE489D8F3AFCF; 3159
1DBE48B1147BDCF; 3161
1DBE48B34726D4F; 3161
1DBE48CAA2B08CF; 3160
1DBE48CCE86E54F; 3160
1DBE48E44D8174F; 3158
1DBE48E6933F3CF; 3158
1DBE48FE57B06CF; 3158
1DBE49006435C4F; 3158
1DBE4917D2D24CF; 3156
1DBE4919B93204F; 3156
1DBE493101A8ECF; 3155
1DBE49337715BCF; 3155
1DBE494AB6033CF; 3149
1DBE494D0ED3D4F; 3149
1DBE4962E35BE4F; 3143
1DBE496486F9C4F; 3143
1DBE497A0F3694F; 3144
1DBE497C54F45CF; 3144
1DBE49939D6B44F; 3153
1DBE4995A06734F; 3153
1DBE49AA1D9CA4F; 3150
1DBE49AC59D104F; 3150
1DBE49C355FCACF; 3161
1DBE49C53C5C64F; 3161
1DBE49D8CB26ACF; 3172
1DBE49DAA7FCFCF; 3172
1DBE49ED51E584F; 3176
1DBE49EF7B0714F; 3176
1DBE4A05E825A4F; 3185
1DBE4A07F4AAFCF; 3185
1DBE4A1C685704F; 3186
1DBE4A1EAE14CCF; 3186
1DBE4A35F68BB4F; 3182
1DBE4A382936ACF; 3182
1DBE4A4ECF8DACF; 3186
1DBE4A510238A4F; 3186
1DBE4A67BBA274F; 3193
1DBE4A69DB3A9CF; 3193
1DBE4A7F3D51CCF; 3195
1DBE4A818C98FCF; 3195
1DBE4A98F1AC1CF; 3194
1DBE4A9B245714F; 3194
1DBE4AB2765764F; 3194
1DBE4AB4B28BC4F; 3194
1DBE4ACBFB02ACF; 3199
1DBE4ACE24243CF; 3199
1DBE4AE444F78CF; 3199
1DBE4AE6812BECF; 3199
1DBE4AFDC9A2D4F; 3206
1DBE4AFFE93AFCF; 3206
1DBE4B1567EE64F; 3201
1DBE4B16713FCD9; 3201
1DBE4B17E6E49CF; 3201
1DBE4B2C8889B59; 3210
1DBE4B2DFE2E84F; 3210
1DBE4B2E5F48560; 3210
1DBE4B2E6560059; 3210
1DBE4B2FDB04D4F; 3210
1DBE4B45D76E460; 3222
1DBE4B45DD85F59; 3222
1DBE4B47532AC4F; 3222
1DBE4B478714868; 3222
1DBE4B478E1EF60; 3222
1DBE4B479436A59; 3222
1DBE4B4909DB74F; 3222
1DBE4B5AE62FC68; 3222
1DBE4B5AED3A360; 3222
1DBE4B5AF351E59; 3222
1DBE4B5C68F6B4F; 3222
1DBE4B5D2BED8E8; 3222
1DBE4B5D32F7FE0; 3222
1DBE4B5D390FAD9; 3222
1DBE4B5EAEB47CF; 3222
1DBE4B746ADB0E8; 3232
1DBE4B7471E57E0; 3232
1DBE4B7477FD2D9; 3232
1DBE4B75EDA1FCF; 3232
1DBE4B7647B15E8; 3232
1DBE4B764EBBCE0; 3232
1DBE4B7654D37D9; 3232
1DBE4B77CA784CF; 3232
1DBE4B8A35D9B68; 3233
1DBE4B8A3CE4260; 3233
1DBE4B8A42FBD59; 3233
1DBE4B8BB8A0A4F; 3233
1DBE4B8C720E168; 3233
1DBE4B8C7918860; 3233
1DBE4B8C7F30359; 3233
1DBE4B8DF4D504F; 3233
1DBE4BA3B0FB968; 3226
1DBE4BA3B806060; 3226
1DBE4BA3BE1DB59; 3226
1DBE4BA533C284F; 3226
1DBE4BA5C70A568; 3226
1DBE4BA5CE14C60; 3226
1DBE4BA749D144F; 3226
1DBE4BBB32AAEE8; 3232
1DBE4BBB3FCD0D9; 3232
1DBE4BBCB571DCF; 3232
1DBE4BBD3F30468; 3232
1DBE4BBEC1F734F; 3232
1DBE4BD30DC7A59; 3243
1DBE4BD4836C74F; 3243
1DBE4BD66042C4F; 3243
1DBE4BE82393959; 3243
1DBE4BE9993864F; 3243
1DBE4BEBCBE35CF; 3243
1DBE4C01CE647D9; 3256
1DBE4C0341F2CAA; 3256
1DBE4C0344094CF; 3256
1DBE4C052E52F5D; 3256
1DBE4C16B481659; 3257
1DBE4C182486BDD; 3257
1DBE4C1A2A36AB3; 3257
1DBE4C302FA3459; 3257
1DBE4C3198D3333; 3257
1DBE4C33C4AA14D; 3257
1DBE4C49AAC5259; 3260
1DBE4C4B0D20FCD; 3260
1DBE4C4D38FCD1B; 3260
1DBE4C6325E7059; 3257
1DBE4C64804D2DE; 3257
1DBE4C648173B9B; 3257
1DBE4C66AD5C504; 3257
1DBE4C7CA108E59; 3261
1DBE4C7DF5D3384; 3261
1DBE4C800EF9C72; 3261
1DBE4C958394459; 3264
1DBE4C96D1ECFF2; 3264
1DBE4CAF083F8D9; 3262
1DBE4CB14DFD559; 3262
1DBE4CC89FFDA59; 3270
1DBE4CCA734A8D9; 3270
1DBE4CDF62F0DD9; 3268
1DBE4CE18C126D9; 3268
1DBE4CF8D489559; 3268
1DBE4CFAFDAAE59; 3268
1DBE4D124621CD9; 3263
1DBE4D1465B9F59; 3263
1DBE4D2AB63C4D9; 3269
1DBE4D2CC2C1A59; 3269
1DBE4D427AAD7D9; 3270
1DBE4D44AD58759; 3270
1DBE4D5BEC45F59; 3270
1DBE4D5E287A559; 3270
1DBE4D7584040D9; 3269
1DBE4D77A39C359; 3269
1DBE4D8F1238BD9; 3272
1DBE4D913B5A4D9; 3272
1DBE4DA883D1359; 3269
1DBE4DAAB67C2D9; 3269
1DBE4DC1F569AD9; 3267
1DBE4DC42814A59; 3267
1DBE4DDB6702259; 3273
1DBE4DDD73877D9; 3273
1DBE4DF32B73559; 3274
1DBE4DF55494E59; 3274
1DBE4E0CA695359; 3273
1DBE4E0ED9402D9; 3273
1DBE4E26182DAD9; 3268
1DBE4E282E3C6D9; 3268
1DBE4E3E88482D9; 3276
1DBE4E406EA7E59; 3276
1DBE4E554B3B659; 3277
1DBE4E577DE65D9; 3277
1DBE4E6EBCD3DD9; 3276
1DBE4E70E5F56D9; 3276
1DBE4E882E6C559; 3278
1DBE4E8A61174D9; 3278
1DBE4EA1A004CD9; 3273
1DBE4EA3B6138D9; 3273
1DBE4EBA23321D9; 3277
1DBE4EBC42CA459; 3277
1DBE4ED2E921459; 3269
1DBE4ED4CF80FD9; 3269
1DBE4EE9A28B159; 3273
1DBE4EEBCBACA59; 3273
1DBE4F02687A3D9; 3275
1DBE4F04919BCD9; 3275
1DBE4F1BDA12B59; 3278
1DBE4F1E0334459; 3278
1DBE4F355534959; 3278
1DBE4F377E56259; 3278
1DBE4F4EC6CD0D9; 3279
1DBE4F50EFEE9D9; 3279
1DBE4F683865859; 3278
1DBE4F6A6187159; 3278
1DBE4F81A9FDFD9; 3278
1DBE4F83D31F8D9; 3278
1DBE4F9B251FDD9; 3278
1DBE4F9D57CAD59; 3278
1DBE4FB496B8559; 3280
1DBE4FB6BFD9E59; 3280
1DBE4FCE0850CD9; 3280
1DBE4FD031725D9; 3280
1DBE4FE78372AD9; 3280
1DBE4FE9AC943D9; 3280
1DBE4FFFD5125E5; 3273
1DBE5000F50B259; 3273
1DBE5001C4FB7E5; 3273
1DBE5002E4F4459; 3273
1DBE5016FA62CE1; 3280
1DBE501700ED0E5; 3280
1DBE501820E5D59; 3280
1DBE5018FD5EBE1; 3280
1DBE501903E8FE5; 3280
1DBE501A23E1C59; 3280
1DBE502E16CF41E; 3281
1DBE502E1CB4161; 3281
1DBE502E233E565; 3281
1DBE502F43371D9; 3281
1DBE50302CDE01E; 3281
1DBE503032C2D61; 3281
1DBE5030394D165; 3281
1DBE50315945DD9; 3281
1DBE504781DCBC9; 3280
1DBE50478867B9E; 3280
1DBE50478E4C8E1; 3280
1DBE504794D6CE5; 3280
1DBE5048B4CF959; 3280
1DBE5049AAFE4C9; 3280
1DBE5049B18949E; 3280
1DBE5049B76E1E1; 3280
1DBE5049BDF85E5; 3280
1DBE504ADDF1259; 3280
1DBE50610989748; 3280
1DBE506110116C9; 3280
1DBE5061169C69E; 3280
1DBE50611C813E1; 3280
1DBE5061230B7E5; 3280
1DBE50624304459; 3280
1DBE506332AB048; 3280
1DBE50633932FC9; 3280
1DBE50633FBDF9E; 3280
1DBE506345A2CE1; 3280
1DBE50634C2D0E5; 3280
1DBE50646C25D59; 3280
1DBE507A7B21EC8; 3279
1DBE507A81A9E49; 3279
1DBE507A8834E1E; 3279
1DBE507A8E19B61; 3279
1DBE507A94A3F65; 3279
1DBE507BB49CBD9; 3279
1DBE507CA4437C8; 3279
1DBE507CAACB749; 3279
1DBE507CB15671E; 3279
1DBE507CB73B461; 3279
1DBE507DDDBE4D9; 3279
1DBE5093ECBA648; 3280
1DBE5093F3425C9; 3280
1DBE5093F9CD59E; 3280
1DBE5094063C6E5; 3280
1DBE50952635359; 3280
1DBE509615DBF48; 3280
1DBE50961C63EC9; 3280
1DBE509622EEE9E; 3280
1DBE50974F56C59; 3280
1DBE50AD5E52DC8; 3288
1DBE50AD64DAD49; 3288
1DBE50AD77D4E65; 3288
1DBE50AE97CDAD9; 3288
1DBE50AF4E3BFC8; 3288
1DBE50AF54C3F49; 3288
1DBE50B087B6CD9; 3288
1DBE50C46D91548; 3284
1DBE50C487135E5; 3284
1DBE50C5A70C259; 3284
1DBE50C7D02DB59; 3284
1DBE50DD4D02865; 3284
1DBE50DE6CFB4D9; 3284
1DBE50DF92C04E5; 3284
1DBE50E0B2B9159; 3284
1DBE50F6DB37365; 3283
1DBE50F7FB2FFD9; 3283
1DBE50FA07B5559; 3283
1DBE51104CCFAE5; 3286
1DBE51116CC8759; 3286
1DBE51139F736D9; 3286
1DBE5129BE68265; 3287
1DBE512ADE60ED9; 3287
1DBE512D07827D9; 3287
1DBE514330009E5; 3297
1DBE51444FF9659; 3297
1DBE514630416E0; 3297
1DBE515911113E1; 3295
1DBE515A317C960; 3295
1DBE515C5393B68; 3295
1DBE51728FD7B1E; 3295
1DBE5173AF1D6E8; 3295
1DBE517592509A2; 3295
1DBE518CEDDA522; 3289
1DBE518F03E9122; 3289
1DBE51A4BBD4EA2; 3293
1DBE51A6D1E3AA2; 3293
1DBE51BD81C4122; 3282
1DBE51BF5E9A622; 3282
1DBE51D2E3DB422; 3345
1DBE51D44E40B22; 3344
1DBE51D5DECBC22; 3344
1DBE51E65609522; 3351
1DBE51E83C690A2; 3351
1DBE51FC76DCA22; 3347
1DBE51FE9674CA2; 3347
1DBE5214F0808A2; 3330
1DBE5216810B9A2; 3330
1DBE522668ED41C; 3353
1DBE52280CD9F22; 3353
1DBE52325E877A2; 3393
1DBE5233C8ECEA2; 3402
1DBE523533525A2; 3410
1DBE5236B0CA9A2; 3416
1DBE52382E42DA2; 3419
1DBE523AEFFAEA2; 3429
1DBE523C5A605A2; 3436
1DBE523DC4C5CA2; 3440
1DBE52400A83922; 3442
1DBE52492B041A2; 3450
1DBE524A9EF2F22; 3450
1DBE5259F816522; 3442
1DBE525BCF46C1F; 3442
1DBE526F083C61F; 3447
1DBE527117F53B5; 3447
1DBE5286CFE1135; 3446
1DBE52890ED99DC; 3446
1DBE52A0575085C; 3439
1DBE52A2541F785; 3439
1DBE52B7C949785; 3434
1DBE52B84BB0EBB; 3434
1DBE52B9D910522; 3434
1DBE52CE59716BB; 3432
1DBE52CFE6D0D22; 3432
1DBE52D225F3121; 3432
1DBE52E7DE1CB3B; 3435
1DBE52E964E0921; 3435
1DBE52EB4A9D49C; 3435
1DBE5302931431C; 3427
1DBE53046FEA81C; 3427
1DBE531942F499C; 3427
1DBE531B7F28F9C; 3427
1DBE5332E43C19C; 3432
1DBE533503D441C; 3432
1DBE534B676969C; 3440
1DBE534C484289E; 3440
1DBE534C48E36DA; 3440
1DBE534D6A6559C; 3440
1DBE53611B4CA1E; 3446
1DBE53611BED85A; 3446
1DBE53623D6F71C; 3446
1DBE5363315B61E; 3446
1DBE536331FC45A; 3446
1DBE5364537E31C; 3446
1DBE53789CFBF9E; 3448
1DBE53789D9CDDA; 3448
1DBE5379BF1EC9C; 3448
1DBE537AF5CC91E; 3448
1DBE537AF66D75A; 3448
1DBE537C17EF61C; 3448
1DBE539234BA11E; 3446
1DBE5392355AF5A; 3446
1DBE539356DCE1C; 3446
1DBE53945DDBA1E; 3446
1DBE53945E7C85A; 3446
1DBE53957FFE71C; 3446
1DBE53ABB96559E; 3429
1DBE53ABBA063DA; 3429
1DBE53ACDB8829C; 3429
1DBE53AD8328D9E; 3429
1DBE53AD83C9BDA; 3429
1DBE53AEA54BA9C; 3429
1DBE53BE92FCE9E; 3431
1DBE53BE939DCDA; 3431
1DBE53BFB51FB9C; 3431
1DBE53C0BC1E79E; 3431
1DBE53C0BCBF5DA; 3431
1DBE53C1DE4149C; 3431
1DBE53D8213199E; 3428
1DBE53D821D27DA; 3428
1DBE53D9435469C; 3428
1DBE53DA66EF61E; 3428
1DBE53DA679045A; 3428
1DBE53DB891231C; 3428
1DBE53F1B0072DA; 3441
1DBE53F2D18919C; 3441
1DBE53F4AE5F69C; 3441
1DBE540649D8D5A; 3443
1DBE54076B5AC1C; 3443
1DBE5409A78F21C; 3443
1DBE541FD80D85A; 3445
1DBE5420F98F71C; 3445
1DBE54222754B5A; 3445
1DBE542348D6A1C; 3445
1DBE5439664235A; 3447
1DBE543A87C421C; 3447
1DBE543BABFFFDA; 3447
1DBE543CCD81E9C; 3447
1DBE5452F476E5A; 3451
1DBE545415F8D1C; 3451
1DBE5456522D31C; 3451
1DBE546BD70245A; 3456
1DBE546CF88431C; 3456
1DBE546F2B2F29C; 3456
1DBE548420F725A; 3456
1DBE5485427911C; 3456
1DBE5487752409C; 3456
1DBE549DAF2BD5A; 3449
1DBE549ED0ADC1C; 3449
1DBE54A0F045E9C; 3449
1DBE54B530DB2DA; 3453
1DBE54B6525D19C; 3453
1DBE54B8850811C; 3453
1DBE54CE13668DA; 3460
1DBE54CF34E879C; 3460
1DBE54D1416DD1C; 3460
1DBE54E58B8C7DA; 3467
1DBE54E6AD0E69C; 3467
1DBE54E8BCC1825; 3467
1DBE54FDD28D725; 3462
1DBE54FFEBDDC2E; 3462
1DBE5515F3EC181; 3466
1DBE5515F99E42E; 3466
1DBE551846FBA1F; 3466
1DBE552EE3C939F; 3458
1DBE5530CDD5F52; 3458
1DBE55458443D52; 3452
1DBE5547944C0FA; 3452
1DBE555CFFECA7A; 3449
1DBE555F5BC6BE5; 3449
1DBE55764E68FE5; 3449
1DBE557871004E1; 3449
1DBE558FD6136E1; 3457
1DBE5591DCB3F1E; 3457
1DBE55A6FC0949E; 3456
1DBE55A944C57C9; 3456
1DBE55C083B2FC9; 3458
1DBE55C2C2E8CC8; 3458
1DBE55DA0B5FB48; 3452
1DBE55DB77DFABB; 3452
1DBE55F12FCB83B; 3460
1DBE55F332C773B; 3460
1DBE5607B9864BB; 3465
1DBE5609E2A7DBB; 3465
1DBE561FE6DEF3B; 3467
1DBE56222C9CBBB; 3467
1DBE56397513A3B; 3472
1DBE563B9E3533B; 3472
1DBE5651F840F3B; 3475
1DBE5654478823B; 3475
1DBE566B8675A3B; 3482
1DBE566D9C8463B; 3482
1DBE56830824FBB; 3485
1DBE56854DE2C3B; 3485
1DBE569C5D213BB; 3490
1DBE569E732FFBB; 3490
1DBE56B4A7161BB; 3491
1DBE56B6F65D4BB; 3491
1DBE56CE354ACBB; 3500
1DBE56D03846BBB; 3500
1DBE56E4B57C2BB; 3501
1DBE56E704C35BB; 3501
1DBE56FE4D3A43B; 3505
1DBE5700765BD3B; 3505
1DBE5717263C3BB; 3507
1DBE57196BFA03B; 3507
1DBE5730B470EBB; 3510
1DBE5732FA2EB3B; 3510
1DBE574A42A59BB; 3506
1DBE574C755093B; 3506
1DBE57632530FBB; 3518
1DBE576502074BB; 3518
1DBE5777EEB1ABB; 3520
1DBE577A2AE60BB; 3520
1DBE5791735CF3B; 3513
1DBE5793896BB3B; 3513
1DBE57A8F50C4BB; 3522
1DBE57AAE4F56BB; 3522
1DBE57BF1F6903B; 3512
1DBE57C10F5223B; 3512
1DBE57D4949303B; 3516
1DBE57D6C73DFBB; 3516
1DBE57ECBF638D5; 3544
1DBE57ED175620B; 3544
1DBE57EE35DA83B; 3544
1DBE57F85550E55; 3563
1DBE57F8F9FB2C9; 3563
1DBE57F900FA355; 3563
1DBE57FA77712BB; 3563
1DBE580080673C9; 3580
1DBE58008766455; 3580
1DBE5801DD56EFA; 3580
1DBE5801E3E4C81; 3580
1DBE5801EACCAC9; 3580
1DBE5801F1CBB55; 3580
1DBE5801FDDD3BB; 3580
1DBE5802CBC217A; 3580
1DBE5802D24FF01; 3580
1DBE5802D937D49; 3580
1DBE5802E036DD5; 3580
1DBE58042314B7A; 3580
1DBE580429A2901; 3580
1DBE5804308A749; 3580
1DBE580437897D5; 3580
1DBE580456ADD3B; 3580
1DBE5805AE0073B; 3580
1DBE581B620237A; 3588
1DBE581B6890101; 3588
1DBE581B6F77F49; 3588
1DBE581B7676FD5; 3588
1DBE581CECEDF3B; 3588
1DBE581D64FE27A; 3588
1DBE581D6B8C001; 3588
1DBE581D7273E49; 3588
1DBE581D7972ED5; 3588
1DBE581EEFE9E3B; 3588
1DBE583284537FA; 3584
1DBE58328AE1581; 3584
1DBE583291C93C9; 3584
1DBE583298C8455; 3584
1DBE58340F3F3BB; 3584
1DBE5834C087DFA; 3584
1DBE5834C715B81; 3584
1DBE5834CDFD9C9; 3584
1DBE5834D4FCA55; 3584
1DBE58364B739BB; 3584
1DBE584B5D5577A; 3596
1DBE584B63E3501; 3596
1DBE584B6ACB349; 3596
1DBE584B71CA3D5; 3596
1DBE584CE84133B; 3596
1DBE584D1D8F8FA; 3596
1DBE584D241D681; 3596
1DBE584EA87B4BB; 3596
1DBE586026D627A; 3590
1DBE58603B4AED5; 3590
1DBE5861B1C1E3B; 3590
1DBE5863DAE373B; 3590
1DBE5877C683AD5; 3591
1DBE58793CFAA3B; 3591
1DBE587B661C33B; 3591
1DBE589154B85D5; 3611
1DBE5892CB2F53B; 3611
1DBE58944710838; 3611
1DBE58A2648C6D5; 3603
1DBE58A3D96C538; 3603
1DBE58A5A73FC13; 3603
1DBE58B77A585D5; 3612
1DBE58B8E9BEC93; 3612
1DBE58BAC0E1C6D; 3612
1DBE58CCE5F8F55; 3611
1DBE58CE4FAC0ED; 3611
1DBE58CECF41F18; 3611
1DBE58D0852748B; 3611
1DBE58E60E2F718; 3612
1DBE58E6611AD55; 3612
1DBE58E7C414C8B; 3612
1DBE58E83507586; 3612
1DBE58E83B877CF; 3612
1DBE58E840DA698; 3612
1DBE58E9F0057E2; 3612
1DBE58FF7D7E406; 3610
1DBE58FF83FE64F; 3610
1DBE58FFDC3CB55; 3610
1DBE5901387C662; 3610
1DBE5901B029386; 3610
1DBE5901B1F06FF; 3610
1DBE5901B6A95CF; 3610
1DBE59036479E5A; 3610
1DBE5918FA6757F; 3610
1DBE5919575E955; 3610
1DBE591AAC4FE9E; 3610
1DBE591AACF0CDA; 3610
1DBE591B2FADF28; 3610
1DBE59326E9B728; 3610
1DBE5932D280755; 3610
1DBE593492103E5; 3610
1DBE5934FBA2055; 3610
1DBE594BED99F65; 3616
1DBE594C572BBD5; 3616
1DBE594DFDEE743; 3616
1DBE594E6D3A7D5; 3616
1DBE5963AC50E43; 3620
1DBE59641B9CED5; 3620
1DBE5965CF37885; 3620
1DBE596644BE7D5; 3620
1DBE597C758E885; 3619
1DBE597CEB157D5; 3619
1DBE597EAABD031; 3619
1DBE597F2749DD5; 3619
1DBE5995FCBD531; 3618
1DBE5996794A2D5; 3618
1DBE59981F12A2E; 3618
1DBE5998A26BBD5; 3618
1DBE59AF7112F2E; 3622
1DBE59AFF46C0D5; 3622
1DBE59B189E8550; 3622
1DBE59B21404355; 3622
1DBE59C8303F550; 3619
1DBE59C8BA5B355; 3619
1DBE59CA6641966; 3619
1DBE59CAF68F955; 3619
1DBE59E1A52F166; 3628
1DBE59E2357D155; 3628
1DBE59E385C3039; 3628
1DBE59E41BDCCD5; 3628
1DBE59F8160B439; 3618
1DBE59F8AC250D5; 3618
1DBE59F9ECBEE1F; 3618
1DBE59FA88FB5D5; 3618
1DBE5A0D71FFC1F; 3620
1DBE5A0E0E3C3D5; 3620
1DBE5A0F9DCF172; 3620
1DBE5A1040E7355; 3620
1DBE5A26E645FF2; 3623
1DBE5A27895E1D5; 3623
1DBE5A29A8F6455; 3623
1DBE5A40AEAB555; 3622
1DBE5A42E1564D5; 3622
1DBE5A5A2043CD5; 3625
1DBE5A5C5C782D5; 3625
1DBE5A739B65AD5; 3628
1DBE5A75B1746D5; 3628
1DBE5A8CD3C5B55; 3628
1DBE5A8F0670AD5; 3628
1DBE5AA6455E2D5; 3628
1DBE5AA87809255; 3628
1DBE5ABFB6F6A55; 3630
1DBE5AC1E9A19D5; 3630
1DBE5AD93BA1ED5; 3627
1DBE5ADB64C37D5; 3627
1DBE5AF2AD3A655; 3624
1DBE5AF410B242F; 3624
1DBE5AF4119E282; 3624
1DBE5AF4F2F82D5; 3624
1DBE5B0B4F9FC2F; 3625
1DBE5B0B508BA82; 3625
1DBE5B0C31E5AD5; 3625
1DBE5B0D6CA6C67; 3625
1DBE5B0D6F37EAF; 3625
1DBE5B0E517DD55; 3625
1DBE5B24BEA7167; 3626
1DBE5B25A37E255; 3626
1DBE5B26E159651; 3626
1DBE5B27CC9FB55; 3626
1DBE5B3E29D04D1; 3629
1DBE5B3F15169D5; 3629
1DBE5B40566100A; 3629
1DBE5B4147C1955; 3629
1DBE5B57954E80A; 3632
1DBE5B5886AF155; 3632
1DBE5B59C7EC1B2; 3632
1DBE5B5AAFD0A55; 3632
1DBE5B70CDA12B2; 3629
1DBE5B71B585B55; 3629
1DBE5B72F083477; 3629
1DBE5B73DEA7455; 3629
1DBE5B8A38FA2F7; 3625
1DBE5B8B271E2D5; 3625
1DBE5B8C5ACA554; 3625
1DBE5B8C5B6BDD3; 3625
1DBE5B8D503FBD5; 3625
1DBE5BA2F797ED4; 3625
1DBE5BA2F839753; 3625
1DBE5BA3ED0D555; 3625
1DBE5BA51AF1156; 3625
1DBE5BA520B97D4; 3625
1DBE5BA6162EE55; 3625
1DBE5BBC6367FD6; 3625
1DBE5BBD5EA5CD5; 3625
1DBE5BBE8FE027F; 3625
1DBE5BBE9612F56; 3625
1DBE5BBF9150C55; 3625
1DBE5BD5CECDA7F; 3626
1DBE5BD6D03E455; 3626
1DBE5BD7F153568; 3626
1DBE5BD7F7EF37F; 3626
1DBE5BD8F95FD55; 3626
1DBE5BEF39CA3E8; 3626
1DBE5BF041D6BD5; 3626
1DBE5BF1667CF08; 3626
1DBE5BF16C75368; 3626
1DBE5BF27481B55; 3626
1DBE5C08B87D408; 3636
1DBE5C09C682055; 3636
1DBE5C0A85C6F48; 3636
1DBE5C0A8BCA288; 3636
1DBE5C0B99CEED5; 3636
1DBE5C1E7D78B48; 3635
1DBE5C1F9180AD5; 3635
1DBE5C20AABFD11; 3635
1DBE5C20B023AC8; 3635
1DBE5C21C42BA55; 3635
1DBE5C37E9AD511; 3635
1DBE5C390319255; 3635
1DBE5C3A0D989FC; 3635
1DBE5C3A12CEE11; 3635
1DBE5C3B2C3AB55; 3635
1DBE5C51560F87C; 3629
1DBE5C5274B19D5; 3629
1DBE5C5365A39C9; 3629
1DBE5C536C1E47C; 3629
1DBE5C548AC05D5; 3629
1DBE5C692718DC9; 3637
1DBE5C692D9387C; 3637
1DBE5C6A4C359D5; 3637
1DBE5C6B06DEA10; 3637
1DBE5C6B0D78949; 3637
1DBE5C6B13F33FC; 3637
1DBE5C6C3295555; 3637
1DBE5C7FD9E8B90; 3630
1DBE5C7FE082AC9; 3630
1DBE5C7FE6FD57C; 3630
1DBE5C81059F6D5; 3630
1DBE5C81DFFB9A5; 3630
1DBE5C81E66E110; 3630
1DBE5C81ED08049; 3630
1DBE5C81F382AFC; 3630
1DBE5C831224C55; 3630
1DBE5C9708DA5A5; 3627
1DBE5C970F4CD10; 3627
1DBE5C9715E6C49; 3627
1DBE5C971C616FC; 3627
1DBE5C983B03855; 3627
1DBE5C9918565DD; 3627
1DBE5C991EE91A5; 3627
1DBE5C99255B910; 3627
1DBE5C992BF5849; 3627
1DBE5C9932702FC; 3627
1DBE5C9A5112455; 3627
1DBE5CB01E0B6DD; 3633
1DBE5CB0249E2A5; 3633
1DBE5CB02B10A10; 3633
1DBE5CB031AA949; 3633
1DBE5CB038253FC; 3633
1DBE5CB156C7555; 3633
1DBE5CB223F4109; 3633
1DBE5CB22A90C5D; 3633
1DBE5CB23123825; 3633
1DBE5CB23795F90; 3633
1DBE5CB23E2FEC9; 3633
1DBE5CB244AA97C; 3633
1DBE5CB3634CAD5; 3633
1DBE5CC7F87C209; 3637
1DBE5CC7FF18D5D; 3637
1DBE5CC805AB925; 3637
1DBE5CC80C1E090; 3637
1DBE5CC812B7FC9; 3637
1DBE5CC81932A7C; 3637
1DBE5CC937D4BD5; 3637
1DBE5CCA003CB24; 3637
1DBE5CCA07FB2CF; 3637
1DBE5CCA0E8AE09; 3637
1DBE5CCA152795D; 3637
1DBE5CCA1BBA525; 3637
1DBE5CCA222CC90; 3637
1DBE5CCA28C6BC9; 3637
1DBE5CCA2F4167C; 3637
1DBE5CCB4DE37D5; 3637
1DBE5CE076E4AA4; 3636
1DBE5CE07EA324F; 3636
1DBE5CE08532D89; 3636
1DBE5CE08BCF8DD; 3636
1DBE5CE092624A5; 3636
1DBE5CE098D4C10; 3636
1DBE5CE09F6EB49; 3636
1DBE5CE0A5E95FC; 3636
1DBE5CE1C48B755; 3636
1DBE5CE2A0063A4; 3636
1DBE5CE2A7C4B4F; 3636
1DBE5CE2AE54689; 3636
1DBE5CE2B4F11DD; 3636
1DBE5CE2BB83DA5; 3636
1DBE5CE2C1F6510; 3636
1DBE5CE2C890449; 3636
1DBE5CE3EDAD055; 3636
1DBE5CF9E87D224; 3635
1DBE5CF9F03B9CF; 3635
1DBE5CF9F6CB509; 3635
1DBE5CF9FD6805D; 3635
1DBE5CFA03FAC25; 3635
1DBE5CFA0A6D390; 3635
1DBE5CFA11072C9; 3635
1DBE5CFA1781D7C; 3635
1DBE5CFB3623ED5; 3635
1DBE5CFC24B1824; 3635
1DBE5CFC2C6FFCF; 3635
1DBE5CFC32FFB09; 3635
1DBE5CFC399C65D; 3635
1DBE5CFC402F225; 3635
1DBE5CFC46A1990; 3635
1DBE5CFC4D3B8C9; 3635
1DBE5CFD72584D5; 3635
1DBE5D136D286A4; 3630
1DBE5D1374E6E4F; 3630
1DBE5D137B76989; 3630
1DBE5D1382134DD; 3630
1DBE5D1388A60A5; 3630
1DBE5D138F18810; 3630
1DBE5D139C2D1FC; 3630
1DBE5D14BACF355; 3630
1DBE5D1579ADC24; 3630
1DBE5D15816C3CF; 3630
1DBE5D1587FBF09; 3630
1DBE5D158E98A5D; 3630
1DBE5D15952B625; 3630
1DBE5D16C7548D5; 3630
1DBE5D2BDD42EA4; 3639
1DBE5D2BE50164F; 3639
1DBE5D2BEB91189; 3639
1DBE5D2BF22DCDD; 3639
1DBE5D2C0C479FC; 3639
1DBE5D2D2AE9B55; 3639
1DBE5D2DD6B5724; 3639
1DBE5D2DDE73ECF; 3639
1DBE5D2DE503A09; 3639
1DBE5D2DEBA055D; 3639
1DBE5D2F245C3D5; 3639
1DBE5D4253EAE24; 3640
1DBE5D425BA95CF; 3640
1DBE5D426239109; 3640
1DBE5D4282EF97C; 3640
1DBE5D43A191AD5; 3640
1DBE5D4469F9A24; 3640
1DBE5D4471B81CF; 3640
1DBE5D447847D09; 3640
1DBE5D45B7A06D5; 3640
1DBE5D5BC5835A4; 3644
1DBE5D5BCD41D4F; 3644
1DBE5D5BF4880FC; 3644
1DBE5D5D132A255; 3644
1DBE5D5DF82E524; 3644
1DBE5D5F45D51D5; 3644
1DBE5D74C4009FC; 3638
1DBE5D75E2A2B55; 3638
1DBE5D77E59EA55; 3638
1DBE5D8C8871CFC; 3642
1DBE5D8DA713E55; 3642
1DBE5D8FC6AC0D5; 3642
1DBE5DA54E60F7C; 3640
1DBE5DA66D030D5; 3640
1DBE5DA896249D5; 3640
1DBE5DBEDC95A7C; 3641
1DBE5DBFFB37BD5; 3641
1DBE5DC224594D5; 3641
1DBE5DD84E2E1FC; 3641
1DBE5DD96CD0355; 3641
1DBE5DDA8D713C9; 3641
1DBE5DDBAB8EF49; 3641
1DBE5DF1CC5EBC9; 3643
1DBE5DF2EA7C749; 3643
1DBE5DF5032CB81; 3643
1DBE5E0B2A580DD; 3644
1DBE5E0C4E9F2FA; 3644
1DBE5E0C552D081; 3644
1DBE5E0E394A218; 3644
1DBE5E2581C1098; 3643
1DBE5E27AAE2998; 3643
1DBE5E3EF359818; 3644
1DBE5E413917498; 3644
1DBE5E588B17998; 3637
1DBE5E5A848A218; 3637
1DBE5E6FF9B4218; 3646
1DBE5E71E013D98; 3646
1DBE5E8610FE098; 3638
1DBE5E880A70918; 3638
1DBE5E9C912F698; 3638
1DBE5E9EBA50F98; 3638
1DBE5EB60C51498; 3636
1DBE5EB83EFC418; 3636
1DBE5ECF90FC918; 3643
1DBE5ED18A6F198; 3643
1DBE5EE71C35518; 3634
1DBE5EE90C1E718; 3634
1DBE5EFD337F398; 3621
1DBE5EFEDB5394F; 3621
1DBE5F10DC9C106; 3607
1DBE5F10E31C34F; 3607
1DBE5F126EEE57F; 3607
1DBE5F22E62BE7F; 3608
1DBE5F251B72828; 3608
1DBE5F3C5A60028; 3619
1DBE5F3E449C5E5; 3619
1DBE5F51D366A65; 3625
1DBE5F5222BDB0C; 3625
1DBE5F53B40C1C3; 3625
1DBE5F678E5E48C; 3617
1DBE5F691FACB43; 3617
1DBE5F6982140A2; 3617
1DBE5F6987D0D0C; 3617
1DBE5F698874847; 3617
1DBE5F6B12E4505; 3617
1DBE5F7E4B94BA2; 3620
1DBE5F7E515180C; 3620
1DBE5F7E51F5347; 3620
1DBE5F7FDC65005; 3620
1DBE5F807B3D1B6; 3620
1DBE5F807E3FB22; 3620
1DBE5F8083FC78C; 3620
1DBE5F8084A02C7; 3620
1DBE5F82080A131; 3620
1DBE5F976DDF5B6; 3619
1DBE5F9770E1F22; 3619
1DBE5F97769EB8C; 3619
1DBE5F9777426C7; 3619
1DBE5F98FAAC531; 3619
1DBE5F99A08A536; 3619
1DBE5F99A38CEA2; 3619
1DBE5F99A949B0C; 3619
1DBE5F99A9ED647; 3619
1DBE5F9B268B0AE; 3619
1DBE5FB0E9013B6; 3616
1DBE5FB0EC03D22; 3616
1DBE5FB0F1C098C; 3616
1DBE5FB0F2644C7; 3616
1DBE5FB26F01F2E; 3616
1DBE5FB325359B6; 3616
1DBE5FB32838322; 3616
1DBE5FB32DF4F8C; 3616
1DBE5FB32E98AC7; 3616
1DBE5FB4A4738D0; 3616
1DBE5FCA64231B6; 3609
1DBE5FCA6725B22; 3609
1DBE5FCA6CE278C; 3609
1DBE5FCA6D862C7; 3609
1DBE5FCBE3610D0; 3609
1DBE5FCC70A8736; 3609
1DBE5FCC73AB0A2; 3609
1DBE5FCC7967D0C; 3609
1DBE5FCC7A0B847; 3609
1DBE5FCDE9B4466; 3609
1DBE5FE1EF5BDB6; 3619
1DBE5FE1F25E722; 3619
1DBE5FE1F81B38C; 3619
1DBE5FE1F8BEEC7; 3619
1DBE5FE36867AE6; 3619
1DBE5FE3CC322B6; 3619
1DBE5FE3CF34C22; 3619
1DBE5FE3D4F188C; 3619
1DBE5FE3D5953C7; 3619
1DBE5FE53F72339; 3619
1DBE5FF7B0D11B6; 3617
1DBE5FF7B3D3B22; 3617
1DBE5FF7B99078C; 3617
1DBE5FF7BA342C7; 3617
1DBE5FF92411239; 3617
1DBE5FF9ED057B6; 3617
1DBE5FF9F008122; 3617
1DBE5FF9F5C4D8C; 3617
1DBE5FF9F6688C7; 3617
1DBE5FFB5A22D1F; 3617
1DBE60112BF2FB6; 3611
1DBE60112EF5922; 3611
1DBE601134B258C; 3611
1DBE601135560C7; 3611
1DBE6012991051F; 3611
1DBE60134B8B236; 3611
1DBE60134E8DBA2; 3611
1DBE601354EE347; 3611
1DBE6014B1CCD72; 3611
1DBE6028F9ED936; 3613
1DBE602902ACF0C; 3613
1DBE60290350A47; 3613
1DBE602A602F472; 3613
1DBE602B2C988B6; 3613
1DBE602C5498582; 3613
1DBE60427DCED0C; 3611
1DBE60439D0F402; 3611
1DBE6044C38C98C; 3611
1DBE6045E2CD082; 3611
1DBE605C027A18C; 3620
1DBE605D21BA882; 3620
1DBE605F11A3A82; 3620
1DBE6072792210C; 3638
1DBE60739862802; 3638
1DBE607515DAC02; 3638
1DBE60837F6CB8C; 3636
1DBE60849EAD282; 3636
1DBE6086D158202; 3636
1DBE609CFA8E98C; 3634
1DBE609E19CF082; 3634
1DBE60A05603682; 3634
1DBE60B675B078C; 3626
1DBE60B794F0E82; 3626
1DBE60B997ECD82; 3626
1DBE60CD9801C0C; 3635
1DBE60CEB742302; 3635
1DBE60D09DA1E82; 3635
1DBE60E3B8D510C; 3624
1DBE60E4D815802; 3624
1DBE60E6C7FEA02; 3624
1DBE60F8956890C; 3647
1DBE60F9B3BD1AF; 3647
1DBE60F9B4A9002; 3647
1DBE610586752A2; 3650
1DBE6106A7F5567; 3650
1DBE6108B794D51; 3650
1DBE611EC555551; 3657
1DBE6120CBC068A; 3657
1DBE6135E18C58A; 3662
1DBE61380117232; 3662
1DBE614CF064F22; 3656
1DBE614E0ED7A32; 3656
1DBE61501EA6EF7; 3656
1DBE6165D692C77; 3656
1DBE616815A0AD3; 3656
1DBE617F53ECA54; 3661
1DBE617F548E2D3; 3661
1DBE61816DBC656; 3661
1DBE6197D1518D6; 3655
1DBE6199E12D7FF; 3655
1DBE61AF991957F; 3655
1DBE61B1D83B3E8; 3655
1DBE61C91728BE8; 3663
1DBE61CB142C688; 3663
1DBE61E03381C08; 3656
1DBE61E2307A7C8; 3656
1DBE61F74FCFD48; 3667
1DBE61F91DB8E11; 3667
1DBE620C1D76111; 3673
1DBE620E24C527C; 3673
1DBE6223441A7FC; 3682
1DBE62252D88F49; 3682
1DBE623967FC8C9; 3683
1DBE623B940D910; 3683
1DBE6252E60DE10; 3679
1DBE625508BCFA5; 3679
1DBE626BCBB0325; 3680
1DBE626E1464A5D; 3680
1DBE6285535225D; 3680
1DBE62877F60689; 3680
1DBE629EDAEA209; 3679
1DBE62A0FD7BFCF; 3679
1DBE62B847BDD24; 3686
1DBE62B84F7C4CF; 3686
1DBE62B9B46250C; 3686
1DBE62CF167980C; 3691
1DBE62D122FED8C; 3691
1DBE62E73A48C0C; 3689
1DBE62E96CF3B8C; 3689
1DBE6300B56AA0C; 3696
1DBE6302CB7960C; 3696
1DBE63182D9090C; 3705
1DBE631A13F048C; 3705
1DBE632E44DA78C; 3701
1DBE6330810ED8C; 3701
1DBE6346E4A400C; 3709
1DBE6348CB03B8C; 3709
1DBE635DB120A0C; 3710
1DBE635FED5500C; 3710
1DBE637735CBE8C; 3706
1DBE63795EED78C; 3706
1DBE6390054478C; 3708
1DBE6392679E78C; 3708
1DBE63A9C32830C; 3721
1DBE63AB704F78C; 3721
1DBE63BE2D4AD0C; 3714
1DBE63C026BD58C; 3714
1DBE63D4F9C770C; 3712
1DBE63D735FBD0C; 3712
1DBE63EE7E72B8C; 3713
1DBE63F0B11DB0C; 3713
1DBE64081630D0C; 3724
1DBE6409FC9088C; 3724
1DBE641D81D168C; 3714
1DBE641F551E50C; 3714
1DBE6432979D58C; 3724
1DBE64346AEA40C; 3724
1DBE6447AD6948C; 3723
1DBE6449E99DA8C; 3723
1DBE6461288B28C; 3727
1DBE6461D38ED03; 3727
1DBE646351ACB8C; 3727
1DBE647879E5D03; 3728
1DBE6479F803B8C; 3728
1DBE647AA182045; 3728
1DBE647AA60E645; 3728
1DBE647AAC90C83; 3728
1DBE647C2AAEB0C; 3728
1DBE6491E9F8EC5; 3752
1DBE6491EE854C5; 3752
1DBE6491F507B03; 3752
1DBE649335912AA; 3752
1DBE649337C2245; 3752
1DBE64933C4E845; 3752
1DBE649342D0E83; 3752
1DBE6493732598C; 3752
1DBE6494C0EED0C; 3752
1DBE64A13761EAA; 3762
1DBE64A13992E45; 3762
1DBE64A13E1F445; 3762
1DBE64A144A1A83; 3762
1DBE64A2C1407B5; 3762
1DBE64A2C2BF90C; 3762
1DBE64A2C7ECFAA; 3762
1DBE64A2CA1DF45; 3762
1DBE64A2CEAA545; 3762
1DBE64A2D52CB83; 3762
1DBE64A4534AA0C; 3762
1DBE64B3C78B235; 3757
1DBE64B3CE37A2A; 3757
1DBE64B3D0689C5; 3757
1DBE64B3D4F4FC5; 3757
1DBE64B3DB77603; 3757
1DBE64B5599548C; 3757
1DBE64B5CA87135; 3757
1DBE64B5D13392A; 3757
1DBE64B5D3648C5; 3757
1DBE64B5D7F0EC5; 3757
1DBE64B75C9138C; 3757
1DBE64CB5C4D4B5; 3770
1DBE64CB62F9CAA; 3770
1DBE64CB652AC45; 3770
1DBE64CB7039883; 3770
1DBE64CCEE5770C; 3770
1DBE64CD1C87635; 3770
1DBE64CD2333E2A; 3770
1DBE64CEAE9188C; 3770
1DBE64DF7A24AB5; 3780
1DBE64DF8E10E83; 3780
1DBE64E10C2ED0C; 3780
1DBE64E13A5EC35; 3780
1DBE64E2CC68E8C; 3780
1DBE64F4447EC83; 3773
1DBE64F5C29CB0C; 3773
1DBE64F7C598A0C; 3773
1DBE650B10FB683; 3775
1DBE650C8F1950C; 3775
1DBE650ECB4DB0C; 3775
1DBE65249F30183; 3786
1DBE65261D4E00C; 3786
1DBE6527D7CB522; 3786
1DBE653A0AD0B03; 3784
1DBE653B8331D22; 3784
1DBE653B89924C7; 3784
1DBE653DC5ED036; 3784
1DBE65538F7BF83; 3781
1DBE655504DA836; 3781
1DBE656CC7DC003; 3782
1DBE656EFA86F83; 3782
1DBE65863974783; 3786
1DBE6588590CA03; 3786
1DBE659EFF63A03; 3786
1DBE65A1320E983; 3786
1DBE65B870FC183; 3796
1DBE65BA4DD2683; 3796
1DBE65CE7EBC983; 3791
1DBE65D094CB583; 3791
1DBE65E6AC15403; 3792
1DBE65E8D536D03; 3792
1DBE65FFBE73488; 3797
1DBE66002737203; 3797
1DBE66023D45E03; 3797
1DBE661829A41B6; 3793
1DBE66189751A03; 3793
1DBE661AB6E9C83; 3793
1DBE6630F25984F; 3794
1DBE663166CA303; 3794
1DBE66338FEBC03; 3794
1DBE664A5CF28EF; 3793
1DBE664AD862A83; 3793
1DBE664D0B0DA03; 3793
1DBE6663C7F22AA; 3800
1DBE666449FB203; 3800
1DBE66664CF7103; 3800
1DBE667B3019730; 3796
1DBE667BB897A83; 3796
1DBE667DD82FD03; 3796
1DBE6693F0AA262; 3790
1DBE66947E86D03; 3790
1DBE66968B0C283; 3790
1DBE66ABAEBF501; 3797
1DBE66ABB0E762F; 3797
1DBE66AC42F8003; 3797
1DBE66ADAA59EAF; 3797
1DBE66AE3C6A883; 3797
1DBE66C2C1CA6BF; 3794
1DBE66C35BBFE03; 3794
1DBE66C4E16293F; 3794
1DBE66C57B58083; 3794
1DBE66DBE0F6E1C; 3794
1DBE66DC810D183; 3794
1DBE66DE0A1871C; 3794
1DBE66DEAA2EA83; 3794
1DBE66F54B0DE5E; 3794
1DBE66F5F2A5903; 3794
1DBE66F77DB8DDE; 3794
1DBE66F82550883; 3794
1DBE670F643E083; 3794
1DBE67118D5F983; 3794
1DBE6728D5D6803; 3793
1DBE672B0881783; 3793
1DBE6742476EF83; 3797
1DBE67446707203; 3797
1DBE675B2070F03; 3802
1DBE675D4009183; 3802
1DBE67739A14D83; 3802
1DBE6775B9AD003; 3802
1DBE678D1EC0203; 3802
1DBE678F516B183; 3802
1DBE67A69058983; 3803
1DBE67A8B97A283; 3803
1DBE67C001F1103; 3804
1DBE67C22B12A03; 3804
1DBE67D9A338903; 3809
1DBE67DBB947503; 3809
1DBE67F21353103; 3807
1DBE67F43C74A03; 3807
1DBE680B84EB883; 3806
1DBE680DAE0D183; 3806
1DBE6824F684003; 3816
1DBE6826D35A503; 3816
1DBE683B0444803; 3810
1DBE683CFDB7083; 3810
1DBE68526957A03; 3808
1DBE68549C02983; 3808
1DBE686BF78C503; 3815
1DBE686DF0FED83; 3815
1DBE6883793BA83; 3813
1DBE6885A25D383; 3813
1DBE689CEAD4203; 3807
1DBE689EEDD0103; 3807
1DBE68B4AF45503; 3813
1DBE68B6B241403; 3813
1DBE68CC6A2D183; 3809
1DBE68CD76A6D1D; 3809
1DBE68CE89C5403; 3809
1DBE68E539A5A83; 3806
1DBE68E65B2DA5D; 3806
1DBE68E76C50A03; 3806
1DBE68FEAB3E203; 3809
1DBE68FFBC45412; 3809
1DBE6900D45FB03; 3809
1DBE69181CD6983; 3815
1DBE6918F73CC70; 3815
1DBE691A1649203; 3815
1DBE692ED54E3F0; 3815
1DBE692FF45A983; 3815
1DBE6930FE90D35; 3815
1DBE693101106DF; 3815
1DBE693107F9370; 3815
1DBE69322705903; 3815
1DBE69485091235; 3814
1DBE69485310BDF; 3814
1DBE694859F9870; 3814
1DBE69497905E03; 3814
1DBE694A754AA0A; 3814
1DBE694A79B2B35; 3814
1DBE694A7C324DF; 3814
1DBE694A831B170; 3814
1DBE694BA227703; 3814
1DBE6961E3E728A; 3809
1DBE6961E84F3B5; 3809
1DBE6961EACED5F; 3809
1DBE6961F1B79F0; 3809
1DBE696310C3F83; 3809
1DBE6963E98C6A5; 3809
1DBE6963F06C80A; 3809
1DBE6963F4D4935; 3809
1DBE6963F7542DF; 3809
1DBE6963FE3CF70; 3809
1DBE69651D49503; 3809
1DBE697A4D21925; 3808
1DBE697A5401A8A; 3808
1DBE697A5869BB5; 3808
1DBE697A5AE955F; 3808
1DBE697A61D21F0; 3808
1DBE697B80DE783; 3808
1DBE697C6E96149; 3808
1DBE697C6F588FF; 3808
1DBE697C7643225; 3808
1DBE697C7D2338A; 3808
1DBE697C818B4B5; 3808
1DBE697C840AE5F; 3808
1DBE697C8AF3AF0; 3808
1DBE697DAA00083; 3808
1DBE6993B70CFC9; 3807
1DBE6993B7CF77F; 3807
1DBE6993BEBA0A5; 3807
1DBE6993C59A20A; 3807
1DBE6993CA02335; 3807
1DBE6993CC81CDF; 3807
1DBE6993D36A970; 3807
1DBE6994F276F03; 3807
1DBE6995E02E8C9; 3807
1DBE6995E0F107F; 3807
1DBE6995E7DB9A5; 3807
1DBE6995EEBBB0A; 3807
1DBE6995F323C35; 3807
1DBE6995F5A35DF; 3807
1DBE6995FC8C270; 3807
1DBE69971B98803; 3807
1DBE69AD387732A; 3809
1DBE69AD4541AC9; 3809
1DBE69AD460427F; 3809
1DBE69AD4CEEBA5; 3809
1DBE69AD53CED0A; 3809
1DBE69AD5836E35; 3809
1DBE69AD5AB67DF; 3809
1DBE69AD619F470; 3809
1DBE69AE80ABA03; 3809
1DBE69AF6198C2A; 3809
1DBE69AF6E633C9; 3809
1DBE69AF6F25B7F; 3809
1DBE69AF76104A5; 3809
1DBE69AF7CF060A; 3809
1DBE69AF8158735; 3809
1DBE69B0A9CD303; 3809
1DBE69C6B39912A; 3807
1DBE69C6C0638C9; 3807
1DBE69C6C12607F; 3807
1DBE69C6C8109A5; 3807
1DBE69C6CEF0B0A; 3807
1DBE69C6DCC1270; 3807
1DBE69C7FBCD803; 3807
1DBE69C8DCBAA2A; 3807
1DBE69C8E9851C9; 3807
1DBE69C8EA4797F; 3807
1DBE69C8F1322A5; 3807
1DBE69C8F81240A; 3807
1DBE69CA24EF103; 3807
1DBE69E025318AA; 3815
1DBE69E031FC049; 3815
1DBE69E032BE7FF; 3815
1DBE69E039A9125; 3815
1DBE69E04E599F0; 3815
1DBE69E16D65F83; 3815
1DBE69E20B9142A; 3815
1DBE69E2185BBC9; 3815
1DBE69E2191E37F; 3815
1DBE69E22008CA5; 3815
1DBE69E353C5B03; 3815
1DBE69F6DE9B5AA; 3805
1DBE69F6EB65D49; 3805
1DBE69F6EC284FF; 3805
1DBE69F707C36F0; 3805
1DBE69F826CFC83; 3805
1DBE69F8B1E842A; 3805
1DBE69F8BEB2BC9; 3805
1DBE69F8BF7537F; 3805
1DBE69F9FA1CB03; 3805
1DBE6A0C40B28AA; 3811
1DBE6A0C69DA9F0; 3811
1DBE6A0D88E6F83; 3811
1DBE6A0E3A2512A; 3811
1DBE6A0F8259803; 3811
1DBE6A23CEEDBF0; 3810
1DBE6A24EDFA183; 3810
1DBE6A2720A5103; 3810
1DBE6A3CEB42F8B; 3815
1DBE6A3CECA2E94; 3815
1DBE6A3D4086370; 3815
1DBE6A3E5F92903; 3815
1DBE6A3EF7C850B; 3815
1DBE6A3EF928414; 3815
1DBE6A406C17E83; 3815
1DBE6A55466FF6E; 3815
1DBE6A554C4DCEB; 3815
1DBE6A5551D410B; 3815
1DBE6A555334014; 3815
1DBE6A55A7174F0; 3815
1DBE6A56C623A83; 3815
1DBE6A57791AEEE; 3815
1DBE6A577EF8C6B; 3815
1DBE6A57847F08B; 3815
1DBE6A5785DEF94; 3815
1DBE6A58F8CEA03; 3815
1DBE6A6EC51A820; 3822
1DBE6A6ECB1B3EE; 3822
1DBE6A6ED0F916B; 3822
1DBE6A6ED67F58B; 3822
1DBE6A6ED7DF494; 3822
1DBE6A6F2BC2970; 3822
1DBE6A704ACEF03; 3822
1DBE6A70BE8D0A0; 3822
1DBE6A70C48DC6E; 3822
1DBE6A70CA6B9EB; 3822
1DBE6A70CFF1E0B; 3822
1DBE6A70D151D14; 3822
1DBE6A723DBF145; 3822
1DBE6A862A2DA20; 3817
1DBE6A86302E5EE; 3817
1DBE6A86360C36B; 3817
1DBE6A863B9278B; 3817
1DBE6A863CF2694; 3817
1DBE6A86830540A; 3817
1DBE6A87A4D34C5; 3817
1DBE6A87A95FAC5; 3817
1DBE6A8849C5CA0; 3817
1DBE6A884FC686E; 3817
1DBE6A8855A45EB; 3817
1DBE6A885B2AA0B; 3817
1DBE6A89C23A7AA; 3817
1DBE6A9E4DFCE20; 3822
1DBE6A9E53FD9EE; 3822
1DBE6A9E59DB76B; 3822
1DBE6A9E5F61B8B; 3822
1DBE6A9EA6D480A; 3822
1DBE6A9FC67192A; 3822
1DBE6AA0476F6A0; 3822
1DBE6AA04D7026E; 3822
1DBE6AA0534DFEB; 3822
1DBE6AA058D440B; 3822
1DBE6AA1B9379B5; 3822
1DBE6AB66842BA0; 3814
1DBE6AB66E4376E; 3814
1DBE6AB674214EB; 3814
1DBE6AB679A790B; 3814
1DBE6AB6BA3A425; 3814
1DBE6AB7DA0AEB5; 3814
1DBE6AB84EA2720; 3814
1DBE6AB854A32EE; 3814
1DBE6AB85A8106B; 3814
1DBE6AB8600748B; 3814
1DBE6AB97F298C8; 3814
1DBE6ACD2B35F20; 3816
1DBE6ACD3136AEE; 3816
1DBE6ACD371486B; 3816
1DBE6ACD3C9AC8B; 3816
1DBE6ACE5BBD0C8; 3816
1DBE6ACF5DE0EA0; 3816
1DBE6ACF63E1A6E; 3816
1DBE6ACF69BF7EB; 3816
1DBE6ACF6F45C0B; 3816
1DBE6AD08E68048; 3816
1DBE6AE69CCE6A0; 3925
1DBE6AE6A2CF26E; 3925
1DBE6AE6A8ACFEB; 3925
1DBE6AE6AE3340B; 3925
1DBE6AE7CD55848; 3925
1DBE6AE7E10E3A0; 3928
1DBE6AE7E70EF6E; 3928
1DBE6AE7ECECCEB; 3928
1DBE6AE91195548; 3928
1DBE6AE94B73AA0; 3931
1DBE6AE9517466E; 3931
1DBE6AEA7BFAC48; 3931
1DBE6AEB0BADC20; 3929
1DBE6AEB11AE7EE; 3929
1DBE6AEC16B5220; 3929
1DBE6AEC1CB5DEE; 3929
1DBE6AEC289E588; 3929
1DBE6AED473C3C8; 3929
1DBE6AF7B62BE20; 3934
1DBE6AF7C790B8B; 3934
1DBE6AF8E6B2FC8; 3934
1DBE6AF99302320; 3934
1DBE6AFAC3894C8; 3934
1DBE6B0DD55138B; 3927
1DBE6B0EF4737C8; 3927
1DBE6B10E45C9C8; 3927
1DBE6B24AB5740B; 3925
1DBE6B25CA79848; 3925
1DBE6B27F39B148; 3925
1DBE6B3E1CEFB8B; 3945
1DBE6B3F3C11FC8; 3945
1DBE6B40B000D48; 3945
1DBE6B4F19B0F8B; 3942
1DBE6B5038D33C8; 3942
1DBE6B5261F4CC8; 3942
1DBE6B67DFA020B; 3939
1DBE6B68FEC2648; 3939
1DBE6B6B27E3F48; 3939
1DBE6B81513898B; 3944
1DBE6B82705ADC8; 3944
1DBE6B84A305D48; 3944
1DBE6B99D465E8B; 3945
1DBE6B9AF3882C8; 3945
1DBE6B9D02890E1; 3945
1DBE6BB33A9A46E; 3955
1DBE6BB45E12C61; 3955
1DBE6BB647DCD02; 3955
1DBE6BC94BE3720; 3953
1DBE6BCA6F3D982; 3953
1DBE6BCAF587D84; 3953
1DBE6BCC91F5988; 3953
1DBE6BE24788284; 3976
1DBE6BE39EDAC84; 3976
1DBE6BE3A4385A8; 3976
1DBE6BE3E3F5E88; 3976
1DBE6BE5365EDB6; 3976
1DBE6BF1ECF6C84; 3979
1DBE6BF1F2545A8; 3979
1DBE6BF3847ADB6; 3979
1DBE6BF40190494; 3979
1DBE6BF40305884; 3979
1DBE6BF408631A8; 3979
1DBE6BF593C674F; 3979
1DBE6C0A5B9C094; 3978
1DBE6C0A5D11484; 3978
1DBE6C0A626EDA8; 3978
1DBE6C0BEDD234F; 3978
1DBE6C0C9282FD7; 3978
1DBE6C0C9ABC738; 3978
1DBE6C0CA159D14; 3978
1DBE6C0CA2CF104; 3978
1DBE6C0CA82CA28; 3978
1DBE6C0E2C908EF; 3978
1DBE6C23D1707D7; 3975
1DBE6C23D9A9F38; 3975
1DBE6C23E047514; 3975
1DBE6C23E1BC904; 3975
1DBE6C23E71A228; 3975
1DBE6C256B7E0EF; 3975
1DBE6C25E3EF984; 3975
1DBE6C25E77F3D7; 3975
1DBE6C25EFB8B38; 3975
1DBE6C25F656114; 3975
1DBE6C25F7CB504; 3975
1DBE6C25FD28E28; 3975
1DBE6C277AF3F2A; 3975
1DBE6C3CFCB7784; 3984
1DBE6C3D00471D7; 3984
1DBE6C3D0880938; 3984
1DBE6C3D0F1DF14; 3984
1DBE6C3D1093304; 3984
1DBE6C3D15F0C28; 3984
1DBE6C3E93BBD2A; 3984
1DBE6C3EF91C9F0; 3984
1DBE6C3EFFB3684; 3984
1DBE6C3F03430D7; 3984
1DBE6C3F0B7C838; 3984
1DBE6C3F1219E14; 3984
1DBE6C3F138F204; 3984
1DBE6C3F18ECB28; 3984
1DBE6C409042830; 3984
1DBE6C536CC8A70; 3975
1DBE6C53735F704; 3975
1DBE6C5376EF157; 3975
1DBE6C537F288B8; 3975
1DBE6C5385C5E94; 3975
1DBE6C53873B284; 3975
1DBE6C538C98BA8; 3975
1DBE6C5503EE8B0; 3975
1DBE6C552F3DAA0; 3975
1DBE6C55368C270; 3975
1DBE6C553D22F04; 3975
1DBE6C5540B2957; 3975
1DBE6C5548EC0B8; 3975
1DBE6C554F89694; 3975
1DBE6C5550FEA84; 3975
1DBE6C55565C3A8; 3975
1DBE6C56C853962; 3975
1DBE6C691D66020; 3985
1DBE6C6924B47F0; 3985
1DBE6C692B4B484; 3985
1DBE6C692EDAED7; 3985
1DBE6C693714638; 3985
1DBE6C693DB1C14; 3985
1DBE6C693F27004; 3985
1DBE6C694484928; 3985
1DBE6C6AB67BEE2; 3985
1DBE6C6AE729820; 3985
1DBE6C6AEE77FF0; 3985
1DBE6C6AF50EC84; 3985
1DBE6C6AF89E6D7; 3985
1DBE6C6B00D7E38; 3985
1DBE6C6B0775414; 3985
1DBE6C6C79E3681; 3985
1DBE6C7E29A88A0; 3975
1DBE6C7E30F7070; 3975
1DBE6C7E378DD04; 3975
1DBE6C7E3B1D757; 3975
1DBE6C7E4356EB8; 3975
1DBE6C7E4B69884; 3975
1DBE6C7FBC62701; 3975
1DBE6C7FBE8A82F; 3975
1DBE6C7FFCF5720; 3975
1DBE6C800443EF0; 3975
1DBE6C800ADAB84; 3975
1DBE6C800E6A5D7; 3975
1DBE6C8016A3D38; 3975
1DBE6C8189F293F; 3975
1DBE6C9335EB120; 3971
1DBE6C933D398F0; 3971
1DBE6C9343D0584; 3971
1DBE6C93475FFD7; 3971
1DBE6C934F99738; 3971
1DBE6C9357AC104; 3971
1DBE6C94C2E833F; 3971
1DBE6C9555833A0; 3971
1DBE6C955CD1B70; 3971
1DBE6C956368804; 3971
1DBE6C9566F8257; 3971
1DBE6C956F319B8; 3971
1DBE6C96DC5F99C; 3971
1DBE6CABA605920; 3971
1DBE6CABAD540F0; 3971
1DBE6CABB3EAD84; 3971
1DBE6CABB77A7D7; 3971
1DBE6CABBFB3F38; 3971
1DBE6CABC7C6904; 3971
1DBE6CAD2CE1F1C; 3971
1DBE6CADD8B08A0; 3971
1DBE6CADDFFF070; 3971
1DBE6CADE695D04; 3971
1DBE6CADEA25757; 3971
1DBE6CADF25EEB8; 3971
1DBE6CAF580B75E; 3971
1DBE6CC52127720; 3971
1DBE6CC52875EF0; 3971
1DBE6CC52F0CB84; 3971
1DBE6CC5329C5D7; 3971
1DBE6CC53AD5D38; 3971
1DBE6CC542E8704; 3971
1DBE6CC6A0825DE; 3971
1DBE6CC75D5BD20; 3971
1DBE6CC764AA4F0; 3971
1DBE6CC76B41184; 3971
1DBE6CC76ED0BD7; 3971
1DBE6CC89754691; 3971
1DBE6CDE9C49520; 3968
1DBE6CDEA397CF0; 3968
1DBE6CDEAA2E984; 3968
1DBE6CDEADBE3D7; 3968
1DBE6CDEB5F7B38; 3968
1DBE6CDFD641E91; 3968
1DBE6CE0C56AE20; 3968
1DBE6CE0CCB95F0; 3968
1DBE6CE0D350284; 3968
1DBE6CE1FF63791; 3968
1DBE6CF7FACEFA0; 3974
1DBE6CF8021D770; 3974
1DBE6CF808B4404; 3974
1DBE6CF8147D5B8; 3974
1DBE6CF934C7911; 3974
1DBE6CFA0754520; 3974
1DBE6CFA0EA2CF0; 3974
1DBE6CFB414CE91; 3974
1DBE6D0FBF402A0; 3978
1DBE6D0FD8EE8B8; 3978
1DBE6D10F938C11; 3978
1DBE6D11F1EB220; 3978
1DBE6D132BE3B91; 3978
1DBE6D2935F79EE; 4018
1DBE6D2A57BE691; 4018
1DBE6D301D7E694; 4028
1DBE6D316230311; 4028
1DBE6D386A71F38; 4046
1DBE6D398ABC291; 4046
1DBE6D3BA0CAE91; 4046
1DBE6D3DDCFF491; 4046
1DBE6D540EB5638; 4045
1DBE6D552EFF991; 4045
1DBE6D5761AA911; 4045
1DBE6D6D89D7438; 4047
1DBE6D6EAA21791; 4047
1DBE6D70DCCC711; 4047
1DBE6D8704F9238; 4057
1DBE6D882543591; 4057
1DBE6D8A0BA3111; 4057
1DBE6D9DB697994; 4094
1DBE6D9EDEAD291; 4094
1DBE6DA35E6F4B8; 4094
1DBE6DA47EB9811; 4094
1DBE6DA68DCF381; 4094
1DBE6DBCD157B57; 4099
1DBE6DBDF2E2581; 4099
1DBE6DC002A8AEC; 4099
1DBE6DD53DE2904; 4102
1DBE6DD65CB46EC; 4102
1DBE6DD785E00B8; 4102
1DBE6DD8A5652B9; 4102
1DBE6DEEBC94157; 4107
1DBE6DEFDDFF956; 4107
1DBE6DEFE452AB9; 4107
1DBE6DF1D901F1A; 4107
1DBE6E08330DB1A; 4110
1DBE6E0A65B8A9A; 4110
1DBE6E21AE2F91A; 4107
1DBE6E23E0DA89A; 4107
1DBE6E3B295171A; 4109
1DBE6E3D527301A; 4109
1DBE6E54B78621A; 4115
1DBE6E56E0A7B1A; 4115
1DBE6E6C8B0A41D; 4113
1DBE6E6C8F0A21A; 4113
1DBE6E6EAC9DDDD; 4113
1DBE6E85FE9E2DD; 4114
1DBE6E8833DB192; 4114
1DBE6E9F7C52012; 4116
1DBE6EA18B6ED70; 4116
1DBE6EB8E6F88F0; 4116
1DBE6EBB12BABDF; 4116
1DBE6ED24F28A35; 4116
1DBE6ED251A83DF; 4116
1DBE6ED47D6B88A; 4116
1DBE6EEBBC5908A; 4115
1DBE6EEDDE9A825; 4115
1DBE6F0527116A5; 4114
1DBE6F0765E49FF; 4114
1DBE6F1EA40FA49; 4118
1DBE6F1EA4D21FF; 4118
1DBE6F22CCEC12A; 4118
1DBE6F398655E2A; 4118
1DBE6F50BBB9FAA; 4120
1DBE6F52CD33214; 4120
1DBE6F6A3BCFA94; 4121
1DBE6F6C51DE694; 4121
1DBE6F83AD68214; 4126
1DBE6F85CD00494; 4126
1DBE6F9C1D82A14; 4129
1DBE6F9E3D1AC94; 4129
1DBE6FB53946714; 4121
1DBE6FB71FA6294; 4121
1DBE6FCBF2B0414; 4127
1DBE6FCDEC22C94; 4127
1DBE6FE3566370B; 4127
1DBE6FE357C3614; 4127
1DBE6FE5838826B; 4127
1DBE6FFCBC97CEE; 4127
1DBE6FFCC275A6B; 4127
1DBE6FFEDFB8A20; 4127
1DBE7016282F8A0; 4125
1DBE7017DB5D584; 4125
1DBE702F23D4404; 4130
1DBE703126D0304; 4130
1DBE70478A65584; 4128
1DBE7049BD10504; 4128
1DBE7060FBFDD04; 4128
1DBE7063251F604; 4128
1DBE707A6D96484; 4129
1DBE707C96B7D84; 4129
1DBE7093DF2EC04; 4132
1DBE70960850504; 4132
1DBE70AD50C7384; 4144
1DBE70AF1A8AB84; 4144
1DBE70C25D09C04; 4145
1DBE70C4862B504; 4145
1DBE70DBD82BA04; 4143
1DBE70DDF7C3C84; 4143
1DBE70F51111DF8; 4168
1DBE70F5534D804; 4168
1DBE70F6A116B84; 4168
1DBE71028D5EEF8; 4171
1DBE71041D63C84; 4171
1DBE710474865FA; 4171
1DBE71047FF1672; 4171
1DBE710486D1778; 4171
1DBE710616D6504; 4171
1DBE711A9559AFA; 4171
1DBE711AA0C4B72; 4171
1DBE711AA7A4C78; 4171
1DBE711C37A9A04; 4171
1DBE711CBE7B3FA; 4171
1DBE711CC2CC194; 4171
1DBE711CC9E6472; 4171
1DBE711CD0C6578; 4171
1DBE711E60CB304; 4171
1DBE713406F227A; 4172
1DBE71340B43014; 4172
1DBE7134125D2F2; 4172
1DBE7134193D3F8; 4172
1DBE7135A942184; 4172
1DBE71362405C0B; 4172
1DBE7136268A4FA; 4172
1DBE71362ADB294; 4172
1DBE713631F5572; 4172
1DBE713638D5678; 4172
1DBE7137C8DA404; 4172
1DBE714D8918E0B; 4172
1DBE714D8B9D6FA; 4172
1DBE714D8FEE494; 4172
1DBE714D9708772; 4172
1DBE714D9DE8878; 4172
1DBE714F2DED604; 4172
1DBE714FBE9F309; 4172
1DBE714FC54D40B; 4172
1DBE714FC7D1CFA; 4172
1DBE714FCC22A94; 4172
1DBE714FD33CD72; 4172
1DBE714FDA1CE78; 4172
1DBE71516A21C04; 4172
1DBE7166FD8CB09; 4172
1DBE7167043AC0B; 4172
1DBE716706BF4FA; 4172
1DBE71670B10294; 4172
1DBE7167122A572; 4172
1DBE7167190A678; 4172
1DBE7168A90F404; 4172
1DBE71690C8B18F; 4172
1DBE7169139B709; 4172
1DBE71691A4980B; 4172
1DBE71691CCE0FA; 4172
1DBE7169211EE94; 4172
1DBE71692839172; 4172
1DBE716ABF1E004; 4172
1DBE71805E8B68F; 4175
1DBE7180659BC09; 4175
1DBE71806C49D0B; 4175
1DBE71806ECE5FA; 4175
1DBE7180731F394; 4175
1DBE71808119778; 4175
1DBE7182111E504; 4175
1DBE71827E2390F; 4175
1DBE71828533E89; 4175
1DBE71828BE1F8B; 4175
1DBE718292B7614; 4175
1DBE718430B6784; 4175
1DBE7199C69A78F; 4173
1DBE7199CDAAD09; 4173
1DBE7199D458E0B; 4173
1DBE7199E928878; 4173
1DBE719B792D604; 4173
1DBE719BF94570F; 4173
1DBE719C0055C89; 4173
1DBE719C0703D8B; 4173
1DBE719DABD8584; 4173
1DBE71B33832F0F; 4186
1DBE71B33F43489; 4186
1DBE71B35AC0FF8; 4186
1DBE71B4EAC5D84; 4186
1DBE71B4F86D08F; 4186
1DBE71B6B05D828; 4186
1DBE71C7C4E39F8; 4182
1DBE71C95A460A8; 4182
1DBE71CB6981F94; 4182
1DBE71E03E87878; 4188
1DBE71E1CD17214; 4188
1DBE71E3B662E38; 4188
1DBE71F7F96F4F8; 4185
1DBE71F97928157; 4185
1DBE71F981618B8; 4185
1DBE71FB9530984; 4185
1DBE721115331F8; 4187
1DBE7212915C404; 4187
1DBE7214B3E7070; 4187
1DBE722A7D422F8; 4191
1DBE722BF2D4870; 4191
1DBE722E0194CA0; 4191
1DBE724339A7EF8; 4193
1DBE7244A7EBCA0; 4193
1DBE725CA1B6FF8; 4196
1DBE725ECAD88F8; 4196
1DBE727609C60F8; 4197
1DBE7278295E378; 4197
1DBE728F0550E9F; 4194
1DBE728F0B31F85; 4194
1DBE728F71D51F8; 4194
1DBE729137FBE1F; 4194
1DBE7291A480178; 4194
1DBE72A87846344; 4193
1DBE72A8E36D978; 4193
1DBE72AA97DE5C4; 4193
1DBE72AB0305BF8; 4193
1DBE72C1E2C2F22; 4197
1DBE72C255060F8; 4197
1DBE72C4025B1A2; 4197
1DBE72C4749E378; 4197
1DBE72DA98AB8E8; 4195
1DBE72DB116BCF8; 4195
1DBE72DCB843B68; 4195
1DBE72DD3103F78; 4195
1DBE72F3F792550; 4193
1DBE72F3FA05A2C; 4193
1DBE72F4797ADF8; 4193
1DBE72F620B3E50; 4193
1DBE72F6232732C; 4193
1DBE72F6A29C6F8; 4193
1DBE730D5B0CCD3; 4195
1DBE730D5FA1650; 4195
1DBE730DE189EF8; 4195
1DBE730F842E5D3; 4195
1DBE73100AAB7F8; 4195
1DBE7326BC14934; 4195
1DBE7326C31BDD3; 4195
1DBE73274998FF8; 4195
1DBE7328DBACBB4; 4195
1DBE73296931278; 4195
1DBE73401D1C43A; 4196
1DBE73402423A34; 4196
1DBE7340B1A80F8; 4196
1DBE7342463DD3A; 4196
1DBE7342DAC99F8; 4196
1DBE73597EB745E; 4192
1DBE7359852B53A; 4192
1DBE735A19B71F8; 4192
1DBE735B9E4F6DE; 4192
1DBE735C394F478; 4192
1DBE73723491ED1; 4195
1DBE73723B1D05E; 4195
1DBE7372D61CDF8; 4195
1DBE7374542A151; 4195
1DBE7374F5B5078; 4195
1DBE738B9CA0FD1; 4197
1DBE738C3E2BEF8; 4197
1DBE738E674D7F8; 4197
1DBE73A5B94DCF8; 4195
1DBE73A7E26F5F8; 4195
1DBE73BF215CDF8; 4196
1DBE73C140F5078; 4196
1DBE73D8896BEF8; 4200
1DBE73DAA904178; 4200
1DBE73F145D1AF8; 4201
1DBE73F36EF33F8; 4201
1DBE740AADE0BF8; 4197
1DBE740CC3EF7F8; 4197
1DBE74236A467F8; 4199
1DBE742593680F8; 4199
1DBE743CD2558F8; 4200
1DBE743EF1EDB78; 4200
1DBE74555E6C08F; 4202
1DBE74563A649F8; 4202
1DBE74577E0430F; 4202
1DBE745859FCC78; 4202
1DBE746EC3264D7; 4203
1DBE746EC67B18F; 4203
1DBE746FA273AF8; 4203
1DBE7470EC47DD7; 4203
1DBE7471CB953F8; 4203
1DBE74882422A34; 4201
1DBE74890A82BF8; 4201
1DBE748A43BACB4; 4201
1DBE748B2A1AE78; 4201
1DBE74A186752E7; 4203
1DBE74A27291CF8; 4203
1DBE74A3A60D567; 4203
1DBE74A49229F78; 4203
1DBE74BAE843E43; 4199
1DBE74BBDAA0DF8; 4199
1DBE74BCFE52A43; 4199
1DBE74BDF0AF9F8; 4199
1DBE74D39DE4E5F; 4201
1DBE74D497069F8; 4201
1DBE74D5BD7D0DF; 4201
1DBE74D6B69EC78; 4201
1DBE74ECFEE0CD0; 4199
1DBE74EDFF15AF8; 4199
1DBE74EF1E78F50; 4199
1DBE74F01EADD78; 4199
1DBE75065ED0997; 4195
1DBE75065FEABE6; 4195
1DBE75076724BF8; 4195
1DBE75087E68C17; 4195
1DBE75087F82E66; 4195
1DBE750986BCE78; 4195
1DBE751F1549A83; 4201
1DBE751F1B36597; 4201
1DBE7520238A7F8; 4201
1DBE75211845983; 4201
1DBE752226866F8; 4201
1DBE7536D031703; 4198
1DBE7537DE72478; 4198
1DBE7539EAF79F8; 4198
1DBE7550FA36178; 4201
1DBE75532357A78; 4201
1DBE756A6245278; 4203
1DBE756C81DD4F8; 4203
1DBE7583CA54378; 4203
1DBE7585E9EC5F8; 4203
1DBE759D3263478; 4201
1DBE759F6E97A78; 4201
1DBE75B6B70E8F8; 4203
1DBE75B8BA0A7F8; 4203
1DBE75CEDA90050; 4202
1DBE75D01F1D9F8; 4202
1DBE75D0FA282D0; 4202
1DBE75D23EB5C78; 4202
1DBE75E8382F0BA; 4203
1DBE75E83A345E8; 4203
1DBE75E83BB4C52; 4203
1DBE75E8429F150; 4203
1DBE75E9872CAF8; 4203
1DBE75EA61509BA; 4203
1DBE75EA6355EE8; 4203
1DBE75EA64D6552; 4203
1DBE75EA6BC0A50; 4203
1DBE75EBB04E3F8; 4203
1DBE7601A03E1BA; 4201
1DBE7601A1C90BA; 4201
1DBE7601A2436E8; 4201
1DBE7601A3C3D52; 4201
1DBE7601AAAE250; 4201
1DBE7602EF3BBF8; 4201
1DBE7603BFD643A; 4201
1DBE7603C16133A; 4201
1DBE7603C1DB968; 4201
1DBE7603C35BFD2; 4201
1DBE7603CA464D0; 4201
1DBE76050ED3E78; 4201
1DBE761B0344A39; 4202
1DBE761B084D2BA; 4202
1DBE761B09D81BA; 4202
1DBE761B0A527E8; 4202
1DBE761B0BD2E52; 4202
1DBE761B12BD350; 4202
1DBE761C574ACF8; 4202
1DBE761D22DCCB9; 4202
1DBE761D27E553A; 4202
1DBE761D297043A; 4202
1DBE761D29EAA68; 4202
1DBE761D2B6B0D2; 4202
1DBE761D32555D0; 4202
1DBE761E76E2F78; 4202
1DBE76346443A8F; 4201
1DBE76346B53B39; 4201
1DBE7634705C3BA; 4201
1DBE763471E72BA; 4201
1DBE763472618E8; 4201
1DBE763473E1F52; 4201
1DBE76347ACC450; 4201
1DBE7635BF59DF8; 4201
1DBE763683DBD0F; 4201
1DBE76368AEBDB9; 4201
1DBE76368FF463A; 4201
1DBE7636917F53A; 4201
1DBE763691F9B68; 4201
1DBE7636937A1D2; 4201
1DBE76369A646D0; 4201
1DBE7637DEF2078; 4201
1DBE764DCC52B8F; 4201
1DBE764DD362C39; 4201
1DBE764DD86B4BA; 4201
1DBE764DD9F63BA; 4201
1DBE764DDA709E8; 4201
1DBE764DDBF1052; 4201
1DBE764DE2DB550; 4201
1DBE764F2768EF8; 4201
1DBE764FEBEAE0F; 4201
1DBE764FF2FAEB9; 4201
1DBE764FF80373A; 4201
1DBE764FF98E63A; 4201
1DBE764FFA08C68; 4201
1DBE764FFB892D2; 4201
1DBE765002737D0; 4201
1DBE76514701178; 4201
1DBE76673461C8F; 4208
1DBE76673B71D39; 4208
1DBE7667407A5BA; 4208
1DBE766742054BA; 4208
1DBE7667427FAE8; 4208
1DBE76674400152; 4208
1DBE76674AEA650; 4208
1DBE76688F77FF8; 4208
1DBE7669375DB8F; 4208
1DBE76693E6DC39; 4208
1DBE766943764BA; 4208
1DBE766945013BA; 4208
1DBE7669457B9E8; 4208
1DBE766946FC052; 4208
1DBE76694DE6550; 4208
1DBE766A9273EF8; 4208
1DBE767E9974E8F; 4207
1DBE767EA084F39; 4207
1DBE767EA58D7BA; 4207
1DBE767EA7186BA; 4207
1DBE767EA792CE8; 4207
1DBE767EA913352; 4207
1DBE767EAFFD850; 4207
1DBE767FF48B1F8; 4207
1DBE7680AF83A8F; 4207
1DBE7680B693B39; 4207
1DBE7680BB9C3BA; 4207
1DBE7680BD272BA; 4207
1DBE7680BDA18E8; 4207
1DBE7680BF21F52; 4207
1DBE7680C60C450; 4207
1DBE76820A99DF8; 4207
1DBE7697E017D27; 4203
1DBE76980B0D60F; 4203
1DBE7698121D6B9; 4203
1DBE76981725F3A; 4203
1DBE769818B0E3A; 4203
1DBE7698192B468; 4203
1DBE76981AABAD2; 4203
1DBE76982195FD0; 4203
1DBE76996623978; 4203
1DBE7699FFAFFA7; 4203
1DBE769A2AA588F; 4203
1DBE769A31B5939; 4203
1DBE769A36BE1BA; 4203
1DBE769A38490BA; 4203
1DBE769A38C36E8; 4203
1DBE769B85BBBF8; 4203
1DBE76B09C7D927; 4203
1DBE76B0A559440; 4203
1DBE76B0C77320F; 4203
1DBE76B0CE832B9; 4203
1DBE76B0D516A3A; 4203
1DBE76B0DDFBBD0; 4203
1DBE76B22289578; 4203
1DBE76B2BC15BA7; 4203
1DBE76B2C4F16C0; 4203
1DBE76B2E70B48F; 4203
1DBE76B2EE1B539; 4203
1DBE76B2F4AECBA; 4203
1DBE76B442217F8; 4203
1DBE76CA048CA27; 4203
1DBE76CA069E4BA; 4203
1DBE76CA0D68540; 4203
1DBE76CA2F8230F; 4203
1DBE76CA36923B9; 4203
1DBE76CA460ACD0; 4203
1DBE76CB8A98678; 4203
1DBE76CC2DAE327; 4203
1DBE76CC2FBFDBA; 4203
1DBE76CC3689E40; 4203
1DBE76CC58A3C0F; 4203
1DBE76CDB3B9F78; 4203
1DBE76E36C9BB27; 4203
1DBE76E36EAD5BA; 4203
1DBE76E37577640; 4203
1DBE76E3AE19DD0; 4203
1DBE76E4F2A7778; 4203
1DBE76E58C33DA7; 4203
1DBE76E58E4583A; 4203
1DBE76E5950F8C0; 4203
1DBE76E7123F9F8; 4203
1DBE76FCD4AAC27; 4211
1DBE76FCD6BC6BA; 4211
1DBE76FCDD86740; 4211
1DBE76FD1628ED0; 4211
1DBE76FE5AB6878; 4211
1DBE76FEE1301A7; 4211
1DBE76FEE341C3A; 4211
1DBE76FEEA0BCC0; 4211
1DBE7700673BDF8; 4211
1DBE7713F6FC0A7; 4201
1DBE7713F90DB3A; 4201
1DBE7713FFD7BC0; 4201
1DBE7714387A350; 4201
1DBE77157D07CF8; 4201
1DBE7715ADACBA7; 4201
1DBE7715AFBE63A; 4201
1DBE7715B6886C0; 4201
1DBE771733B87F8; 4201
1DBE772959133A7; 4205
1DBE77295B24E3A; 4205
1DBE772961EEEC0; 4205
1DBE77299A91650; 4205
1DBE772ADF1EFF8; 4205
1DBE772B78AB627; 4205
1DBE772B7ABD0BA; 4205
1DBE772B8187140; 4205
1DBE772CF7D7172; 4205
1DBE7741D2B7227; 4204
1DBE7741D4C8CBA; 4204
1DBE7741DB92D40; 4204
1DBE774214354D0; 4204
1DBE77434677CFA; 4204
1DBE774351E2D72; 4204
1DBE7743F24F4A7; 4204
1DBE7743F460F3A; 4204
1DBE7743FB2AFC0; 4204
1DBE77456A60D14; 4204
1DBE775B466143A; 4199
1DBE775B4D2B4C0; 4199
1DBE775B85CDC50; 4199
1DBE775CBC61214; 4199
1DBE775D5C7003A; 4199
1DBE775D633A0C0; 4199
1DBE775ECB9A78B; 4199
1DBE7773B67BC3A; 4194
1DBE7773F5E8450; 4194
1DBE777525A638B; 4194
1DBE77773506E89; 4194
1DBE778C19B7850; 4192
1DBE778D42C7689; 4192
1DBE778F5B4F38F; 4192
1DBE77A58B4FFD0; 4191
1DBE77A6AD4F88F; 4191
1DBE77A8925C005; 4191
1DBE77BEBB6A4A7; 4192
1DBE77BFDAD2E85; 4192
1DBE77C20D7DE05; 4192
1DBE77D82D02C27; 4194
1DBE77D94C6B605; 4194
1DBE77DB758CF05; 4194
1DBE77F19E9B3A7; 4189
1DBE77F2BE03D85; 4189
1DBE77F4D412985; 4189
1DBE780A0EB5BA7; 4199
1DBE780B2E1E585; 4199
1DBE780D0AF4A85; 4199
1DBE781FC6A1927; 4210
1DBE7820E60A305; 4210
1DBE7822A644485; 4210
1DBE78347D0F727; 4210
1DBE78359C78105; 4210
1DBE7837CF23085; 4210
1DBE784E0B44227; 4224
1DBE784F2AACC05; 4224
1DBE7850E15D705; 4224
1DBE78621608B27; 4290
1DBE78633571505; 4290
1DBE78649FD6C05; 4286
1DBE78660A3C305; 4289
1DBE786774A1A05; 4295
1DBE7868DF07105; 4298
1DBE786A9F41285; 4297
1DBE786C4C68705; 4297
1DBE787E4E5001F; 4299
1DBE787E5431105; 4299
1DBE78808257CC4; 4299
1DBE7897C1454C4; 4298
1DBE7899E34B222; 4298
1DBE78B12BC20A2; 4305
1DBE78B32840D68; 4305
1DBE78C893E16E8; 4300
1DBE78CA99B1CAC; 4300
1DBE78E0A4FEFD0; 4300
1DBE78E0A7724AC; 4300
1DBE78E2D3155D3; 4300
1DBE78FA1202DD3; 4302
1DBE78FC341D234; 4302
1DBE79137C940B4; 4299
1DBE7915A837A3A; 4299
1DBE792CE72523A; 4306
1DBE792EE3AD05E; 4306
1DBE79444F4D9DE; 4300
1DBE79465547DD1; 4300
1DBE795C0D33B51; 4305
1DBE795DDF4B68F; 4305
1DBE7973F69550F; 4307
1DBE79761FB6E0F; 4307
1DBE798D682DC8F; 4302
1DBE798F87C5F0F; 4302
1DBE79A5D84848F; 4310
1DBE79A7BEA800F; 4310
1DBE79BC91B218F; 4316
1DBE79BE94AE08F; 4316
1DBE79D3F6C538F; 4315
1DBE79D61FE6C8F; 4315
1DBE79ED685DB0F; 4314
1DBE79EF9B08A8F; 4314
1DBE7A06D9F628F; 4315
1DBE7A090317B8F; 4315
1DBE7A204B8EA0F; 4323
1DBE7A224E8A90F; 4323
1DBE7A376DDFE8F; 4351
1DBE7A43564D1D7; 4350
1DBE7A458B6EC34; 4350
1DBE7A5CD3E5AB4; 4363
1DBE7A5E84D9D67; 4363
1DBE7A7154E7FE7; 4356
1DBE7A732B7DF43; 4356
1DBE7A87B23CCC3; 4360
1DBE7A89CB1035F; 4360
1DBE7AA02EA55DF; 4360
1DBE7AA250B3C50; 4360
1DBE7AB9992AAD0; 4359
1DBE7ABBBB471E6; 4359
1DBE7AD302A3E17; 4362
1DBE7AD303BE066; 4362
1DBE7AD525D8C03; 4362
1DBE7AEC6E4FA83; 4358
1DBE7AEE6124750; 4358
1DBE7B04FDF20D0; 4369
1DBE7B06D13EF50; 4369
1DBE7B1A60093D0; 4370
1DBE7B1C892ACD0; 4370
1DBE7B340150BD0; 4368
1DBE7B368046F50; 4368
1DBE7B4DBF34750; 4363
1DBE7B4F88F7F50; 4363
1DBE7B66C7E5750; 4370
1DBE7B68CAE1650; 4370
1DBE7B7E2CF8950; 4369
1DBE7B805FA38D0; 4369
1DBE7B979E910D0; 4373
1DBE7B99B73EE52; 4373
1DBE7BB05A102BA; 4371
1DBE7BB05C157E8; 4371
1DBE7BB05D95E52; 4371
1DBE7BB27B3343A; 4371
1DBE7BC9C3AA2BA; 4365
1DBE7BCBC012A39; 4365
1DBE7BE177FE7B9; 4366
1DBE7BE3A39968F; 4366
1DBE7BFAE286E8F; 4368
1DBE7BFCE0B2EA7; 4368
1DBE7C142929D27; 4371
1DBE7C16524B627; 4371
1DBE7C2D9AC24A7; 4371
1DBE7C2FC3E3DA7; 4371
1DBE7C470C5AC27; 4373
1DBE7C49488F227; 4373
1DBE7C60877CA27; 4374
1DBE7C62B979E40; 4374
1DBE7C7A01F0CC0; 4368
1DBE7C7C07AC1BA; 4368
1DBE7C91F8D063A; 4370
1DBE7D692AE6D5B; 4389
1DBE7D7ED94945B; 4396
1DBE7D80598FF1E; 4396
1DBE7D93EF1535B; 4396
1DBE7D956F5BE1E; 4396
1DBE7D9620C5F5B; 4396
1DBE7D96269ABB5; 4396
1DBE7D962C6C334; 4396
1DBE7D9633DA9E2; 4396
1DBE7D963AEE437; 4396
1DBE7D9640EA5DE; 4396
1DBE7D96472A0C2; 4396
1DBE7D97880BC18; 4396
1DBE7D978F7BEAA; 4396
1DBE7D9795E236C; 4396
1DBE7DAB378C1DB; 4392
1DBE7DACB7D2C9E; 4392
1DBE7DAD693CDDB; 4392
1DBE7DAD6F11A35; 4392
1DBE7DAD74E31B4; 4392
1DBE7DAD7C51862; 4392
1DBE7DAD83652B7; 4392
1DBE7DAD896145E; 4392
1DBE7DAD8FA0F42; 4392
1DBE7DAED082A98; 4392
1DBE7DAED7F2D2A; 4392
1DBE7DAEDE591EC; 4392
1DBE7DC1DDE31DB; 4399
1DBE7DC35E29C9E; 4399
1DBE7DC40F93DDB; 4399
1DBE7DC41568A35; 4399
1DBE7DC41B3A1B4; 4399
1DBE7DC422A8862; 4399
1DBE7DC429BC2B7; 4399
1DBE7DC42FB845E; 4399
1DBE7DC435F7F42; 4399
1DBE7DC576D9A98; 4399
1DBE7DC57E49D2A; 4399
1DBE7DC584B01EC; 4399
1DBE7DD706C1DDB; 4401
1DBE7DD8870889E; 4401
1DBE7DD938729DB; 4401
1DBE7DD93E47635; 4401
1DBE7DD94418DB4; 4401
1DBE7DD94B87462; 4401
1DBE7DD9529AEB7; 4401
1DBE7DD9589705E; 4401
1DBE7DD95ED6B42; 4401
1DBE7DDA9FB8698; 4401
1DBE7DDAA72892A; 4401
1DBE7DDAAD8EDEC; 4401
1DBE7DEE45AF5DB; 4403
1DBE7DEFC5F609E; 4403
1DBE7DF077601DB; 4403
1DBE7DF07D34E35; 4403
1DBE7DF083065B4; 4403
1DBE7DF08A74C62; 4403
1DBE7DF091886B7; 4403
1DBE7DF0978485E; 4403
1DBE7DF09DC4342; 4403
1DBE7DF1DEA5E98; 4403
1DBE7DF1E61612A; 4403
1DBE7DF1EC7C5EC; 4403
1DBE7E0597AFADB; 4394
1DBE7E0717F659E; 4394
1DBE7E07C9606DB; 4394
1DBE7E07CF35335; 4394
1DBE7E07D506AB4; 4394
1DBE7E07DC75162; 4394
1DBE7E07E388BB7; 4394
1DBE7E07E984D5E; 4394
1DBE7E07EFC4842; 4394
1DBE7E0930A6398; 4394
1DBE7E09381662A; 4394
1DBE7E093E7CAEC; 4394
1DBE7E1CD69D2DB; 4405
1DBE7E1E56E3D9E; 4405
1DBE7E1F084DEDB; 4405
1DBE7E1F0E22B35; 4405
1DBE7E1F13F42B4; 4405
1DBE7E1F1B62962; 4405
1DBE7E1F22763B7; 4405
1DBE7E1F287255E; 4405
1DBE7E1F2EB2042; 4405
1DBE7E206F93B98; 4405
1DBE7E207703E2A; 4405
1DBE7E207D6A2EC; 4405
1DBE7E340C0145B; 4405
1DBE7E358C47F1E; 4405
1DBE7E363DB205B; 4405
1DBE7E364386CB5; 4405
1DBE7E364958434; 4405
1DBE7E3650C6AE2; 4405
1DBE7E3657DA537; 4405
1DBE7E365DD66DE; 4405
1DBE7E3664161C2; 4405
1DBE7E37A4F7D18; 4405
1DBE7E37AC67FAA; 4405
1DBE7E37B2CE46C; 4405
1DBE7E4B41655DB; 4398
1DBE7E4CC1AC09E; 4398
1DBE7E4D73161DB; 4398
1DBE7E4D78EAE35; 4398
1DBE7E4D7EBC5B4; 4398
1DBE7E4D862AC62; 4398
1DBE7E4D8D3E6B7; 4398
1DBE7E4D933A85E; 4398
1DBE7E4D997A342; 4398
1DBE7E4EDA5BE98; 4398
1DBE7E4EE1CC12A; 4398
1DBE7E4EE8325EC; 4398
1DBE7E6276C975B; 4406
1DBE7E63F71021E; 4406
1DBE7E64A87A35B; 4406
1DBE7E64AE4EFB5; 4406
1DBE7E64B420734; 4406
1DBE7E64BB8EDE2; 4406
1DBE7E64C2A2837; 4406
1DBE7E64C89E9DE; 4406
1DBE7E64CEDE4C2; 4406
1DBE7E661D9676C; 4406
1DBE7E79B5B6F5B; 4405
1DBE7E7B35FDA1E; 4405
1DBE7E7BE767B5B; 4405
1DBE7E7BED3C7B5; 4405
1DBE7E7BF30DF34; 4405
1DBE7E7D5C83F6C; 4405
1DBE7E90EB1B0DB; 4406
1DBE7E926B61B9E; 4406
1DBE7E9491E80EC; 4406
1DBE7EA8207F25B; 4402
1DBE7EA9A0C5D1E; 4402
1DBE7EABC74C26C; 4402
1DBE7EBF55E33DB; 4420
1DBE7EC0D629E9E; 4420
1DBE7EC2FCB03EC; 4420
1DBE7ED14D6779E; 4421
1DBE7ED373EDCEC; 4421
1DBE7EE96DAC8C2; 4421
1DBE7EEABC64B6C; 4421
1DBE7EECD59692A; 4421
1DBE7F02F257D42; 4415
1DBE7F043AA9B2A; 4415
1DBE7F063FBEE18; 4415
1DBE7F1AAD3F9C2; 4418
1DBE7F1BEE21518; 4418
1DBE7F33BF7A042; 4424
1DBE7F35CBFF5C2; 4424
1DBE7F4B7A61CC2; 4422
1DBE7F4D99F9F42; 4422
1DBE7F64E270DC2; 4429
1DBE7F66E56CCC2; 4429
1DBE7F7C4783FC2; 4423
1DBE7F7E4A7FEC2; 4423
1DBE7F94026BC42; 4421
1DBE7F962203EC2; 4421
1DBE7FAD6A7AD42; 4422
1DBE7FAFA6AF342; 4422
1DBE7FC6E59CB42; 4420
1DBE7FC8FBAB742; 4420
1DBE7FE04DABC42; 4428
1DBE7FE23D94E42; 4428
1DBE7FF75CEA3C2; 4426
1DBE7FF9860BCC2; 4426
1DBE8010C4F94C2; 4425
1DBE8012E491742; 4425
1DBE802A2D085C2; 4419
1DBE802C398DB42; 4419
1DBE8041E7F0242; 4419
1DBE804407884C2; 4419
1DBE805B4FFF342; 4429
1DBE805D365EEC2; 4429
1DBE80715DBFB42; 4427
1DBE8073906AAC2; 4427
1DBE808AD8E1942; 4419
1DBE808CBF414C2; 4419
1DBE80A19BD4CC2; 4429
1DBE80A36F21B42; 4429
1DBE80B70775642; 4425
1DBE80B90A71542; 4425
1DBE80CF6E067C2; 4429
1DBE80D17A8BD42; 4429
1DBE80E804469C2; 4422
1DBE80E9FDB9242; 4422
1DBE80FF2697E42; 4429
1DBE81011681042; 4429
1DBE811635D65C2; 4420
1DBE81181C36142; 4420
1DBE812C4D20442; 4427
1DBE812E29F6942; 4427
1DBE8143068A142; 4421
1DBE8144FFFC9C2; 4421
1DBE815A6B9D342; 4425
1DBE815C8B355C2; 4425
1DBE81732802F42; 4427
1DBE8175479B1C2; 4427
1DBE818C9012042; 4426
1DBE818EB933942; 4426
1DBE81A5F821142; 4433
1DBE81A7FB1D042; 4433
1DBE81BD5D34342; 4432
1DBE81BF7CCC5C2; 4432
1DBE81D6C543442; 4435
1DBE81D8E4DB6C2; 4435
1DBE81F02D52542; 4428
1DBE81F2304E442; 4428
1DBE82079265742; 4438
1DBE82095C28F42; 4438
1DBE821CEAF33C2; 4432
1DBE821EF778942; 4432
1DBE8234598FC42; 4432
1DBE823682B1542; 4432
1DBE824DD4B1A42; 4430
1DBE824FE136FC2; 4430
1DBE8267464A1C2; 4434
1DBE826965E2442; 4434
1DBE828002AFDC2; 4436
1DBE82822248042; 4436
1DBE82996ABEEC2; 4431
1DBE829B80CDAC2; 4431
1DBE82B1D150042; 4436
1DBE82B3DDD55C2; 4436
1DBE82CA37E11C2; 4437
1DBE82CC5779442; 4437
1DBE82E39FF02C2; 4439
1DBE82E5C911BC2; 4439
1DBE82FD07FF3C2; 4433
1DBE82FF1E0DFC2; 4433
1DBE8314D5F9D42; 4429
1DBE8316CF6C5C2; 4429
1DBE832D6C39F42; 4433
1DBE832F8BD21C2; 4433
1DBE8346289FB42; 4425
1DBE83480EFF6C2; 4425
1DBE835CF51C542; 4433
1DBE835EE505742; 4433
1DBE837358B17C2; 4432
1DBE83757849A42; 4432
1DBE838CC0C08C2; 4441
1DBE838EA0E095E; 4441
1DBE83A31E1605E; 4431
1DBE83A4EB66D37; 4431
1DBE83B87A311B7; 4429
1DBE83BA9C3F062; 4429
1DBE83D1DD47834; 4434
1DBE83D1E4B5EE2; 4434
1DBE83D3ED84CB5; 4434
1DBE83EA5119F35; 4423
1DBE83EC1E9215B; 4423
1DBE83FF6A9A85B; 4422
1DBE87D0963C143; 4620
1DBE87D0ADB30BA; 4620
1DBE87E7E31723A; 4606
1DBE87FF187B3BA; 4607
1DBE88165768BBA; 4610
1DBE882D8CCCD3A; 4611
1DBE8844C230EBA; 4596
1DBE885BF79503A; 4595
1DBE88732CF91BA; 4588
1DBE888A6BE69BA; 4606
1DBE88A1A14AB3A; 4622
1DBE88B8D6AECBA; 4638
1DBE88D00C12E3A; 4653
1DBE88E74B0063A; 4657
1DBE88FE80647BA; 4662
1DBE8915B5C893A; 4664
1DBE892CEB2CABA; 4680
1DBE892E9853F3A; 4680
1DBE89401A98E3A; 4681
1DBE8944A61473A; 4681
1DBE895BF814C3A; 4684
1DBE8973370243A; 4679
1DBE89756023D3A; 4679
1DBE898BC3B8FBA; 4683
1DBE898DF663F3A; 4683
1DBE89A4A6445BA; 4691
1DBE89A6962D7BA; 4691
1DBE89BB72C0FBA; 4686
1DBE89BD925923A; 4686
1DBE89D396903BA; 4686
1DBE89D5D2C49BA; 4686
1DBE89ED03C48C3; 4718
1DBE89EE2642E3A; 4718
1DBE89F86E6703A; 4719
1DBE89FAAA9B63A; 4719
1DBE8A11FC9BB3A; 4730
1DBE8A13CFE89BA; 4730
1DBE8A2746C712B; 4749
1DBE8A27683C4BA; 4749
1DBE8A28D2A1BBA; 4749
1DBE8A35E12E52B; 4766
1DBE8A36F8656E0; 4766
1DBE8A36FF4882B; 4766
1DBE8A376D08FBA; 4766
1DBE8A388B232BA; 4766
1DBE8A43A2E38E0; 4771
1DBE8A43A9C6A2B; 4771
1DBE8A4535A14BA; 4771
1DBE8A459543316; 4771
1DBE8A459AE735A; 4771
1DBE8A459C56160; 4771
1DBE8A45A3392AB; 4771
1DBE8A472F13D3A; 4771
1DBE8A5A08EF396; 4766
1DBE8A5A0E933DA; 4766
1DBE8A5A10021E0; 4766
1DBE8A5A16E532B; 4766
1DBE8A5BA2BFDBA; 4766
1DBE8A5C1EFDF96; 4766
1DBE8A5C24A1FDA; 4766
1DBE8A5C2610DE0; 4766
1DBE8A5C2CF3F2B; 4766
1DBE8A5DB8CE9BA; 4766
1DBE8A722CBE796; 4769
1DBE8A7232627DA; 4769
1DBE8A7233D15E0; 4769
1DBE8A723AB472B; 4769
1DBE8A73C68F1BA; 4769
1DBE8A7455E0096; 4769
1DBE8A745B840DA; 4769
1DBE8A745CF2EE0; 4769
1DBE8A75EFB0ABA; 4769
1DBE8A8B520BB16; 4781
1DBE8A8B57AFB5A; 4781
1DBE8A8B6001AAB; 4781
1DBE8A8CEBDC53A; 4781
1DBE8A8D348605A; 4781
1DBE8A8EC8B2A3A; 4781
1DBE8AA075CD9AB; 4792
1DBE8AA201A843A; 4792
1DBE8AA3C784035; 4792
1DBE8AB4DFF03AB; 4792
1DBE8AB663B468B; 4792
1DBE8AB667E3235; 4792
1DBE8AB893A32BD; 4792
1DBE8ACE5B121AB; 4789
1DBE8ACFDC1A13D; 4789
1DBE8AD207E3F6C; 4789
1DBE8AE7D633FAB; 4800
1DBE8AE9505ADEC; 4800
1DBE8AEB30F7643; 4800
1DBE8AFD4B5DFAB; 4802
1DBE8AFEBFC1AC3; 4802
1DBE8B16C67FDAB; 4798
1DBE8B18E61802B; 4798
1DBE8B2F8C6F02B; 4798
1DBE8B31C8A362B; 4798
1DBE8B490790E2B; 4798
1DBE8B4B30B272B; 4798
1DBE8B6282B2C2B; 4808
1DBE8B6469127AB; 4808
1DBE8B7899FCAAB; 4806
1DBE8B7AC31E3AB; 4806
1DBE8B921EA7F2B; 4807
1DBE8B945152EAB; 4807
1DBE8BAB90406AB; 4815
1DBE8BAD89B2F2B; 4815
1DBE8BC2A9084AB; 4816
1DBE8BC4D229DAB; 4816
1DBE8BDC1AA0C2B; 4824
1DBE8BDE27261AB; 4824
1DBE8BF33CF20AB; 4817
1DBE8BF52CDB2AB; 4817
1DBE8C0A55B9EAB; 4822
1DBE8C0C58B5DAB; 4822
1DBE8C2279892AB; 4820
1DBE8C24AC3422B; 4820
1DBE8C3BEB21A2B; 4823
1DBE8C3E144332B; 4823
1DBE8C555CBA1AB; 4820
1DBE8C5785DBAAB; 4820
1DBE8C6ECE5292B; 4823
1DBE8C7100FD8AB; 4823
1DBE8C883FEB0AB; 4825
1DBE8C8A690C9AB; 4825
1DBE8CA1B18382B; 4827
1DBE8CA3E42E7AB; 4827
1DBE8CBB2CA562B; 4830
1DBE8CBD4C3D8AB; 4830
1DBE8CD49E3DDAB; 4823
1DBE8CD697B062B; 4823
1DBE8CEC0350FAB; 4821
1DBE8CEE35FBF2B; 4821
1DBE8D0574E972B; 4827
1DBE8D0777E562B; 4827
1DBE8D1D2FD13AB; 4821
1DBE8D1F4F6962B; 4821
1DBE8D34FDCBD2B; 4824
1DBE8D3713DA92B; 4824
1DBE8D4E198FA2B; 4825
1DBE8D5042B132B; 4825
1DBE8D678B281AB; 4825
1DBE8D69B449AAB; 4825
1DBE8D80FCC092B; 4824
1DBE8D8325E222B; 4824
1DBE8D9A6E590AB; 4821
1DBE8D9C977A9AB; 4821
1DBE8DB3DFF182B; 4832
1DBE8DB5BCC7D2B; 4832
1DBE8DC94208B2B; 4827
1DBE8DCB4504A2B; 4827
1DBE8DE0FCF07AB; 4822
1DBE8DE2FFEC6AB; 4822
1DBE8DF90DACEAB; 4831
1DBE8DFAF40CA2B; 4831
1DBE8E0F1B6D6AB; 4832
1DBE8E114E1862B; 4832
1DBE8E288D05E2B; 4826
1DBE8E2A9001D2B; 4826
1DBE8E4047EDAAB; 4829
1DBE8E426785D2B; 4829
1DBE8E5963B17AB; 4831
1DBE8E5B965C72B; 4831
1DBE8E72E85CC2B; 4826
1DBE8E74EB58B2B; 4826
1DBE8E8B4EEDDAB; 4829
1DBE8E8D8198D2B; 4829
1DBE8EA4C08652B; 4829
1DBE8EA6E01E7AB; 4829
1DBE8EBE4EBB02B; 4835
1DBE8EC051B6F2B; 4835
1DBE8ED6132C32B; 4834
1DBE8ED84F6092B; 4834
1DBE8EEF8E4E12B; 4832
1DBE8EF1ADE63AB; 4832
1DBE8F08FFE68AB; 4835
1DBE8F0B15F54AB; 4835
1DBE8F221BAA5AB; 4834
1DBE8F2444CBEAB; 4834
1DBE8F3BA055A2B; 4838
1DBE8F3DB66462B; 4838
1DBE8F546644CAB; 4839
1DBE8F5698EFC2B; 4839
1DBE8F6DD7DD42B; 4832
1DBE8F6FC7C662B; 4832
1DBE8F8503B7F2B; 4832
1DBE8F873662EAB; 4832
1DBE8F9E91ECA2B; 4836
1DBE8FA0A7FB62B; 4836
1DBE8FB757DBCAB; 4832
1DBE8FB97773F2B; 4832
1DBE8FD027545AB; 4839
1DBE8FD220C6E2B; 4839
1DBE8FE78C677AB; 4832
1DBE8FE97C509AB; 4832
1DBE8FFE9BA5F2B; 4833
1DBE9000CE50EAB; 4833
1DBE90180D3E6AB; 4840
1DBE901A103A5AB; 4840
1DBE902F7BDAF2B; 4836
1DBE90319490060; 4836
1DBE90483AE7060; 4836
1DBE904A5CF5B16; 4836
1DBE9061A56C996; 4833
1DBE9061AB109DA; 4833
1DBE91A8B121AF6; 4773
1DBE91BE8F33276; 4759
1DBE91C07F1C476; 4759
1DBE91D260BF476; 4763
1DBE91D45A31CF6; 4763
1DBE91EB8F95E76; 4756
1DBE91ED89086F6; 4756
1DBE9202FE326F6; 4758
1DBE920530DD676; 4758
1DBE921C79544F6; 4763
1DBE921EA275DF6; 4763
1DBE9234F2F8376; 4758
1DBE923712905F6; 4758
1DBE924D6C9C1F6; 4752
1DBE924F9F47176; 4752
1DBE92655732EF6; 4746
1DBE926750A5776; 4746
1DBE927CCF58DF6; 4742
1DBE927F57D87F6; 4742
1DBE9295FE2F7F6; 4748
1DBE9297F7A2076; 4748
1DBE92AF95ED976; 4751
1DBE92B14314DF6; 4751
1DBE92C87878F76; 4753
1DBE92CAB4AD576; 4753
1DBE92E206ADA76; 4759
1DBE92E41332FF6; 4759
1DBE92F9D4A83F6; 4758
1DBE92FC539E776; 4758
1DBE9313AF282F6; 4752
1DBE93159F114F6; 4752
1DBE932B9035976; 4760
1DBE932D9331876; 4760
1DBE93426FC5076; 4774
1DBE934409D97F6; 4774
1DBE93558C1E6F6; 4784
1DBE935768F4BF6; 4784
1DBE9369FFCA776; 4798
1DBE936B99DEEF6; 4798
1DBE937C66F1276; 4792
1DBE937E9012B76; 4792
1DBE9393631CCF6; 4791
1DBE93956FA2276; 4791
1DBE93ACA5063F6; 4802
1DBE93B0C79A576; 4802
1DBE93C44CDB376; 4800
1DBE93DB8BC8B76; 4806
1DBE93DDB4EA476; 4806
1DBE93F3634CB76; 4833
1DBE93F48AF04F6; 4833
1DBE94005A16176; 4834
1DBE9402A95D476; 4834
1DBE9419F1D42F6; 4844
1DBE941C1AF5BF6; 4844
1DBE9430F7893F6; 4879
1DBE9437AC265F6; 4871
1DBE9439C2351F6; 4871
1DBE945101229F6; 4878
1DBE9452F10BBF6; 4878
1DBE94686635BF6; 4868
1DBE946AABF3876; 4868
1DBE947E3134676; 4878
1DBE948017941F6; 4878
1DBE9493639C8F6; 4880
1DBE94955385AF6; 4880
1DBE94AC88E9C76; 4867
1DBE94AE52AD476; 4867
1DBE94C0FC95CF6; 4858
1DBE94C2F608576; 4858
1DBE94D67B49376; 4854
1DBE94D8ADF42F6; 4854
1DBE94EF1B12BF6; 4849
1DBE94F13AAAE76; 4849
1DBE95076E91076; 4860
1DBE95097B165F6; 4860
1DBE951CC71ECF6; 4884
1DBE951F3C8B9F6; 4884
1DBE953671EFB76; 4903
1DBE9538584F6F6; 4903
1DBE954F8DB3876; 4909
1DBE9553FC92DF6; 4909
1DBE9569B47EB76; 4921
1DBE9580E9E2CF6; 4923
1DBE95857EE7C76; 4923
1DBE959CBDD5476; 4929
1DBE95B3F3395F6; 4933
1DBE95B64C09F76; 4933
1DBE95CCF260F76; 4939
1DBE95CF381EBF6; 4939
1DBE95E5031D676; 4938
1DBE95E722B58F6; 4938
1DBE95FE9ADB7F6; 4946
1DBE9600BA73A76; 4946
1DBE9615D03F976; 4943
1DBE961862489F6; 4943
1DBE962F67FDAF6; 4943
1DBE96314E5D676; 4943
1DBE9648A05DB76; 4948
1DBE964ADC92176; 4948
1DBE9661369DD76; 4948
1DBE966385E5076; 4948
1DBE967AD7E5576; 4951
1DBE967D0A904F6; 4951
1DBE969410455F6; 4954
1DBE96965603276; 4954
1DBE96AD9E7A0F6; 4956
1DBE96AFEDC13F6; 4956
1DBE96C73638276; 4984
1DBE96C86765276; 4984
1DBE96D495E8FF6; 4998
1DBE96D5C715FF6; 4998
1DBE96E297B9BF6; 5009
1DBE96E41EBB676; 5009
1DBE96F3B117376; 5008
1DBE96F5ED4B976; 5008
1DBE970D35C27F6; 5013
1DBE970F71F6DF6; 5013
1DBE9725CC029F6; 5014
1DBE9726902BF2D; 5014
1DBE972692D1E73; 5014
1DBE9727FEAD976; 5014
1DBE973DE22C42D; 5030
1DBE973DE4D2373; 5030
1DBE973F50ADE76; 5030
1DBE973F8B3F494; 5030
1DBE973F8F538AD; 5030
1DBE973F91F97F3; 5030
1DBE9740FDD52F6; 5030
1DBE9750F0E8014; 5031
1DBE9750F4FC42D; 5031
1DBE9750F7A2373; 5031
1DBE9752637DE76; 5031
1DBE97533212022; 5031
1DBE975336A5C94; 5031
1DBE97533ABA0AD; 5031
1DBE9754A93BAF6; 5031
1DBE976A70FF822; 5035
1DBE976A7593494; 5035
1DBE976A7C4D7F3; 5035
1DBE976BE8292F6; 5035
1DBE976CB3C8BF3; 5035
1DBE976CB6BD4A2; 5035
1DBE976E2DE6F76; 5035
1DBE97836D328F3; 5053
1DBE97837B75173; 5053
1DBE9784E728E60; 5053
1DBE9784E750C76; 5053
1DBE978656B2E33; 5053
1DBE97952D690F3; 5053
1DBE979694B8033; 5053
1DBE9798D3AF952; 5053
1DBE97AEB214573; 5052
1DBE97B0129D152; 5052
1DBE97B2481628C; 5052
1DBE97C836BF9F3; 5052
1DBE97C9908D10C; 5052
1DBE97CBC6103E8; 5052
1DBE97E1BB6AE73; 5054
1DBE97E30E87268; 5054
1DBE97E54D91E2A; 5054
1DBE97FB499F973; 5054
1DBE97FC9608CAA; 5054
1DBE9814CE4ADF3; 5058
1DBE98170A7F3F3; 5058
1DBE982DBA5FA73; 5060
1DBE982FED0A9F3; 5060
1DBE98473F0AEF3; 5057
1DBE98497B3F4F3; 5057
1DBE9860C3B6373; 5074
1DBE98625DCAAF3; 5074
1DBE98737728273; 5069
1DBE98758D36E73; 5069
1DBE988AEF4E173; 5069
1DBE988D2B82773; 5069
1DBE98A473F95F3; 5072
1DBE98A6B02DBF3; 5072
1DBE98BDC8F59F3; 5071
1DBE98BFE88DC73; 5071
1DBE98D74DA0E73; 5072
1DBE98D9B9844F3; 5072
1DBE98F0F871CF3; 5073
1DBE98F304F7273; 5073
1DBE990A7393AF3; 5071
1DBE990CA63EA73; 5071
1DBE9923EEB58F3; 5073
1DBE99263DFCBF3; 5073
1DBE993D8FFD0F3; 5076
1DBE993FB91E9F3; 5076
1DBE9956C85D173; 5077
1DBE99590491773; 5077
1DBE9970732DFF3; 5076
1DBE997292C6273; 5076
1DBE9989EE4FDF3; 5078
1DBE998C20FAD73; 5078
1DBE99A36971BF3; 5082
1DBE99A59C1CB73; 5082
1DBE99BC38EA4F3; 5059
1DBE99BD86B3873; 5059
1DBE99CC342D973; 5082
1DBE99D3BA99A73; 5058
1DBE99D524FF173; 5083
1DBE99D68F64873; 5082
1DBE99D82978FF3; 5082
1DBE99E8ED01CF3; 5079
1DBE99EB16235F3; 5079
1DBE9A01BC7A5F3; 5083
1DBE9A03E59BEF3; 5083
1DBE9A1A957C573; 5082
1DBE9A1CC8274F3; 5082
1DBE9A342D3A6F3; 5083
1DBE9A367C819F3; 5083
1DBE9A4DC4F8873; 5063
1DBE9A4F1C4B273; 5063
1DBE9A5E563602F; 5083
1DBE9A5FCCC1273; 5083
1DBE9A6B9BE6EF3; 5063
1DBE9A71DE132F3; 5062
1DBE9A73F421EF3; 5062
1DBE9A8AC09E8F3; 5082
1DBE9A8C51299F3; 5082
1DBE9A9BD0729F3; 5087
1DBE9A9DC05BBF3; 5087
1DBE9AB2E93A7F3; 5086
1DBE9AB5125C0F3; 5086
1DBE9ACC5AD2F73; 5089
1DBE9ACE9707573; 5089
1DBE9AE5D5F4D73; 5088
1DBE9AE81229373; 5088
1DBE9AFF6429873; 5088
1DBE9B017A38473; 5088
1DBE9B18D5C1FF3; 5088
1DBE9B1B086CF73; 5088
1DBE9B32475A773; 5088
1DBE9B347A056F3; 5088
1DBE9B4BB8F2EF3; 5070
1DBE9B4D3FF4973; 5070
1DBE9B5DB732273; 5088
1DBE9B5F2197973; 5088
1DBE9B6C01305E2; 5068
1DBE9B6D2368573; 5068
1DBE9B761DC33F3; 5071
1DBE9B781735C73; 5071
1DBE9B8D368B1F3; 5091
1DBE9B8E9767273; 5091
1DBE9B9D3B57CF3; 5092
1DBE9B9F778C2F3; 5092
1DBE9BB6C98C7F3; 5070
1DBE9BB80DCC4F3; 5070
1DBE9BC6D7E2973; 5070
1DBE9BC90104273; 5070
1DBE9BE0497B0F3; 5095
1DBE9BE18431773; 5095
1DBE9BEEE3E24F3; 5095
1DBE9BF129A0173; 5095
1DBE9C08688D973; 5101
1DBE9C0942FAE5A; 5101
1DBE9C0A62001F3; 5101
1DBE9C1F0DF98DA; 5098
1DBE9C202CFEC73; 5098
1DBE9C212D91B5A; 5098
1DBE9C224C96EF3; 5098
1DBE9C3829BD5DA; 5098
1DBE9C3948C2973; 5098
1DBE9C3A5C6855A; 5098
1DBE9C3B7B6D8F3; 5098
1DBE9C519B55D5A; 5095
1DBE9C52BA5B0F3; 5095
1DBE9C54E37C9F3; 5095
1DBE9C6B0CEE4DA; 5096
1DBE9C6C2BF3873; 5096
1DBE9C6E5E9E7F3; 5096
1DBE9C847E86C5A; 5096
1DBE9C859D8BFF3; 5096
1DBE9C87D036F73; 5096
1DBE9C9DF01F3DA; 5093
1DBE9C9F0F24773; 5093
1DBE9CA13846073; 5093
1DBE9CB87E16FAD; 5089
1DBE9CB880BCEF3; 5089
1DBE9CBAA324494; 5089
1DBE9CD13FF1E14; 5109
1DBE9CD2B8D65A2; 5109
1DBE9CE2381F5A2; 5087
1DBE9CED28F83F3; 5084
1DBE9CEEC5298AF; 5084
1DBE9D043A538AF; 5105
1DBE9D05AE4262F; 5105
1DBE9D13F2D4FAF; 5103
1DBE9D16257FF2F; 5103
1DBE9D2D3E47D2F; 5085
1DBE9D2EB236AAF; 5085
1DBE9D3F461072F; 5077
1DBE9D4122E6C2F; 5077
1DBE9D54B1B10AF; 5090
1DBE9D5671EB22F; 5090
1DBE9D6836F1EAF; 5088
1DBE9D6A4D00AAF; 5088
1DBE9D81B213CAF; 5070
1DBE9D835F3B12F; 5070
1DBE9D93D678A2F; 5060
1DBE9D956703B2F; 5060
1DBE9DA78B688AF; 5049
1DBE9DA98E647AF; 5049
1DBE9DBBA93FEAF; 5047
1DBE9DBD86163AF; 5047
1DBE9DD4EB295AF; 5039
1DBE9DD6E49BE2F; 5039
1DBE9DEC03F13AF; 5032
1DBE9DEE06ED2AF; 5032
1DBE9E031CB91AF; 5030
1DBE9E0558ED7AF; 5030
1DBE9E1C97DAFAF; 5024
1DBE9E1EADE9BAF; 5024
1DBE9E3465D592F; 5022
1DBE9E3698808AF; 5022
1DBE9E4DE0F772F; 5020
1DBE9E5026B53AF; 5020
1DBE9E6765A2BAF; 5017
1DBE9E683294A18; 5017
1DBE9E698EC44AF; 5017
1DBE9E7F3849B18; 5015
1DBE9E8094795AF; 5015
1DBE9E81712B87E; 5015
1DBE9E81747E118; 5015
1DBE9E82D0ADBAF; 5015
1DBE9E98B9A26FE; 5011
1DBE9E98BCF4F98; 5011
1DBE9E9A1924A2F; 5011
1DBE9E9AE4FCA9D; 5011
1DBE9E9AEC4D67E; 5011
1DBE9E9AEF9FF18; 5011
1DBE9E9C4BCF9AF; 5011
1DBE9EB18B53A9D; 5006
1DBE9EB192A467E; 5006
1DBE9EB195F6F18; 5006
1DBE9EB2F2269AF; 5006
1DBE9EB3AE303FE; 5006
1DBE9EB3B47539D; 5006
1DBE9EB3BBC5F7E; 5006
1DBE9EB51B482AF; 5006
1DBE9ECA0818979; 5036
1DBE9ECA083BFFE; 5036
1DBE9ECA0E80F9D; 5036
1DBE9ECB09968F9; 5036
1DBE9ECB09B9F7E; 5036
1DBE9ECB0FFEF1D; 5036
1DBE9ECB10B03DE; 5036
1DBE9ECC76D1E2F; 5036
1DBE9ED5AAD3803; 5077
1DBE9ED5B118BF9; 5077
1DBE9ED5B13C27E; 5077
1DBE9ED5C224698; 5077
1DBE9ED71E5412F; 5077
1DBE9ED731D5283; 5077
1DBE9ED7FA1AB03; 5077
1DBE9ED840B20DE; 5077
1DBE9ED96D9B42F; 5077
1DBE9ED96E09883; 5077
1DBE9EDAE18A1AF; 5077
1DBE9EF0CDD1598; 5086
1DBE9EF22A0102F; 5086
1DBE9EF4275BC2F; 5086
1DBE9F074479518; 5077
1DBE9F089B07CAF; 5077
1DBE9F0A7BFDCE2; 5077
1DBE9F1D0F77F98; 5074
1DBE9F1E609CBE2; 5074
1DBE9F1E616897E; 5074
1DBE9F2085FA2DE; 5074
1DBE9F378225D5E; 5072
1DBE9F39720EF5E; 5072
1DBE9F50C40F45E; 5069
1DBE9F531CDFDDE; 5069
1DBE9F6A5BCD5DE; 5071
1DBE9F6CD13A2DE; 5071
1DBE9F84233A7DE; 5073
1DBE9F862FBFD5E; 5073
1DBE9F9DB16F2DE; 5079
1DBE9F9FE41A25E; 5079
1DBE9FB5F1DAA5E; 5100
1DBE9FB752B6ADE; 5100
1DBE9FC5122E298; 5111
1DBE9FC672A19DE; 5111
1DBE9FC83C651DE; 5111
1DBE9FDF71C935E; 5109
1DBE9FE1B786FDE; 5109
1DBE9FF9262385E; 5109
1DBE9FFB7EF41DE; 5109
1DBEA012C76B05E; 5107
1DBEA0153CD7D5E; 5107
1DBEA02C8ED825E; 5123
1DBEA02E02C6FDE; 5123
1DBEA03F981EBDE; 5132
1DBEA041A4A415E; 5132
1DBEA054E7231DE; 5135
1DBEA056FD31DDE; 5135
1DBEA06DC9AE7DE; 5155
1DBEA06F4C57E38; 5155
1DBEA07ED52A4B8; 5169
1DBEA0806171214; 5169
1DBEA08F9DF8494; 5181
1DBEA0917FB65E4; 5181
1DBEA0A1BDBB7E4; 5184
1DBEA0A394362F4; 5184
1DBEA0BAD323AF4; 5190
1DBEA0BD0A07640; 5190
1DBEA0D2B869D40; 5187
1DBEA0D50A0DBFB; 5187
1DBEA0EC0FC2CFB; 5180
1DBEA0EE035FD1B; 5180
1DBEA1033F5161B; 5180
1DBEA1058829512; 5180
1DBEA11CDA29A12; 5179
1DBEA11F23044E4; 5179
1DBEA13661F1CE4; 5173
1DBEA138EEF1B31; 5173
1DBEA14EB066F31; 5162
1DBEA1501ECDDC7; 5162
1DBEA1638772847; 5152
1DBEA168192EEAD; 5152
1DBEA17F4E9302D; 5143
1DBEA1968D8082D; 5160
1DBEA1985C1B0DA; 5160
1DBEA1A96265B5A; 5176
1DBEA1B8E4A9D18; 5190
1DBEA1BA4585D98; 5190
1DBEA1C91925898; 5204
1DBEA1CA969DC98; 5204
1DBEA1D93105098; 5214
1DBEA1DAF13F218; 5214
1DBEA1EC56E7D98; 5218
1DBEA1EE7680018; 5218
1DBEA205ABE4198; 5223
1DBEA20804B4B18; 5223
1DBEA21E6849D98; 5230
1DBEA22061BC618; 5230
1DBEA2359DADF18; 5231
1DBEA2383940618; 5231
1DBEA24F9E53818; 5236
1DBEA2517B29D18; 5236
1DBEA267A586898; 5243
1DBEA269FE57218; 5243
1DBEA27F1DAC798; 5245
1DBEA2813D44A18; 5245
1DBEA2988F44F18; 5248
1DBEA29AFB28598; 5248
1DBEA2B20A66D18; 5247
1DBEA2B40D62C18; 5247
1DBEA2CB42C6D98; 5250
1DBEA2CD9B97718; 5250
1DBEA2E4DA84F18; 5251
1DBEA2E73355898; 5251
1DBEA2FE8555D98; 5253
1DBEA300D49D098; 5253
1DBEA3183026C18; 5256
1DBEA31A6C5B218; 5256
1DBEA3317B99998; 5264
1DBEA3336B82B98; 5264
1DBEA348519FA18; 5266
1DBEA34AA0E6D18; 5266
1DBEA3607CB3519; 5263
1DBEA361DFD4518; 5263
1DBEA362C271199; 5263
1DBEA3642592198; 5263
1DBEA379E45BE69; 5274
1DBEA379E74E95F; 5274
1DBEA37A0AE8019; 5274
1DBEA37B6E09018; 5274
1DBEA37BCABB9E9; 5274
1DBEA37BCDAE4DF; 5274
1DBEA37BF147B99; 5274
1DBEA37D5468B98; 5274
1DBEA38F5514EA6; 5270
1DBEA38F5985E69; 5270
1DBEA38F5C7895F; 5270
1DBEA38F8012019; 5270
1DBEA390E333018; 5270
1DBEA391E71DF26; 5270
1DBEA391EB8EEE9; 5270
1DBEA391EE819DF; 5270
1DBEA392121B099; 5270
1DBEA393753C098; 5270
1DBEA3A830DB6F2; 5274
1DBEA3A837A04A6; 5274
1DBEA3A83C11469; 5274
1DBEA3A83F03F5F; 5274
1DBEA3A8629D619; 5274
1DBEA3A9C5BE618; 5274
1DBEA3A9FA9EEF2; 5274
1DBEA3AA0163CA6; 5274
1DBEA3AA05D4C69; 5274
1DBEA3AA08C775F; 5274
1DBEA3AB8F81E18; 5274
1DBEA3C0B408BF2; 5281
1DBEA3C0BACD9A6; 5281
1DBEA3C0BF3E969; 5281
1DBEA3C0C23145F; 5281
1DBEA3C0E5CAB19; 5281
1DBEA3C248EBB18; 5281
1DBEA3C2CA177F2; 5281
1DBEA3C2D0DC5A6; 5281
1DBEA3C2D54D569; 5281
1DBEA3C45EFA718; 5281
1DBEA3D835B8172; 5283
1DBEA3D83C7CF26; 5283
1DBEA3D8677A099; 5283
1DBEA3D9CA9B098; 5283
1DBEA3DA84FF472; 5283
1DBEA3DC19E2398; 5283
1DBEA3F1FF38219; 5286
1DBEA3F36259218; 5286
1DBEA3F59E8D818; 5286
1DBEA40B4121919; 5293
1DBEA40CA442918; 5293
1DBEA40E9DB5198; 5293
1DBEA422B947819; 5315
1DBEA4241C68818; 5315
1DBEA425A0179FE; 5315
1DBEA4323890819; 5315
1DBEA433985EF7E; 5315
1DBEA435F36839D; 5315
1DBEA44C0987099; 5311
1DBEA44D6204C1D; 5311
1DBEA44F421F7FE; 5311
1DBEA464963DC19; 5315
1DBEA465E8767FE; 5315
1DBEA466513A8F9; 5315
1DBEA4680B2F683; 5315
1DBEA47D8252899; 5312
1DBEA47ECE22A03; 5312
1DBEA49706FDD19; 5318
1DBEA4991D0C919; 5318
1DBEA4AEE80B399; 5321
1DBEA4B09D383A9; 5321
1DBEA4B0A63ED75; 5321
1DBEA4B1243F999; 5321
1DBEA4C78FDA7A9; 5322
1DBEA4C816E1D99; 5322
1DBEA4C9ECC2700; 5322
1DBEA4CA6FB2719; 5322
1DBEA4E13539580; 5319
1DBEA4E1B829599; 5319
1DBEA4E345BB389; 5319
1DBEA4E3CE38199; 5319
1DBEA4FA7195E89; 5316
1DBEA4FAFA12C99; 5316
1DBEA4FCA76AF5F; 5316
1DBEA4FD3647299; 5316
1DBEA513EFE1DDF; 5326
1DBEA5147EBE119; 5326
1DBEA515D9AEB95; 5326
1DBEA5166EA7319; 5326
1DBEA52A0A98E95; 5326
1DBEA52A9F91619; 5326
1DBEA52C40EF703; 5326
1DBEA52CDBC5C19; 5326
1DBEA5438966583; 5327
1DBEA544243CA99; 5327
1DBEA545C9054BF; 5327
1DBEA54669FA719; 5327
1DBEA55D117C33F; 5328
1DBEA55DB271599; 5328
1DBEA55F492F95A; 5328
1DBEA55FEEA5B99; 5328
1DBEA5769B2FE5A; 5329
1DBEA57740A6099; 5329
1DBEA578BE6198E; 5329
1DBEA57969C7999; 5329
1DBEA5901061E8E; 5331
1DBEA590BBC7E99; 5331
1DBEA5923D81C68; 5331
1DBEA592EE72E19; 5331
1DBEA5A9990B7E8; 5333
1DBEA5AA49FC999; 5333
1DBEA5ABE23B6AE; 5333
1DBEA5AC9943C99; 5333
1DBEA5C32128EAE; 5331
1DBEA5C3D831499; 5331
1DBEA5C544C2E11; 5331
1DBEA5C60152D99; 5331
1DBEA5DCA04C991; 5336
1DBEA5DD5CDC919; 5336
1DBEA5DF85FE219; 5336
1DBEA5F5E009E19; 5338
1DBEA5F8092B719; 5338
1DBEA60F6E3E919; 5332
1DBEA6117AC3E99; 5332
1DBEA62732AFC19; 5337
1DBEA6295BD1519; 5337
1DBEA63F6008699; 5336
1DBEA6418929F99; 5336
1DBEA658DB2A499; 5331
1DBEA65AFAC2719; 5331
1DBEA67154CE319; 5340
1DBEA6733B2DE99; 5340
1DBEA68788B4519; 5341
1DBEA689BB5F499; 5341
1DBEA6A103D6319; 5339
1DBEA6A33681299; 5339
1DBEA6BA7EF8119; 5343
1DBEA6BCC4B5D99; 5343
1DBEA6D36B0CD99; 5342
1DBEA6D58AA5019; 5342
1DBEA6ECEFB8219; 5341
1DBEA6EF18D9B19; 5341
1DBEA7066ADA019; 5345
1DBEA708D6BD699; 5345
1DBEA71F869DD19; 5346
1DBEA7216374219; 5346
1DBEA738A261A19; 5345
1DBEA73ACB83319; 5345
1DBEA752270CE99; 5345
1DBEA7548966E99; 5345
1DBEA76BC854699; 5346
1DBEA76DCB50599; 5346
1DBEA78539ECE19; 5349
1DBEA7875985099; 5349
1DBEA79E68C3819; 5348
1DBEA7A09B6E799; 5348
1DBEA7B7ED6EC99; 5344
1DBEA7BA0D06F19; 5344
1DBEA7D0CFFA299; 5344
1DBEA7D1E3C5636; 5344
1DBEA7D302A5219; 5344
1DBEA7E922B2E36; 5345
1DBEA7EA4192A19; 5345
1DBEA7EB45ED44D; 5345
1DBEA7EB4BD4736; 5345
1DBEA7EC6AB4319; 5345
1DBEA8028E642CD; 5344
1DBEA802944B5B6; 5344
1DBEA803B32B199; 5344
1DBEA804BD68147; 5344
1DBEA804C10F24D; 5344
1DBEA804C6F6536; 5344
1DBEA805E5D6119; 5344
1DBEA81C0F68647; 5347
1DBEA81C130F74D; 5347
1DBEA81C18F6A36; 5347
1DBEA81D37D6619; 5347
1DBEA81E34894A6; 5347
1DBEA81E3889F47; 5347
1DBEA81E3C3104D; 5347
1DBEA81E4218336; 5347
1DBEA81F60F7F19; 5347
1DBEA8357D00326; 5352
1DBEA8358100DC7; 5352
1DBEA83584A7ECD; 5352
1DBEA8358A8F1B6; 5352
1DBEA836A96ED99; 5352
1DBEA8379680E6C; 5352
1DBEA8379C985A6; 5352
1DBEA837A099047; 5352
1DBEA837A44014D; 5352
1DBEA837AA27436; 5352
1DBEA838C907019; 5352
1DBEA84DE7033EC; 5347
1DBEA84DED1AB26; 5347
1DBEA84DF11B5C7; 5347
1DBEA84DF4C26CD; 5347
1DBEA84DFAA99B6; 5347
1DBEA84F1989599; 5347
1DBEA84FF6FA862; 5347
1DBEA84FF858BE2; 5347
1DBEA84FF896138; 5347
1DBEA84FFD11FEC; 5347
1DBEA8500329726; 5347
1DBEA850072A1C7; 5347
1DBEA8500AD12CD; 5347
1DBEA8512F98199; 5347
1DBEA8665106462; 5352
1DBEA86652647E2; 5352
1DBEA86652A1D38; 5352
1DBEA866571DBEC; 5352
1DBEA8665D35326; 5352
1DBEA8666135DC7; 5352
1DBEA8666AC41B6; 5352
1DBEA86789A3D99; 5352
1DBEA868629FE76; 5352
1DBEA8686715062; 5352
1DBEA86868733E2; 5352
1DBEA86868B0938; 5352
1DBEA8686D2C7EC; 5352
1DBEA8687343F26; 5352
1DBEA86877449C7; 5352
1DBEA8699FB2999; 5352
1DBEA87EBCABA76; 5346
1DBEA87EC120C62; 5346
1DBEA87EC27EFE2; 5346
1DBEA87EC2BC538; 5346
1DBEA87EC7383EC; 5346
1DBEA87ECD4FB26; 5346
1DBEA87EDADE9B6; 5346
1DBEA87FF9BE599; 5346
1DBEA880C2AEC1F; 5346
1DBEA880C930FF6; 5346
1DBEA880CDA61E2; 5346
1DBEA880CF04562; 5346
1DBEA880CF41AB8; 5346
1DBEA880D3BD96C; 5346
1DBEA8820643B19; 5346
1DBEA8965DFE61F; 5326
1DBEA89664809F6; 5326
1DBEA89668F5BE2; 5326
1DBEA8966A53F62; 5326
1DBEA8966A914B8; 5326
1DBEA89682B3936; 5326
1DBEA897A193519; 5326
1DBEA897B1FA517; 5326
1DBEA897B9133D8; 5326
1DBEA897BEDA69F; 5326
1DBEA897C55CA76; 5326
1DBEA897C9D1C62; 5326
1DBEA897CB2FFE2; 5326
1DBEA897CB6D538; 5326
1DBEA899026F599; 5326
1DBEA8A6A236397; 5347
1DBEA8A6A94F258; 5347
1DBEA8A6AF1651F; 5347
1DBEA8A6B5988F6; 5347
1DBEA8A6BB6BE62; 5347
1DBEA8A6BBA93B8; 5347
1DBEA8A774AA7F5; 5347
1DBEA8A78717F97; 5347
1DBEA8A78A1B0EE; 5347
1DBEA8A78E30E58; 5347
1DBEA8A793F811F; 5347
1DBEA8A79A7A4F6; 5347
1DBEA8A7A04DA62; 5347
1DBEA8A7A08AFB8; 5347
1DBEA8A8D78D019; 5347
1DBEA8B182F0D97; 5360
1DBEA8B185F3EEE; 5360
1DBEA8B18A09C58; 5360
1DBEA8B18FD0F1F; 5360
1DBEA8B196532F6; 5360
1DBEA8B28A6C733; 5360
1DBEA8B28DF8397; 5360
1DBEA8B290FB4EE; 5360
1DBEA8B29511258; 5360
1DBEA8B29AD851F; 5360
1DBEA8B2A15A8F6; 5360
1DBEA8B2AFCC75F; 5360
1DBEA8B3DE6D419; 5360
1DBEA8BDC0FBBB3; 5361
1DBEA8BDC487817; 5361
1DBEA8BDC78A96E; 5361
1DBEA8BDCBA06D8; 5361
1DBEA8BDD16799F; 5361
1DBEA8BDF61CCB6; 5361
1DBEA8BF14FC899; 5361
1DBEA8BFEE85396; 5361
1DBEA8BFF3A6B33; 5361
1DBEA8BFF732797; 5361
1DBEA8BFFA358EE; 5361
1DBEA8BFFE4B658; 5361
1DBEA8C0041291F; 5361
1DBEA8C147A7819; 5361
1DBEA8D75D21C16; 5357
1DBEA8D762433B3; 5357
1DBEA8D765CF017; 5357
1DBEA8D768D216E; 5357
1DBEA8D76CE7ED8; 5357
1DBEA8D797644B6; 5357
1DBEA8D8B644099; 5357
1DBEA8D977F5485; 5357
1DBEA8D97CB9E96; 5357
1DBEA8D981DB633; 5357
1DBEA8D98567297; 5357
1DBEA8D9886A3EE; 5357
1DBEA8D98C80158; 5357
1DBEA8DAD5DC319; 5357
1DBEA8F01E4C485; 5357
1DBEA8F02310E96; 5357
1DBEA8F02832633; 5357
1DBEA8F02BBE297; 5357
1DBEA8F02EC13EE; 5357
1DBEA8F05D53736; 5357
1DBEA8F17C33319; 5357
1DBEA8F24A602F2; 5357
1DBEA8F250F7405; 5357
1DBEA8F255BBE16; 5357
1DBEA8F25ADD5B3; 5357
1DBEA8F25E69217; 5357
1DBEA8F2616C36E; 5357
1DBEA8F3AEDE299; 5357
1DBEA909894DAF2; 5351
1DBEA9098FE4C05; 5351
1DBEA90994A9616; 5351
1DBEA90999CADB3; 5351
1DBEA909A059B6E; 5351
1DBEA909CEEBEB6; 5351
1DBEA90AEDCBA99; 5351
1DBEA90B9F5C6F2; 5351
1DBEA90BA5F3805; 5351
1DBEA90BAAB8216; 5351
1DBEA90BAFD99B3; 5351
1DBEA90D03DA699; 5351
1DBEA9215748472; 5346
1DBEA9215DDF585; 5346
1DBEA92162A3F96; 5346
1DBEA9219CE6836; 5346
1DBEA922BBC6419; 5346
1DBEA9235A44372; 5346
1DBEA92360DB485; 5346
1DBEA923659FE96; 5346
1DBEA924BEC2319; 5346
1DBEA939718E1F2; 5362
1DBEA9397825305; 5362
1DBEA939B72C5B6; 5362
1DBEA93AD60C199; 5362
1DBEA93B1EB5672; 5362
1DBEA93C8333619; 5362
1DBEA94C7427B36; 5360
1DBEA94D9307719; 5360
1DBEA94F8F062DF; 5360
1DBEA965BB43CD8; 5363
1DBEA966DE13CE9; 5363
1DBEA966E1067DF; 5363
1DBEA9690C4DCA6; 5363
1DBEA97F3665AD8; 5363
1DBEA98054C4B26; 5363
1DBEA98280AACF2; 5363
1DBEA998B3F8097; 5360
1DBEA999D2AB1F2; 5360
1DBEA99BB917475; 5360
1DBEA9B3018E2F5; 5347
1DBEA9B4D4DB175; 5347
1DBEA9C7753A375; 5334
1DBEA9C90F4EAF5; 5334
1DBEA9DA7E80CF5; 5333
1DBEA9DCB12BC75; 5333
1DBEA9F3F9A2AF5; 5342
1DBEA9F5E98BCF5; 5342
1DBEAA0A66C13F5; 5321
1DBEAA0C0A5F1F5; 5321
1DBEAA1A02A6775; 5315
1DBEAA1B9331875; 5315
1DBEAA2FC41BB75; 5306
1DBEAA31A0F2075; 5306
1DBEAA458590F75; 5293
1DBEAA47292ED75; 5293
1DBEAA58E4AC375; 5293
1DBEAA5B20E0975; 5293
1DBEAA725FCE175; 5286
1DBEAA7462CA075; 5286
1DBEAA89CE6A9F5; 5285
1DBEAA8C1DB1CF5; 5285
1DBEAAA35398B29; 5280
1DBEAAA35C9F4F5; 5280
1DBEAAA57748380; 5280
1DBEAABBA1A4F00; 5271
1DBEAABD8277C89; 5271
1DBEAAD1CFFE309; 5271
1DBEAAD3DFAD9DF; 5271
1DBEAAEB44C0BDF; 5267
1DBEAAED714F715; 5267
1DBEAB040E1D095; 5260
1DBEAB0614C4883; 5260
1DBEAB1B8065203; 5264
1DBEAB1DB67AABF; 5264
1DBEAB345CD1ABF; 5253
1DBEAB362B9D95A; 5253
1DBEAB49C3F145A; 5243
1DBEAB4BADEA88E; 5243
1DBEAB5EE6E028E; 5236
1DBEAB60E450FE8; 5236
1DBEAB75C0E47E8; 5239
1DBEAB76849A0DB; 5239
1DBEAB77DA6562E; 5239
1DBEAB8D93D885B; 5231
1DBEAB8EE9A3DAE; 5231
1DBEAB8F8D4B0DB; 5231
1DBEAB8F90A9AC4; 5231
1DBEAB90DD8EC91; 5231
1DBEABA4605525B; 5227
1DBEABA463B3C44; 5227
1DBEABA5B098E11; 5227
1DBEABA6ACB1CD3; 5227
1DBEABA7BF292FC; 5227
1DBEABBE65802FC; 5224
1DBEABBF6C0FDB0; 5224
1DBEABC0851857C; 5224
1DBEABD79456CFC; 5216
1DBEABD86E22909; 5216
1DBEABD98DC957C; 5216
1DBEABED412CA89; 5237
1DBEABEE60D36FC; 5237
1DBEABEE9BA5386; 5237
1DBEABEEA208B09; 5237
1DBEABEFC1AF77C; 5237
1DBEABFC93EC906; 5297
1DBEABFC9A50089; 5297
1DBEABFDB9F6CFC; 5297
1DBEABFDF8A7473; 5296
1DBEABFDFE52006; 5296
1DBEABFE04B5789; 5296
1DBEABFF245C3FC; 5296
1DBEABFF9C45273; 5296
1DBEABFFA1EFE06; 5296
1DBEABFFA853589; 5296
1DBEAC00C7FA1FC; 5296
1DBEAC105FCDF73; 5340
1DBEAC106578B06; 5340
1DBEAC106BDC289; 5340
1DBEAC118B82EFC; 5340
1DBEAC11CA33673; 5343
1DBEAC11CFDE206; 5343
1DBEAC11D641989; 5343
1DBEAC12F5E85FC; 5343
1DBEAC138A6D7F3; 5356
1DBEAC139018386; 5356
1DBEAC14B62277C; 5356
1DBEAC1507E5BF3; 5354
1DBEAC150D90786; 5354
1DBEAC15C6A1DF3; 5354
1DBEAC15CC4C986; 5354
1DBEAC16F256D7C; 5354
1DBEAC1E9AD7273; 5366
1DBEAC1EA081E06; 5366
1DBEAC1FA5DE873; 5366
1DBEAC1FAB89406; 5366
1DBEAC1FB20628B; 5366
1DBEAC20D1937FC; 5366
1DBEAC2A3A4DE73; 5370
1DBEAC2A465C189; 5370
1DBEAC2B6602DFC; 5370
1DBEAC2D68FECFC; 5370
1DBEAC40C68D789; 5479
1DBEAC41E6343FC; 5479
1DBEAC435A2317C; 5484
1DBEAC44C48887C; 5485
1DBEAC46682667C; 5485
1DBEAC560C08709; 5484
1DBEAC572BAF37C; 5484
1DBEAC5851C6389; 5484
1DBEAC59716CFFC; 5484
1DBEAC6F9A3D209; 5628
1DBEAC70B9E3E7C; 5628
1DBEAC72244957C; 5635
1DBEAC7353580E2; 5637
1DBEAC74739087C; 5637
1DBEAC7C150C389; 5662
1DBEAC7D34B2FFC; 5662
1DBEAC7E9EB9D94; 5660
1DBEAC881706F86; 5668
1DBEAC893A09A2F; 5668
1DBEAC8ABCA659C; 5668
1DBEAC997CAFB06; 5667
1DBEAC9A9B4D69C; 5667
1DBEAC9CDA89F9E; 5667
1DBEACB43613B1E; 5667
1DBEACB6753940B; 5667
1DBEACCDDA4C60B; 5670
1DBEACD258B5036; 5670
1DBEACE997A2836; 5677
1DBEAD00D690036; 5685
1DBEAD02E6B794D; 5685
1DBEAD18060CECD; 5709
1DBEAD196CCB4C7; 5709
1DBEAD263D6F0C7; 5722
1DBEAD27DD0C426; 5722
1DBEAD360502A26; 5725
1DBEAD37B59BDEC; 5725
1DBEAD4DE981FEC; 5731
1DBEAD500C8C162; 5731
1DBEAD65C477EE2; 5726
1DBEAD65C5D6262; 5726
1DBEAD65C6137B8; 5726
1DBEAD67F2ADC76; 5726
1DBEAD7DF6E4DF6; 5725
1DBEAD803FA9D1F; 5725
1DBEAD978820B9F; 5716
1DBEAD998EDEE58; 5716
1DBEADAE0E84D17; 5717
1DBEADAE159DBD8; 5717
1DBEADB05745AEE; 5717
1DBEADC7A945FEE; 5712
1DBEADC9E874EB3; 5712
1DBEADE04280AB3; 5699
1DBEADE20722B16; 5699
1DBEADF464BFF96; 5686
1DBEADF60D22A05; 5686
1DBEAE072680185; 5686
1DBEAE09BB7B772; 5686
1DBEAE2103F25F2; 5690
1DBEAE2241FC5DB; 5690
1DBEAE38F1DCC5B; 5705
1DBEAE3AB216DDB; 5705
1DBEAE4C640AD5B; 5724
1DBEAE4DC4E6DDB; 5724
1DBEAE5B2E211DB; 5740
1DBEAE5C5F4E1DB; 5740
1DBEAE688DD1F5B; 5751
1DBEAE6A14D39DB; 5751
1DBEAE79515AC5B; 5763
1DBEAE7B080B75B; 5763
1DBEAE8B88D26DB; 5775
1DBEAE8D22E6E5B; 5775
1DBEAE9E4F572DB; 5769
1DBEAEA06565EDB; 5769
1DBEAEB52EE69DB; 5773
1DBEAEB774A465B; 5773
1DBEAECE1AFB65B; 5781
1DBEAED02780BDB; 5781
1DBEAEE517270DB; 5784
1DBEAEE75CE4D5B; 5784
1DBEAEFE6299E5B; 5786
1DBEAF00B1E115B; 5786
1DBEAF17FA57FDB; 5792
1DBEAF1A23798DB; 5792
1DBEAF2FDB6565B; 5791
1DBEAF323435FDB; 5791
1DBEAF4973237DB; 5802
1DBEAF4B630C9DB; 5802
1DBEAF5EF1D6E5B; 5800
1DBEAF613794ADB; 5800
1DBEAF78800B95B; 5820
1DBEAF7A1096A5B; 5820
1DBEAF898FDFA5B; 5814
1DBEAF8BA5EE65B; 5814
1DBEAFA02323D5B; 5820
1DBEAFA2393295B; 5820
1DBEAFB7AE5C95B; 5819
1DBEAFB9F41A5DB; 5819
1DBEAFD1592D7DB; 5827
1DBEAFD200C55D7; 5827
1DBEAFD365B2D5B; 5827
1DBEAFE7201AB57; 5823
1DBEAFE885082DB; 5823
1DBEAFE959A28EC; 5823
1DBEAFE95C4F157; 5823
1DBEAFEAC13C8DB; 5823
1DBEAFFFFFF98EC; 5834
1DBEB00002A6157; 5834
1DBEB00167938DB; 5834
1DBEB001DF7E30C; 5834
1DBEB001E65946C; 5834
1DBEB001E905CD7; 5834
1DBEB0034DF345B; 5834
1DBEB0156E4878C; 5840
1DBEB01575238EC; 5840
1DBEB01577D0157; 5840
1DBEB016DCBD8DB; 5840
1DBEB0179A19582; 5840
1DBEB017A0F370C; 5840
1DBEB017A7CE86C; 5840
1DBEB017AA7B0D7; 5840
1DBEB0190F6885B; 5840
1DBEB02CFC30882; 5863
1DBEB02D030AA0C; 5863
1DBEB02D09E5B6C; 5863
1DBEB02D0C923D7; 5863
1DBEB02E39B1EAF; 5863
1DBEB02E4070582; 5863
1DBEB02E474A70C; 5863
1DBEB02E4E2586C; 5863
1DBEB02E50D20D7; 5863
1DBEB02E717FB5B; 5863
1DBEB02FB5BF85B; 5863
1DBEB03BB5FEFAF; 5860
1DBEB03BBCBD682; 5860
1DBEB03BC39780C; 5860
1DBEB03BCA7296C; 5860
1DBEB03BCD1F1D7; 5860
1DBEB03D320C95B; 5860
1DBEB03DCC0DBAF; 5860
1DBEB03DD2CC282; 5860
1DBEB03DD9A640C; 5860
1DBEB03F481B55B; 5860
1DBEB053E357A2F; 5868
1DBEB053EA16102; 5868
1DBEB053FA77C57; 5868
1DBEB0555F653DB; 5868
1DBEB055EFDCFAF; 5868
1DBEB055F69B682; 5868
1DBEB0576BEA95B; 5868
1DBEB06AB95DAAF; 5867
1DBEB06AD07DCD7; 5867
1DBEB06C356B45B; 5867
1DBEB06E719FA5B; 5867
1DBEB0845EB27D7; 5886
1DBEB085C39FF5B; 5886
1DBEB0875789A44; 5886
1DBEB0961A2FDD7; 5890
1DBEB097827BF44; 5890
1DBEB0999BCAF53; 5890
1DBEB0AE4788857; 5888
1DBEB0AFA98B753; 5888
1DBEB0B1DF2EBB0; 5888
1DBEB0C7CC33CD7; 5888
1DBEB0C927A5A30; 5888
1DBEB0CB5D3BB89; 5888
1DBEB0E150DF157; 5892
1DBEB0E2A5B2A09; 5892
1DBEB0E4D1FA206; 5892
1DBEB0FA29E10D7; 5902
1DBEB0FB7851206; 5902
1DBEB0FD628F873; 5902
1DBEB11007F2857; 5895
1DBEB11150B7DF3; 5895
1DBEB126E781F57; 5898
1DBEB12910A3857; 5898
1DBEB1400CCF2D7; 5907
1DBEB1420641B57; 5907
1DBEB15679EDBD7; 5903
1DBEB1589985E57; 5903
1DBEB16EF391A57; 5903
1DBEB1712FC6057; 5903
1DBEB1888B4FBD7; 5909
1DBEB18AA15E7D7; 5909
1DBEB1A075E68D7; 5906
1DBEB1A29F081D7; 5906
1DBEB1B99B33C57; 5909
1DBEB1BBD768257; 5909
1DBEB1D31655A57; 5887
1DBEB1D47731AD7; 5887
1DBEB1E4393C857; 5910
1DBEB1ECF0D5957; 5911
1DBEB1EF2D09F57; 5911
1DBEB2066BF7757; 5912
1DBEB208A82BD57; 5912
1DBEB21FF0A2BD7; 5916
1DBEB222103AE57; 5916
1DBEB238C01B4D7; 5915
1DBEB23AF2C6457; 5915
1DBEB2523B3D2D7; 5916
1DBEB2546DE8257; 5916
1DBEB26BB65F0D7; 5924
1DBEB26DAFD1957; 5924
1DBEB282CF26ED7; 5919
1DBEB284DBAC457; 5919
1DBEB29AE96CC57; 5916
1DBEB29D25A1257; 5916
1DBEB2B41843657; 5925
1DBEB2B5FEA31D7; 5925
1DBEB2CA8561F57; 5923
1DBEB2CCAE83857; 5923
1DBEB2E40083D57; 5923
1DBEB2E629A5657; 5923
1DBEB2FD721C4D7; 5922
1DBEB2FFA4C7457; 5922
1DBEB316E3B4C57; 5932
1DBEB318CA147D7; 5932
1DBEB32CF175457; 5939
1DBEB32EE15E657; 5939
1DBEB343B4687D7; 5933
1DBEB345B7646D7; 5933
1DBEB35B3FA13D7; 5931
1DBEB35D68C2CD7; 5931
1DBEB374B139B57; 5931
1DBEB376E3E4AD7; 5931
1DBEB38E22D22D7; 5941
1DBEB39012BB4D7; 5941
1DBEB3A443A57D7; 5934
1DBEB3A646A16D7; 5934
1DBEB3BB2CBE557; 5936
1DBEB3BD2FBA457; 5936
1DBEB3D49E56CD7; 5938
1DBEB3D6C7785D7; 5938
1DBEB3EE0FEF457; 5940
1DBEB3F055AD0D7; 5940
1DBEB407949A8D7; 5938
1DBEB409AAA94D7; 5938
1DBEB42122CF3D7; 5939
1DBEB4234BF0CD7; 5939
1DBEB43A9467B57; 5945
1DBEB43C9763A57; 5945
1DBEB4524F4F7D7; 5940
1DBEB454655E3D7; 5940
1DBEB46A6995557; 5939
1DBEB46C92B6E57; 5939
1DBEB483E4B7357; 5935
1DBEB485FAC5F57; 5935
1DBEB49CA11CF57; 5940
1DBEB49EA418E57; 5940
1DBEB4B4BB62CD7; 5940
1DBEB4B6EE0DC57; 5940
1DBEB4CE2CFB457; 5942
1DBEB4D05FA63D7; 5942
1DBEB4E7B1A68D7; 5939
1DBEB4E9D13EB57; 5939
1DBEB501233F057; 5936
1DBEB5034C60957; 5936
1DBEB51A94D77D7; 5937
1DBEB51CBDF90D7; 5937
1DBEB534066FF57; 5933
1DBEB53626081D7; 5933
1DBEB54CCC5F1D7; 5933
1DBEB54EF580AD7; 5933
1DBEB5663DF7957; 5928
1DBEB5685406557; 5928
1DBEB57EAE12157; 5930
1DBEB580EA46757; 5930
1DBEB59832BD5D7; 5927
1DBEB59A48CC1D7; 5927
1DBEB5B1580A957; 5921
1DBEB5B3648FED7; 5921
1DBEB5C91C7BC57; 5924
1DBEB5CB42F0CEC; 5924
1DBEB5E23F1C76C; 5926
1DBEB5E46162F0C; 5926
1DBEB5FBC67610C; 5928
1DBEB5FDFBD0582; 5928
1DBEB6154447402; 5925
1DBEB617539792F; 5925
1DBEB62E594CA2F; 5922
1DBEB7991F8D8E0; 5839
1DBEB7AD20C8B60; 5834
1DBEB7AF36D7760; 5834
1DBEB7C54497F60; 5825
1DBEB7C72AF7AE0; 5825
1DBEB7DB5BE1DE0; 5830
1DBEB7DD71F09E0; 5830
1DBEB7F37FB11E0; 5839
1DBEB7F56610D60; 5839
1DBEB80996FB060; 5829
1DBEB80B906D8E0; 5829
1DBEB81F15AE6E0; 5821
1DBEB820E8FB560; 5821
1DBEB8353681BE0; 5816
1DBEB8374C907E0; 5816
1DBEB84D5A50FE0; 5809
1DBEB84F5D4CEE0; 5809
1DBEB8647CA2460; 5806
1DBEB866A5C3D60; 5806
1DBEB87DBE8BB60; 5810
1DBEB88004497E0; 5810
1DBEB896A117160; 5812
1DBEB898C0AF3E0; 5812
1DBEB8B01C38F60; 5798
1DBEB8B1E5FC760; 5798
1DBEB8C43086EE0; 5790
1DBEB8C616E6A60; 5790
1DBEB8DA1821CE0; 5791
1DBEB8DC4ACCC60; 5791
1DBEB8F38030DE0; 5781
1DBEB8F57019FE0; 5781
1DBEB909A1042E0; 5782
1DBEB90BF04B5E0; 5782
1DBEB92338C2460; 5787
1DBEB92545479E0; 5787
1DBEB93B6FA4560; 5781
1DBEB93D85B3160; 5781
1DBEB9534728560; 5802
1DBEB954E13CCE0; 5802
1DBEB9637BA40E0; 5794
1DBEB96528CB560; 5794
1DBEB977F8D97E0; 5793
1DBEB97A2B84760; 5793
1DBEB9917D84C60; 5806
1DBEB9935A5B160; 5806
1DBEB9A5E4BC8DE; 5830
1DBEB9A705C1960; 5830
1DBEB9B23C50DE0; 5841
1DBEB9B39D2CE60; 5841
1DBEB9C1EB48E60; 5847
1DBEB9C3E4BB6E0; 5847
1DBEB9D80C1C360; 5856
1DBEB9DA058EBE0; 5856
1DBEB9EDEA2DAE0; 5859
1DBEB9F0134F3E0; 5859
1DBEBA0719044E0; 5857
1DBEBA0971D4E60; 5857
1DBEBA20B0C2660; 5853
1DBEBA22D05A8E0; 5853
1DBEBA3989C45E0; 5850
1DBEBA3BCF82260; 5850
1DBEBA530E6FA60; 5851
1DBEBA554AA4060; 5851
1DBEBA6C931AEE0; 5835
1DBEBA6E49CB9E0; 5835
1DBEBA7FA5EAEE0; 5833
1DBEBA81E21F4E0; 5833
1DBEBA992A96360; 5831
1DBEBA9B7053FE0; 5831
1DBEBAB2AF417E0; 5857
1DBEBAB3F3814E0; 5857
1DBEBAC20864DE0; 5875
1DBEBACC5A12660; 5881
1DBEBACE23D5E60; 5881
1DBEBAE08811BDE; 5904
1DBEBAE1A916C60; 5904
1DBEBAED357AB60; 5916
1DBEBAEE8343EE0; 5916
1DBEBAFC38C96E0; 5933
1DBEBAFD606D060; 5933
1DBEBB092F92CE0; 5935
1DBEBB0B6BC72E0; 5935
1DBEBB22121E2E0; 5944
1DBEBB24151A1E0; 5944
1DBEBB389BD8F60; 5948
1DBEBB3AC4FA860; 5948
1DBEBB51288FAE0; 5955
1DBEBB533E9E6E0; 5955
1DBEBB68AA3F060; 5955
1DBEBB6AE673660; 5955
1DBEBB822EEA4E0; 5956
1DBEBB8474A8160; 5956
1DBEBB9BB395960; 5953
1DBEBB9DF9535E0; 5953
1DBEBBB53840DE0; 5953
1DBEBBB774753E0; 5953
1DBEBBCED9885E0; 5957
1DBEBBD115BCBE0; 5957
1DBEBBE7B28A560; 5970
1DBEBBE97C4DD60; 5970
1DBEBBFC1CACF60; 5972
1DBEBBFE58E1560; 5972
1DBEBC15A1583E0; 5980
1DBEBC17ADDD960; 5980
1DBEBC2CC3A9860; 5981
1DBEBC2EFFDDE60; 5981
1DBEBC464854CE0; 6003
1DBEBC47B2BA3E0; 6003
1DBEBC569AFDCDD; 6016
1DBEBC56A2F6260; 6016
1DBEBC56A3847C0; 6016
1DBEBC58206E660; 6016
1DBEBC6623D035D; 6038
1DBEBC662C56E40; 6038
1DBEBC67123B5DD; 6038
1DBEBC671826622; 6038
1DBEBC671AC20C0; 6038
1DBEBC6897ABF60; 6038
1DBEBC710E143DD; 6040
1DBEBC7113FF422; 6040
1DBEBC71169AEC0; 6040
1DBEBC729384D60; 6040
1DBEBC73362E9D0; 6040
1DBEBC733735CDD; 6040
1DBEBC733D20D22; 6040
1DBEBC733FBC7C0; 6040
1DBEBC74BCA6660; 6040
1DBEBC8986B0F50; 6044
1DBEBC8987B825D; 6044
1DBEBC898DA32A2; 6044
1DBEBC89903ED40; 6044
1DBEBC8B0D28BE0; 6044
1DBEBC8BAFD2850; 6044
1DBEBC8BB0D9B5D; 6044
1DBEBC8BB6C4BA2; 6044
1DBEBC8BB960640; 6044
1DBEBC8D364A4E0; 6044
1DBEBCA25629850; 6044
1DBEBCA25730B5D; 6044
1DBEBCA25D1BBA2; 6044
1DBEBCA25FB7640; 6044
1DBEBCA3DCA14E0; 6044
1DBEBCA4925DE50; 6044
1DBEBCA499501A2; 6044
1DBEBCA618D5AE0; 6044
1DBEBCBBD14B650; 6048
1DBEBCBBDAD9440; 6048
1DBEBCBD57C32E0; 6048
1DBEBCBDFA6CF50; 6048
1DBEBCBF80E4BE0; 6048
1DBEBCD4AA51D40; 6050
1DBEBCD6273BBE0; 6050
1DBEBCD863701E0; 6050
1DBEBCEE2573B40; 6050
1DBEBCEFA25D9E0; 6050
1DBEBCF1D508960; 6050
1DBEBD07A095940; 6066
1DBEBD091D7F7E0; 6066
1DBEBD0ACAA6C60; 6066
1DBEBD1AA9DC2C0; 6075
1DBEBD1C26C6160; 6075
1DBEBD1DF46E622; 6075
1DBEBD2FBFA81C0; 6074
1DBEBD3136ED6A2; 6074
1DBEBD3362C8BDE; 6074
1DBEBD493AC9FC0; 6076
1DBEBD4AAB3FA5E; 6076
1DBEBD62B5EBDC0; 6078
1DBEBD64E896D40; 6078
1DBEBD7C310DBC0; 6078
1DBEBD7E8054EC0; 6078
1DBEBD95C8CBD40; 6081
1DBEBD97DEDA940; 6081
1DBEBDAEF7A2740; 6083
1DBEBDB120C4040; 6083
1DBEBDC872C4540; 6086
1DBEBDCA88D3140; 6086
1DBEBDE198118C0; 6083
1DBEBDE3C1331C0; 6083
1DBEBDFAC6E82C0; 6084
1DBEBDFCF993240; 6084
1DBEBE143880A40; 6096
1DBEBE160244240; 6096
1DBEBE2944C32C0; 6096
1DBEBE2B776E240; 6096
1DBEBE42B65BA40; 6096
1DBEBE44DF7D340; 6096
1DBEBE5C27F41C0; 6094
1DBEBE5E5A9F140; 6094
1DBEBE75998C940; 6096
1DBEBE77C2AE240; 6096
1DBEBE8F0B250C0; 6098
1DBEBE913DD0040; 6098
1DBEBEA87CBD840; 6099
1DBEBEAAA5DF140; 6099
1DBEBEC1EE55FC0; 6096
1DBEBEC42100F40; 6096
1DBEBEDB5FEE740; 6099
1DBEBEDD8910040; 6099
1DBEBEF4D186EC0; 6101
1DBEBEF6FAA87C0; 6101
1DBEBF0E431F640; 6098
1DBEBF1075CA5C0; 6098
1DBEBF27B4B7DC0; 6100
1DBEBF29DDD96C0; 6100
1DBEBF412650540; 6098
1DBEBF436284B40; 6098
1DBEBF5AAAFB9C0; 6098
1DBEBF5CCA93C40; 6098
1DBEBF74261D7C0; 6097
1DBEBF764F3F0C0; 6097
1DBEBF8D97B5F40; 6101
1DBEBF8FB74E1C0; 6101
1DBEBFA65DA51C0; 6104
1DBEBFA886C6AC0; 6104
1DBEBFBFCF3D940; 6103
1DBEBFC1F85F240; 6103
1DBEBFD940D60C0; 6109
1DBEBFDB4D5B640; 6109
1DBEBFF0FBBDD40; 6107
1DBEBFF324DF640; 6107
1DBEC00A6D564C0; 6108
1DBEC00C9677DC0; 6108
1DBEC023DEEEC40; 6106
1DBEC0261199BC0; 6106
1DBEC03D50873C0; 6110
1DBEC03F701F640; 6110
1DBEC0561676640; 6110
1DBEC0583F97F40; 6110
1DBEC06E94C6018; 6110
1DBEC06F9198440; 6110
1DBEC071BAB9D40; 6110
1DBEC087FFCBACF; 6112
1DBEC0890330BC0; 6112
1DBEC08B2C524C0; 6112
1DBEC0A16C6738E; 6112
1DBEC0A274C9340; 6112
1DBEC0A494615C0; 6112
1DBEC0BAD8F37BB; 6093
1DBEC0BBE661AC0; 6093
1DBEC0BD63D9EC0; 6093
1DBEC0CC7D59269; 6111
1DBEC0CD8ECC3C0; 6111
1DBEC0CEBFF93C0; 6111
1DBEC0DABBEF319; 6115
1DBEC0DBD35ED40; 6115
1DBEC0DDD65AC40; 6115
1DBEC0F219C1FCB; 6114
1DBEC0F33871F40; 6114
1DBEC0F44C6CF4B; 6114
1DBEC0F56B1CEC0; 6114
1DBEC10B8F4042E; 6114
1DBEC10B94E3DCB; 6114
1DBEC10CB393D40; 6114
1DBEC10DAED86AE; 6114
1DBEC10DB47C04B; 6114
1DBEC10ED32BFC0; 6114
1DBEC124FA65C10; 6116
1DBEC12500D8BAE; 6116
1DBEC125067C54B; 6116
1DBEC126252C4C0; 6116
1DBEC1272D10B90; 6116
1DBEC1273383B2E; 6116
1DBEC12739274CB; 6116
1DBEC12857D7440; 6116
1DBEC13E78A8A00; 6116
1DBEC13E7F11090; 6116
1DBEC13E858402E; 6116
1DBEC13E8B279CB; 6116
1DBEC13FA9D7940; 6116
1DBEC1408EB7600; 6116
1DBEC140951FC90; 6116
1DBEC1409B92C2E; 6116
1DBEC140A1365CB; 6116
1DBEC141BFE6540; 6116
1DBEC157DA00643; 6120
1DBEC157E0B7B00; 6120
1DBEC157E720190; 6120
1DBEC157ED9312E; 6120
1DBEC157F336ACB; 6120
1DBEC15911E6A40; 6120
1DBEC159F00F243; 6120
1DBEC159F6C6700; 6120
1DBEC159FD2ED90; 6120
1DBEC15A03A1D2E; 6120
1DBEC15A09456CB; 6120
1DBEC15B27F5640; 6120
1DBEC1708FB4D96; 6120
1DBEC1709666243; 6120
1DBEC1709D1D700; 6120
1DBEC170A385D90; 6120
1DBEC170A9F8D2E; 6120
1DBEC170AF9C6CB; 6120
1DBEC171CE4C640; 6120
1DBEC172B8D6696; 6120
1DBEC172BF87B43; 6120
1DBEC172C63F000; 6120
1DBEC172CCA7690; 6120
1DBEC172D31A62E; 6120
1DBEC173F76DF40; 6120
1DBEC189F2F5E6C; 6117
1DBEC189F7C3E96; 6117
1DBEC189FE75343; 6117
1DBEC18A052C800; 6117
1DBEC18A0B94E90; 6117
1DBEC18A1207E2E; 6117
1DBEC18A17AB7CB; 6117
1DBEC18B365B740; 6117
1DBEC18C1C1776C; 6117
1DBEC18C20E5796; 6117
1DBEC18C2796C43; 6117
1DBEC18C2E4E100; 6117
1DBEC18C34B6790; 6117
1DBEC18D5F7D040; 6117
1DBEC1A35B04F6C; 6118
1DBEC1A35FD2F96; 6118
1DBEC1A36684443; 6118
1DBEC1A36D3B900; 6118
1DBEC1A373A3F90; 6118
1DBEC1A37FBA8CB; 6118
1DBEC1A49E6A840; 6118
1DBEC1A57A9D1EC; 6118
1DBEC1A57F6B216; 6118
1DBEC1A5861C6C3; 6118
1DBEC1A58CD3B80; 6118
1DBEC1A5933C210; 6118
1DBEC1A6BE02AC0; 6118
1DBEC1BCC31406C; 6119
1DBEC1BCC7E2096; 6119
1DBEC1BCCE93543; 6119
1DBEC1BCD54AA00; 6119
1DBEC1BCE7C99CB; 6119
1DBEC1BE0679940; 6119
1DBEC1BEEC3596C; 6119
1DBEC1BEF103996; 6119
1DBEC1BEF7B4E43; 6119
1DBEC1BEFE6C300; 6119
1DBEC1C02F9B240; 6119
1DBEC1D62B2316C; 6122
1DBEC1D62FF1196; 6122
1DBEC1D636A2643; 6122
1DBEC1D64FD8ACB; 6122
1DBEC1D76E88A40; 6122
1DBEC1D85444A6C; 6122
1DBEC1D85912A96; 6122
1DBEC1D997AA340; 6122
1DBEC1EF933226C; 6120
1DBEC1EFB7E7BCB; 6120
1DBEC1F0D697B40; 6120
1DBEC1F1CF6686C; 6120
1DBEC1F312CC140; 6120
1DBEC20933099CB; 6121
1DBEC20A51B9940; 6121
1DBEC20C5E3EEC0; 6121
1DBEC2229B18ACB; 6120
1DBEC223B9C8A40; 6120
1DBEC225EC739C0; 6120
1DBEC23C0CB124B; 6117
1DBEC23D2B611C0; 6117
1DBEC23F416FDC0; 6117
1DBEC2553B87C4B; 6119
1DBEC2565A37BC0; 6119
1DBEC2588CE2B40; 6119
1DBEC26EA109A90; 6129
1DBEC26FC34985D; 6129
1DBEC26FCBD0340; 6129
1DBEC271A60ADA2; 6129
1DBEC284B53D22E; 6126
1DBEC285D6F50A2; 6126
1DBEC287EF9AFD0; 6126
1DBEC29DD417610; 6124
1DBEC29EF5500D0; 6124
1DBEC2A02B3206A; 6124
1DBEC2B773A8EEA; 6149
1DBEC2B8AE5F56A; 6149
1DBEC2C6179996A; 6194
1DBEC2C781FF06A; 6198
1DBEC2C8EC6476A; 6197
1DBEC2CA73661EA; 6197
1DBEC2DB407856A; 6184
1DBEC2DCD10366A; 6184
1DBEC2ED3EB78EA; 6172
1DBEC2EECF429EA; 6172
1DBEC2FFE8A016A; 6172
1DBEC3021B4B0EA; 6172
1DBEC3195A388EA; 6183
1DBEC31B2D8576A; 6183
1DBEC32EBC4FBEA; 6172
1DBEC3307C89D6A; 6172
1DBEC3431CE8F6A; 6153
1DBEC3446128C6A; 6153
1DBEC35262F986A; 6149
1DBEC3546F7EDEA; 6149
1DBEC369D1960EA; 6139
1DBEC36BA4E2F6A; 6139
1DBEC37F33AD3EA; 6135
1DBEC38149BBFEA; 6135
1DBEC397A3C7BEA; 6123
1DBEC3996401D6A; 6123
1DBEC3AC5A359EA; 6117
1DBEC3AE5D318EA; 6117
1DBEC3C372FD7EA; 6107
1DBEC3C5464A66A; 6107
1DBEC3D8D514AEA; 6104
1DBEC3DAFE363EA; 6104
1DBEC3F1FA61E6A; 6096
1DBEC3F3EA4B06A; 6096
1DBEC408C6DE86A; 6094
1DBEC40B0312E6A; 6094
1DBEC422420066A; 6093
1DBEC42474AB5EA; 6093
1DBEC43BBD2246A; 6084
1DBEC43DAD0B66A; 6084
1DBEC4522A40D6A; 6075
1DBEC454071726A; 6075
1DBEC467EBB616A; 6068
1DBEC469E5289EA; 6068
1DBEC47EAEA94EA; 6064
1DBEC480D7CADEA; 6064
1DBEC4977E21DEA; 6065
1DBEC499BA563EA; 6065
1DBEC4B0F943BEA; 6061
1DBEC4B32BEEB6A; 6061
1DBEC4C9C8BC4EA; 6058
1DBEC4CBFB6746A; 6058
1DBEC4E343DE2EA; 6061
1DBEC4E580128EA; 6061
1DBEC4FCBF000EA; 6047
1DBEC4FE7F3A26A; 6047
1DBEC510D34E06A; 6047
1DBEC513190BCEA; 6047
1DBEC52A57F94EA; 6048
1DBEC52C942DAEA; 6048
1DBEC543EFB766A; 6051
1DBEC54618D8F6A; 6051
1DBEC55D1E8E06A; 6046
1DBEC55F47AF96A; 6046
1DBEC575A1BB56A; 6052
1DBEC577B7CA16A; 6052
1DBEC58D6FB5EEA; 6053
1DBEC58FB573B6A; 6053
1DBEC5A6F46136A; 6050
1DBEC5A9309596A; 6050
1DBEC5C0790C7EA; 6110
1DBEC5C1E371EEA; 6117
1DBEC5C31975E00; 6117
1DBEC5C43C4286A; 6117
1DBEC5C5939526A; 6117
1DBEC5DCD282A6A; 6129
1DBEC5DEAF58F6A; 6129
1DBEC5F1F1D7FEA; 6129
1DBEC5F43795C6A; 6129
1DBEC60B8007E18; 6133
1DBEC60B800CAEA; 6133
1DBEC60DAC200CF; 6133
1DBEC62452770CF; 6149
1DBEC625FAA168E; 6149
1DBEC6370A7578E; 6161
1DBEC638B2908BB; 6161
1DBEC64A183943B; 6179
1DBEC64B6B86FE9; 6179
1DBEC6596D57BE9; 6180
1DBEC65BAD18F99; 6180
1DBEC672EC06799; 6184
1DBEC67517711CB; 6184
1DBEC68BBDC81CB; 6195
1DBEC68DA80DA2E; 6195
1DBEC6A12D4E82E; 6192
1DBEC6A3630FE90; 6192
1DBEC6BA55B2290; 6186
1DBEC6BC81F4B80; 6186
1DBEC6D239E0900; 6184
1DBEC6D46F5DA43; 6184
1DBEC6EBDDFA2C3; 6183
1DBEC6EE137D416; 6183
1DBEC705657D916; 6166
1DBEC706FAC406C; 6166
1DBEC717D15FA6C; 6158
1DBEC7191011EB4; 6158
1DBEC72C9552CB4; 6151
1DBEC72E8EC5534; 6151
1DBEC74361CF6B4; 6149
1DBEC745A78D334; 6149
1DBEC75CE67AB34; 6176
1DBEC75E0E1E4B4; 6176
1DBEC76A88ED634; 6188
1DBEC76BF352D34; 6188
1DBEC77A8DBA134; 6206
1DBEC77BB55DAB4; 6206
1DBEC7878483734; 6212
1DBEC7896159C34; 6212
1DBEC79CA3D8CB4; 6222
1DBEC79E8A38834; 6222
1DBEC7B1C32E234; 6231
1DBEC7B3A98DDB4; 6231
1DBEC7C74B6AF34; 6235
1DBEC7C97E15EB4; 6235
1DBEC7DFCE98434; 6244
1DBEC7E1DB1D9B4; 6244
1DBEC7F658530B4; 6253
1DBEC7F835295B4; 6253
1DBEC80C2351B34; 6260
1DBEC80E1CC43B4; 6260
1DBEC822EFCE534; 6264
1DBEC825358C1B4; 6264
1DBEC83BD259B34; 6267
1DBEC83E0504AB4; 6267
1DBEC8550130534; 6264
1DBEC85746EE1B4; 6264
1DBEC86E85DB9B4; 6264
1DBEC870C20FFB4; 6264
1DBEC8880A86E34; 6268
1DBEC88A46BB434; 6268
1DBEC8A0E388DB4; 6276
1DBEC8A2DCFB634; 6276
1DBEC8B7B0057B4; 6281
1DBEC8B9CF9DA34; 6281
1DBEC8CFDD5E234; 6284
1DBEC8D210091B4; 6284
1DBEC8E915BE2B4; 6262
1DBEC8EA769A334; 6262
1DBEC8F9A997F34; 6288
1DBEC8FFF54D9B4; 6295
1DBEC9013004034; 6295
1DBEC90E43699B4; 6299
1DBEC91059785B4; 6299
1DBEC9264A9CA34; 6337
1DBEC92C96524B4; 6337
1DBEC92ED286AB4; 6337
1DBEC9461AFD934; 6349
1DBEC947EE4A7B4; 6349
1DBEC95B30C9834; 6359
1DBEC95D0D9FD34; 6359
1DBEC9704695734; 6357
1DBEC97279406B4; 6357
1DBEC989C1B7534; 6385
1DBEC98AED5440E; 6385
1DBEC9958149FCF; 6385
1DBEC99708C548E; 6385
1DBEC99934919A1; 6385
1DBEC9AEFC6BDCF; 6387
1DBEC9B07D08821; 6387
1DBEC9B2C563AE4; 6387
1DBEC9C88AA08CF; 6391
1DBEC9CA04512E4; 6391
1DBEC9E163A284F; 6398
1DBEC9E35D150CF; 6398
1DBEC9F8D23F0CF; 6403
1DBEC9FAF1D734F; 6403
1DBECA10F60E4CF; 6403
1DBECA1328B944F; 6403
1DBECA2A7AB994F; 6408
1DBECA2C90C854F; 6408
1DBECA42EAD414F; 6401
1DBECA44F7596CF; 6401
1DBECA5A59709CF; 6408
1DBECA5C52E324F; 6408
1DBECA7172387CF; 6413
1DBECA7388473CF; 6413
1DBECA898C7E54F; 6409
1DBECA8BAC167CF; 6409
1DBECAA2526D7CF; 6413
1DBECAA47B8F0CF; 6413
1DBECABB185CA4F; 6426
1DBECABCD896BCF; 6426
1DBECACF78F5DCF; 6425
1DBECAD1ABA0D4F; 6425
1DBECAE8EA8E54F; 6428
1DBECAEB13AFE4F; 6428
1DBECB025C26CCF; 6419
1DBECB044C0FECF; 6419
1DBECB18BFBBF4F; 6426
1DBECB1AB92E7CF; 6426
1DBECB2FD883D4F; 6425
1DBECB3201A564F; 6425
1DBECB494A1C4CF; 6432
1DBECB4B56A1A4F; 6432
1DBECB60B8B8D4F; 6422
1DBECB628C05BCF; 6422
1DBECB7624596CF; 6429
1DBECB780AB924F; 6429
1DBECB8CDDC33CF; 6429
1DBECB8F106E34F; 6429
1DBECBA64F5BB4F; 6429
1DBECBA88B9014F; 6429
1DBECBBFD406FCF; 6432
1DBECBC1EA15BCF; 6432
1DBECBD8EFCACCF; 6424
1DBECBDAD62A84F; 6424
1DBECBEFA9349CF; 6412
1DBECBF1696EB4F; 6412
1DBECC03C900105; 6436
1DBECC051E5E9CF; 6436
1DBECC1054EDE4F; 6430
1DBECC121527FCF; 6430
1DBECC24CA8E005; 6406
1DBECC26166324F; 6406
1DBECC31A2C714F; 6412
1DBECC336C8A94F; 6412
1DBECC466E3BD85; 6436
1DBECC47C39A64F; 6436
1DBECC539C4994F; 6434
1DBECC55BBE1BCF; 6434
1DBECC6C6238BCF; 6437
1DBECC6E8B5A4CF; 6437
1DBECC85D3D134F; 6437
1DBECC87FCF2C4F; 6437
1DBECC9F4569ACF; 6437
1DBECCA17814A4F; 6437
1DBECCB8B70224F; 6413
1DBECCB9FB41F4F; 6413
1DBECCC865FA2CF; 6440
1DBECCCDD6577CF; 6432
1DBECCD4FD657CF; 6437
1DBECCD68DF08CF; 6437
1DBECCE7B0D76CF; 6431
1DBECCE9973724F; 6431
1DBECCFE6A413CF; 6439
1DBECD0050A0F4F; 6439
1DBECD14CDD664F; 6432
1DBECD16BDBF84F; 6432
1DBECD2B9A5304F; 6437
1DBECD2D9D4EF4F; 6437
1DBECD43AB0F74F; 6434
1DBECD45DDBA6CF; 6434
1DBECD5CD05CACF; 6422
1DBECD5E9096C4F; 6422
1DBECD719053F4F; 6442
1DBECD72C180F4F; 6442
1DBECD80808FDCF; 6434
1DBECD824A535CF; 6434
1DBECD94EAB27CF; 6441
1DBECD96C788CCF; 6441
1DBECDAB4E47A4F; 6446
1DBECDAD5ACCFCF; 6446
1DBECDC35F0414F; 6441
1DBECDC57512D4F; 6441
1DBECDDB82D354F; 6439
1DBECDDDABF4E4F; 6439
1DBECDF4FDF534F; 6441
1DBECDF71D8D5CF; 6441
1DBECE0E6F8DACF; 6425
1DBECE1009A224F; 6425
1DBECE218BE714F; 6445
1DBECE22B38AACF; 6445
1DBECE2F7AA504F; 6444
1DBECE31A3C694F; 6444
1DBECE48EC3D7CF; 6423
1DBECE4A56A2ECF; 6423
1DBECE599CB37CF; 6436
1DBECE59B670753; 6436
1DBECE5B10A254F; 6436
1DBECE6948CC453; 6443
1DBECE6AA2FE24F; 6443
1DBECE6B15F28D3; 6443
1DBECE6B1C192D3; 6443
1DBECE6C764B0CF; 6443
1DBECE7EFA917D3; 6440
1DBECE7F00B81D3; 6440
1DBECE805AE9FCF; 6440
1DBECE81137A325; 6440
1DBECE811A29A53; 6440
1DBECE812050453; 6440
1DBECE827A8224F; 6440
1DBECE980FA5DA5; 6436
1DBECE9816554D3; 6436
1DBECE981C7BED3; 6436
1DBECE9976ADCCF; 6436
1DBECE9A2F3E025; 6436
1DBECE9A35ED753; 6436
1DBECE9B9645F4F; 6436
1DBECEB0D595025; 6436
1DBECEB0DC44753; 6436
1DBECEB0E26B153; 6436
1DBECEB23C9CF4F; 6436
1DBECEB2F52D2A5; 6436
1DBECEB2FBDC9D3; 6436
1DBECEB45C351CF; 6436
1DBECECA50B6E25; 6436
1DBECECA5766553; 6436
1DBECECA5D8CF53; 6436
1DBECECBB7BED4F; 6436
1DBECECC8361DA5; 6436
1DBECECC8A114D3; 6436
1DBECECDEA69CCF; 6436
1DBECEE3C24F5A5; 6433
1DBECEE3C8FECD3; 6433
1DBECEE3CF256D3; 6433
1DBECEE529574CF; 6433
1DBECEE5EB70EA5; 6433
1DBECEE5F2205D3; 6433
1DBECEE75278DCF; 6433
1DBECEFD33E7D25; 6442
1DBECEFD40BDE53; 6442
1DBECEFE9AE5960; 6442
1DBECEFE9AEFC4F; 6442
1DBECEFF1A478A5; 6442
1DBECF007B1AFFC; 6442
1DBECF13A4530D3; 6442
1DBECF14F8506FC; 6442
1DBECF16E6D8B85; 6442
1DBECF2D0FC4E53; 6434
1DBECF2E2F4FA05; 6434
1DBECF301F38C05; 6434
1DBECF441F035D3; 6418
1DBECF453E8E185; 6418
1DBECF46CF19285; 6418
1DBECF5673173D3; 6437
1DBECF5792A1F85; 6437
1DBECF58C3CEF85; 6437
1DBECF6461D52D3; 6428
1DBECF65815FE85; 6428
1DBECF6711EAF85; 6428
1DBECF770BBDB53; 6419
1DBECF782B48705; 6419
1DBECF79F50BF05; 6419
1DBECF8BC22B953; 6413
1DBECF8CE1B6505; 6413
1DBECF8EDB28D85; 6413
1DBECFA2DAF3753; 6418
1DBECFA3FA7E305; 6418
1DBECFA60703885; 6418
1DBECFBAFEC2B53; 6414
1DBECFBC1E4D705; 6414
1DBECFBE50F8685; 6414
1DBECFD3DDEB4D3; 6456
1DBECFD556AD785; 6456
1DBECFD9B109753; 6478
1DBECFDAD094305; 6478
1DBECFDC3A9221B; 6483
1DBECFDDB7A8B5E; 6482
1DBECFDF305F023; 6482
1DBECFEEE64B925; 6500
1DBECFF006FAA23; 6500
1DBECFF1470CA0D; 6500
1DBECFFEA6BD78D; 6488
1DBED00E47884D3; 6482
1DBED01037716D3; 6482
1DBED024B4A6DD3; 6488
1DBED026B7A2CD3; 6488
1DBED03C2CCCCD3; 6477
1DBED03DF6904D3; 6477
1DBED051390F553; 6474
1DBED0536230E53; 6474
1DBED06A54D3253; 6471
1DBED06C877E1D3; 6471
1DBED083C66B9D3; 6463
1DBED085BFDE253; 6463
1DBED09ADF337D3; 6452
1DBED09CB280653; 6452
1DBED0AFF4FF6D3; 6448
1DBED0B21E20FD3; 6448
1DBED0C894C8F53; 6440
1DBED0CA7B28AD3; 6440
1DBED0DF57BC2D3; 6435
1DBED0E17754553; 6435
1DBED0F77B8B6D3; 6436
1DBED0F9AE36653; 6436
1DBED110F6AD4D3; 6427
1DBED112F9A93D3; 6427
1DBED12776DEAD3; 6419
1DBED12966C7CD3; 6419
1DBED13DED86A53; 6418
1DBED14020319D3; 6418
1DBED1577231ED3; 6411
1DBED1597EB7453; 6411
1DBED16EEA57DD3; 6417
1DBED17100669D3; 6417
1DBED186B852753; 6412
1DBED188CE61353; 6412
1DBED19EDC21B53; 6419
1DBED1A0DF1DA53; 6419
1DBED1B5FE72FD3; 6419
1DBED1B84430C53; 6419
1DBED1CF831E453; 6409
1DBED1D17307653; 6409
1DBED1E5A3F1953; 6416
1DBED1E79D641D3; 6416
1DBED1FC79F79D3; 6414
1DBED1FEB62BFD3; 6414
1DBED215FEA2E53; 6401
1DBED217C866653; 6401
1DBED22A68C5853; 6402
1DBED22CA4F9E53; 6402
1DBED243ED70CD3; 6432
1DBED2450B8AFD3; 6432
1DBED2503890DD3; 6431
1DBED25274C53D3; 6431
1DBED269BD3C253; 6428
1DBED26BF970853; 6428
1DBED28341E76D3; 6434
1DBED2857492653; 6434
1DBED29B22F4D53; 6443
1DBED29D09548D3; 6443
1DBED2B143C8253; 6444
1DBED2B3930F553; 6444
1DBED2CAC526C25; 6473
1DBED2CBE68D9D3; 6473
1DBED2D772F18D3; 6486
1DBED2D8B7315D3; 6486
1DBED2E5CA96F53; 6492
1DBED2E7BA80153; 6492
1DBED2FB9F1F053; 6491
1DBED2FDE4DCCD3; 6491
1DBED3152D53B53; 6492
1DBED3177C9AE53; 6492
1DBED32EBB88653; 6477
1DBED3307BC27D3; 6477
1DBED342838B1D3; 6470
1DBED3449010753; 6470
1DBED35903BC7D3; 6477
1DBED35B2354A53; 6477
1DBED3703920953; 6468
1DBED3722909B53; 6468
1DBED386637D4D3; 6467
1DBED388BC4DE53; 6467
1DBED39FFB3B653; 6448
1DBED3A19ED9453; 6448
1DBED3B1C9CB953; 6435
1DBED3B35A56A53; 6435
1DBED3C38ED25D3; 6429
1DBED3C59531153; 6429
1DBED3DA2F02BD3; 6429
1DBED3DC779A7A5; 6429
1DBED3F3C011625; 6454
1DBED402549524E; 6480
1DBED406E010B4E; 6485
1DBED408245084E; 6485
1DBED416393414E; 6503
1DBED420815834E; 6505
1DBED422D09F64E; 6505
1DBED4396D6CFCE; 6525
1DBED43AFDF80CE; 6525
1DBED44A86CA74E; 6531
1DBED44C934FCCE; 6531
1DBED46110853CE; 6536
1DBED463433034E; 6536
1DBED47947674CE; 6558
1DBED47AB1CCBCE; 6558
1DBED488FFE8BCE; 6566
1DBED48AE64874E; 6566
1DBED49D7D1E2CE; 6576
1DBED49F506B14E; 6576
1DBED4B2502844E; 6581
1DBED4B47949D4E; 6581
1DBED4CA3135ACE; 6585
1DBED4CC6D6A0CE; 6585
1DBED4E2DA889CE; 6585
1DBED4E5204664E; 6585
1DBED4FC68BD4CE; 6588
1DBED4FEAE7B14E; 6588
1DBED515F6F1FCE; 6592
1DBED5183CAFC4E; 6592
1DBED52ED97D5CE; 6594
1DBED5311F3B24E; 6594
1DBED54867B20CE; 6592
1DBED54AAD6FD4E; 6592
1DBED562DAC87CE; 6626
1DBED56C348174E; 6637
1DBED56D5C250CE; 6637
1DBED579D6F424E; 6640
1DBED57C0015B4E; 6640
1DBED592044CCCE; 6639
1DBED592BA0A54B; 6639
1DBED59440812CE; 6639
1DBED5AA02813CB; 6645
1DBED5AB88F814E; 6645
1DBED5AC24AF1E1; 6645
1DBED5AC2BA2CCB; 6645
1DBED5ADB219A4E; 6645
1DBED5C1D3118E1; 6659
1DBED5C1DA053CB; 6659
1DBED5C3607C14E; 6659
1DBED5C37937D9A; 6659
1DBED5C38038D61; 6659
1DBED5C3872C84B; 6659
1DBED5C50DA35CE; 6659
1DBED5D534B539A; 6660
1DBED5D53BB6361; 6660
1DBED5D542A9E4B; 6660
1DBED5D6C920BCE; 6660
1DBED5D76A4408C; 6660
1DBED5D770E999A; 6660
1DBED5D777EA961; 6660
1DBED5D905551CE; 6660
1DBED5EEB2BAF0C; 6664
1DBED5EEB96081A; 6664
1DBED5EEC7552CB; 6664
1DBED5F04DCC04E; 6664
1DBED5F0E80337D; 6664
1DBED5F0EEEF50C; 6664
1DBED5F0F594E1A; 6664
1DBED5F28A0064E; 6664
1DBED6078E5A37D; 6671
1DBED607954650C; 6671
1DBED607A9E08CB; 6671
1DBED609305764E; 6671
1DBED6098BA6D94; 6671
1DBED609915627D; 6671
1DBED60B335354E; 6671
1DBED61F00D0D94; 6673
1DBED61F22067CB; 6673
1DBED620A87D54E; 6673
1DBED6213D05394; 6673
1DBED6214CFA2A7; 6673
1DBED622DDEEB24; 6673
1DBED6389571127; 6675
1DBED638A6B1C4B; 6675
1DBED63A1C55FA8; 6675
1DBED63A26659A4; 6675
1DBED63ABFDDB37; 6675
1DBED63ACCC8B87; 6675
1DBED63C5BD3894; 6675
1DBED6522B5D0CB; 6678
1DBED653A44A714; 6678
1DBED6544C75C20; 6678
1DBED655D9C3F8A; 6678
1DBED66BB00854B; 6682
1DBED66D223AE0A; 6682
1DBED684890A4CB; 6692
1DBED6866F6A04B; 6692
1DBED69A4A7F8CB; 6699
1DBED69C3A68ACB; 6699
1DBED6B10D72C4B; 6694
1DBED6B32D0AECB; 6694
1DBED6C9314204B; 6693
1DBED6CB5A6394B; 6693
1DBED6E2B5ED4CB; 6702
1DBED6E4AF5FD4B; 6702
1DBED6F9230BDCB; 6704
1DBED6FB5F403CB; 6704
1DBED712A7B724B; 6705
1DBED714D0D8B4B; 6705
1DBED72C22D904B; 6706
1DBED72E5583FCB; 6706
1DBED7459DFAE4B; 6708
1DBED747D0A5DCB; 6708
1DBED75F191CC4B; 6716
1DBED7610905E4B; 6716
1DBED775DC0FFCB; 6717
1DBED7780EBAF4B; 6717
1DBED78F5731DCB; 6712
1DBED79180536CB; 6712
1DBED7A7DA5F2CB; 6712
1DBED7AA0380BCB; 6712
1DBED7C155810CB; 6717
1DBED7C36B8FCCB; 6717
1DBED7D9CF24F4B; 6720
1DBED7DBEEBD1CB; 6720
1DBED7F2FDFB94B; 6725
1DBED7F51D93BCB; 6725
1DBED80B6E1614B; 6724
1DBED80D9737A4B; 6724
1DBED824DFAE8CB; 6719
1DBED826FF46B4B; 6719
1DBED83D4FC90CB; 6724
1DBED83F6F6134B; 6724
1DBED855BFE38CB; 6721
1DBED857E9051CB; 6721
1DBED86F317C04B; 6727
1DBED871478AC4B; 6727
1DBED886F5ED34B; 6728
1DBED8891F0EC4B; 6728
1DBED8A0710F14B; 6728
1DBED8A29A30A4B; 6728
1DBED8B9E2A78CB; 6720
1DBED8BBE5A37CB; 6720
1DBED8D0FB6F6CB; 6721
1DBED8D32490FCB; 6721
1DBED8EA6D07E4B; 6725
1DBED8EC8CA00CB; 6725
1DBED90332F70CB; 6726
1DBED90565A204B; 6726
1DBED91CA48F84B; 6733
1DBED91EA78B74B; 6733
1DBED934132C0CB; 6727
1DBED9361FB164B; 6727
1DBED94BD79D3CB; 6730
1DBED94DF73564B; 6730
1DBED964FCEA74B; 6730
1DBED9672F956CB; 6730
1DBED97E6E82ECB; 6710
1DBED97FE271C4B; 6710
1DBED98FDDB50CB; 6739
1DBED9953AFF8CB; 6737
1DBED9972AE8ACB; 6737
1DBED9ABB1A784B; 6734
1DBED9ADD13FACB; 6734
1DBED9C4CD6B54B; 6738
1DBED9C6ED037CB; 6738
1DBED9DD935A7CB; 6735
1DBED9DFBC7C0CB; 6735
1DBED9F704F2F4B; 6742
1DBED9F8FE657CB; 6742
1DBEDA0E738F7CB; 6743
1DBEDA10A63A74B; 6743
1DBEDA27E527F4B; 6736
1DBEDA29DE9A7CB; 6736
1DBEDA3F4A3B14B; 6742
1DBEDA414D3704B; 6742
1DBEDA56C26104B; 6733
1DBEDA589F3754B; 6733
1DBEDA6CD02184B; 6741
1DBEDA6EB6813CB; 6741
1DBEDA82FA7E3CB; 6738
1DBEDA851A1664B; 6738
1DBEDA9C32DE44B; 6734
1DBEDA9E52766CB; 6734
1DBEDAB4F8CD6CB; 6730
1DBEDAB7186594B; 6730
1DBEDACDC845FCB; 6736
1DBEDACFCB41ECB; 6736
1DBEDAE58CB72CB; 6732
1DBEDAE7B5D8BCB; 6732
1DBEDAFE52A654B; 6738
1DBEDB0055A244B; 6738
1DBEDB160D8E1CB; 6738
1DBEDB1836AFACB; 6738
1DBEDB2F923964B; 6737
1DBEDB31C4E45CB; 6737
1DBEDB4903D1DCB; 6735
1DBEDB4B367CD4B; 6735
1DBEDB627EF3BCB; 6741
1DBEDB64786644B; 6741
1DBEDB7A39DB84B; 6740
1DBEDB7C6C867CB; 6740
1DBEDB93AB73FCB; 6739
1DBEDB95CDA1DE1; 6739
1DBEDBAD1618C61; 6738
1DBEDBAF4B4C29A; 6738
1DBEDBC693C311A; 6733
1DBEDBC8901970C; 6733
1DBEDBDEFD3800C; 6735
1DBEDBE128F6DFD; 6735
1DBEDBF867E45FD; 6723
1DBEDBFA2BF8914; 6723
1DBEDC0D6E77994; 6707
1DBEDC0EFBE4CA7; 6707
1DBEDC1ED102727; 6695
1DBEDC205CB0C87; 6695
1DBEDC311CD7FB7; 6707
1DBEDC3129C3007; 6707
1DBEDC32BED93A0; 6707
1DBEDC43E1C01A0; 6711
1DBEDE14E4F48D0; 6868
1DBEDE16A52EA50; 6868
1DBEDE2915DEBD0; 6854
1DBEDE2AAFF3350; 6854
1DBEDE3B7D056D0; 6849
1DBEDE3D898AC50; 6849
1DBEDE52FEB4C50; 6858
1DBEDE54EE9DE50; 6858
1DBEDE69886F8D0; 6897
1DBEDE6E439A250; 6893
1DBEDE6FCA9BCD0; 6893
1DBEDE7F9FB9750; 6892
1DBEDE81DBEDD50; 6892
1DBEDE992464BD0; 6897
1DBEDE9B570FB50; 6897
1DBEDEB28C73CD0; 6865
1DBEDEBC3C016D0; 6856
1DBEDEBDA666DD0; 6856
1DBEDECC96A2C50; 6852
1DBEDECEB63AED0; 6852
1DBEDEE46E26C50; 6867
1DBEDEE61B4E0D0; 6867
1DBEDEF78A802D0; 6910
1DBEDEF907F86D0; 6914
1DBEDEFA725DDD0; 6919
1DBEDEFBDCC34D0; 6935
1DBEDEFE18F7AD0; 6937
1DBEDF06ED2CF50; 6961
1DBEDF085792650; 6973
1DBEDF0AB062FD0; 6973
1DBEDF0BFE2C350; 6973
1DBEDF2346A31D0; 6982
1DBEDF25499F0D0; 6982
1DBEDF39BD4B150; 6989
1DBEDF3BC047050; 6989
1DBEDF50DF9C5D0; 6987
1DBEDF531BD0BD0; 6987
1DBEDF6A6447A50; 6985
1DBEDF6CAA056D0; 6985
1DBEDF84058F250; 7006
1DBEDF85797DFD0; 7006
1DBEDF94B605250; 7009
1DBEDF96E8B01D0; 7009
1DBEDFAD3932750; 7012
1DBEDFAF7566D50; 7012
1DBEDFC6BDDDBD0; 6991
1DBEDFC83B55FD0; 6991
1DBEDFD76E53BD0; 6995
1DBEDFD98DEBE50; 6995
1DBEDFEF45D7BD0; 7001
1DBEDFF1656FE50; 7001
1DBEE006E4234D0; 7013
1DBEE008B770350; 7013
1DBEE01B57CF550; 7025
1DBEE01D04F69D0; 7025
1DBEE02EC073FD0; 7018
1DBEE030B9E6850; 7018
1DBEE0461BFDB50; 6987
1DBEE05004C3C50; 6974
1DBEE059B451650; 6969
1DBEE05B9AB11D0; 6969
1DBEE06ED3A6BD0; 6971
1DBEE0710FDB1D0; 6971
1DBEE0885852050; 6994
1DBEE089C2B7750; 6994
1DBEE098EC2BCD0; 7015
1DBEE0A245E4C50; 7025
1DBEE0A393ADFD0; 7025
1DBEE0B0F35ED50; 7040
1DBEE0B2379EA50; 7040
1DBEE0BF4B043D0; 7049
1DBEE0C0F82B850; 7049
1DBEE0D25DD43D0; 7061
1DBEE0D41484ED0; 7061
1DBEE0E570A43D0; 7065
1DBEE0E799C5CD0; 7065
1DBEE0FD9DFCE50; 7070
1DBEE0FFBD950D0; 7070
1DBEE115CB558D0; 7075
1DBEE117EAEDB50; 7075
1DBEE12DF8AE350; 7080
1DBEE13018465D0; 7080
1DBEE1462606DD0; 7081
1DBEE148623B3D0; 7081
1DBEE15FAAB2250; 7083
1DBEE161F06FED0; 7083
1DBEE1792F5D6D0; 7086
1DBEE17B6B91CD0; 7086
1DBEE1928DE3150; 7087
1DBEE194CA17750; 7087
1DBEE1AC128E5D0; 7092
1DBEE1AE3BAFED0; 7092
1DBEE1C495BBAD0; 7097
1DBEE1C6ABCA6D0; 7097
1DBEE1DCB98AED0; 7104
1DBEE1DD5F5B116; 7104
1DBEE1DEC610450; 7104
1DBEE1F27527016; 7107
1DBEE1F3DBDC350; 7107
1DBEE1F4A706E64; 7107
1DBEE1F4A7D1F96; 7107
1DBEE1F60E872D0; 7107
1DBEE20BA3328E4; 7111
1DBEE20BA3FDA16; 7111
1DBEE20D0AB2D50; 7111
1DBEE20DC5D5C81; 7111
1DBEE20DCC541E4; 7111
1DBEE20DCD1F316; 7111
1DBEE20F33D4650; 7111
1DBEE22475B6301; 7112
1DBEE2247C34864; 7112
1DBEE2247CFF996; 7112
1DBEE225E3B4CD0; 7112
1DBEE226AAEAB9B; 7112
1DBEE226B1EA901; 7112
1DBEE226B868E64; 7112
1DBEE226B933F96; 7112
1DBEE2281FE92D0; 7112
1DBEE23DFCEB09B; 7132
1DBEE23E03EAE01; 7132
1DBEE23E0A69364; 7132
1DBEE23E0B34496; 7132
1DBEE23F71E97D0; 7132
1DBEE23F7518DC9; 7132
1DBEE23F7A6349B; 7132
1DBEE23F8163201; 7132
1DBEE23F87E1764; 7132
1DBEE23F88AC896; 7132
1DBEE240EF61BD0; 7132
1DBEE24EFDEB449; 7137
1DBEE24F0335B1B; 7137
1DBEE24F0A35881; 7137
1DBEE24F10B3DE4; 7137
1DBEE24F117EF16; 7137
1DBEE2507834250; 7137
1DBEE250FBAF6DE; 7137
1DBEE25100E7349; 7137
1DBEE2510631A1B; 7137
1DBEE2510D31781; 7137
1DBEE25113AFCE4; 7137
1DBEE251147AE16; 7137
1DBEE2527B30150; 7137
1DBEE266248E2DE; 7140
1DBEE26629C5F49; 7140
1DBEE2662F1061B; 7140
1DBEE2663610381; 7140
1DBEE2663C8E8E4; 7140
1DBEE2663D59A16; 7140
1DBEE267A40ED50; 7140
1DBEE26846F0E56; 7140
1DBEE2684DAFBDE; 7140
1DBEE26852E7849; 7140
1DBEE2685831F1B; 7140
1DBEE2685F31C81; 7140
1DBEE26865B01E4; 7140
1DBEE269CD30650; 7140
1DBEE27F4C8C15F; 7155
1DBEE27F4CA5F56; 7155
1DBEE27F5364CDE; 7155
1DBEE27F589C949; 7155
1DBEE27F5DE701B; 7155
1DBEE27F64E6D81; 7155
1DBEE27F6C30416; 7155
1DBEE280D2E5750; 7155
1DBEE280F9B35DF; 7155
1DBEE280F9CD3D6; 7155
1DBEE281008C15E; 7155
1DBEE28105C3DC9; 7155
1DBEE2810B0E49B; 7155
1DBEE281120E201; 7155
1DBEE282800CBD0; 7155
1DBEE292A4F3659; 7158
1DBEE292ABA755F; 7158
1DBEE292ABC1356; 7158
1DBEE292B2800DE; 7158
1DBEE292B7B7D49; 7158
1DBEE292BD0241B; 7158
1DBEE292CB4B816; 7158
1DBEE2943200B50; 7158
1DBEE294CE14F59; 7158
1DBEE294D4C8E5F; 7158
1DBEE294D4E2C56; 7158
1DBEE294DBA19DE; 7158
1DBEE294E0D9649; 7158
1DBEE2965B22450; 7158
1DBEE2AB746BF59; 7163
1DBEE2AB7B1FE5F; 7163
1DBEE2AB7B39C56; 7163
1DBEE2AB7D00DFC; 7163
1DBEE2AB81F89DE; 7163
1DBEE2AB9AC4116; 7163
1DBEE2AD0179450; 7163
1DBEE2AD94041D9; 7163
1DBEE2AD9AB80DF; 7163
1DBEE2AD9AD1ED6; 7163
1DBEE2AD9C9907C; 7163
1DBEE2ADA190C5E; 7163
1DBEE2AF21116D0; 7163
1DBEE2C3EE0FDD9; 7164
1DBEE2C3EFCD93A; 7164
1DBEE2C3F4C3CDF; 7164
1DBEE2C3F4DDAD6; 7164
1DBEE2C3F6A4C7C; 7164
1DBEE2C41467F96; 7164
1DBEE2C57B1D2D0; 7164
1DBEE2C62A443D9; 7164
1DBEE2C62C01F3A; 7164
1DBEE2C630F82DF; 7164
1DBEE2C632D927C; 7164
1DBEE2C7B7518D0; 7164
1DBEE2DD6931BD9; 7163
1DBEE2DD6AEF73A; 7163
1DBEE2DD71C6A7C; 7163
1DBEE2DD8F89D96; 7163
1DBEE2DEF63F0D0; 7163
1DBEE2DF9D9A6BA; 7163
1DBEE2DFA4719FC; 7163
1DBEE2E128EA050; 7163
1DBEE2F6E61153A; 7168
1DBEE2F70AABB96; 7168
1DBEE2F87160ED0; 7168
1DBEE2F90F32E3A; 7168
1DBEE2FA9A827D0; 7168
1DBEE30F8DD9096; 7186
1DBEE310F48E3D0; 7186
1DBEE3126CE6497; 7186
1DBEE3213FCD016; 7187
1DBEE322A162017; 7187
1DBEE324CD32FBF; 7187
1DBEE33ABAEEE16; 7184
1DBEE33C15A9E3F; 7184
1DBEE33E4B05614; 7184
1DBEE3543F9A296; 7190
1DBEE355937C494; 7190
1DBEE357902004E; 7190
1DBEE36C040B596; 7191
1DBEE36D519544E; 7191
1DBEE36F86F7BCD; 7191
1DBEE38588B6A16; 7190
1DBEE386CF6EA4D; 7190
1DBEE39EFA4F196; 7187
1DBEE3A1531FB16; 7187
1DBEE3B8920D316; 7195
1DBEE3BA5BD0B16; 7195
1DBEE3CF719CA16; 7199
1DBEE3D19134C96; 7199
1DBEE3E8378BC96; 7203
1DBEE3EA60AD596; 7203
1DBEE400FD7AF16; 7199
1DBEE4031D13196; 7199
1DBEE419C36A196; 7203
1DBEE41BEC8BA96; 7203
1DBEE4328959416; 7202
1DBEE434B27AD16; 7202
1DBEE44C0E04896; 7199
1DBEE44E40AF816; 7199
1DBEE4657F9D016; 7195
1DBEE4679F35296; 7195
1DBEE47E458C296; 7203
1DBEE4803EFEB16; 7203
1DBEE495087F616; 7206
1DBEE49731A0F16; 7206
1DBEE4AE40DF696; 7206
1DBEE4B0738A616; 7206
1DBEE4C7C58AB16; 7206
1DBEE4C9EEAC416; 7206
1DBEE4E153BF616; 7206
1DBEE4E37357896; 7206
1DBEE4FAC557D96; 7207
1DBEE4FCEE79696; 7207
1DBEE51436F0516; 7210
1DBEE516699B496; 7210
1DBEE52DA888C96; 7210
1DBEE52FD1AA596; 7210
1DBEE5471A21416; 7213
1DBEE5494342D16; 7213
1DBEE5608BB9B96; 7213
1DBEE562BE64B16; 7213
1DBEE579FD52316; 7205
1DBEE57BED3B516; 7205
1DBEE5910C90A96; 7211
1DBEE5930F8C996; 7211
1DBEE5A884B6996; 7213
1DBEE5AAADD8296; 7213
1DBEE5C1F64F116; 7215
1DBEE5C428FA096; 7215
1DBEE5DB67E7896; 7213
1DBEE5DD9109196; 7213
1DBEE5F4D980016; 7212
1DBEE5F702A1916; 7212
1DBEE60E4B18796; 7212
1DBEE610743A096; 7212
1DBEE627BCB0F16; 7215
1DBEE629EF5BE96; 7215
1DBEE64137D2D16; 7214
1DBEE64360F4616; 7214
1DBEE65AA96B496; 7213
1DBEE65CE59FA96; 7213
1DBEE6742E16916; 7215
1DBEE6764425516; 7215
1DBEE68DA938716; 7215
1DBEE68FD25A016; 7215
1DBEE6A71AD0E96; 7215
1DBEE6A94D7BE16; 7215
1DBEE6C08C69616; 7218
1DBEE6C2B58AF16; 7218
1DBEE6DA078B416; 7218
1DBEE6DC30ACD16; 7218
1DBEE6F37923B96; 7219
1DBEE6F5A245496; 7219
1DBEE70CEABC316; 7220
1DBEE70F13DDC16; 7220
1DBEE72678F0E16; 7220
1DBEE728A212716; 7220
1DBEE73FEA89596; 7219
1DBEE7421D34516; 7219
1DBEE7595C21D16; 7222
1DBEE75B8543616; 7222
1DBEE772CDBA496; 7215
1DBEE774C72CD16; 7215
1DBEE78A32CD696; 7214
1DBEE78C5BEEF96; 7214
1DBEE7A3A465E16; 7213
1DBEE7A5D710D96; 7213
1DBEE7BD15FE596; 7210
1DBEE7BF3596816; 7210
1DBEE7D64E5E616; 7199
1DBEE7D821AB496; 7199
1DBEE7EBB075916; 7203
1DBEE7EDD00DB96; 7203
1DBEE8042090116; 7202
1DBEE80648E68E4; 7202
1DBEE81D915D764; 7208
1DBEE81F9764781; 7208
1DBEE8354F50501; 7206
1DBEE8378E0E41B; 7206
1DBEE84ECCFBC1B; 7191
1DBEE850583C649; 7191
1DBEE86226CC949; 7179
1DBEE863C532ADE; 7179
1DBEE87580B00DE; 7176
1DBEE877B625956; 7176
1DBEE88E52F32D6; 7173
1DBEE88EBBC0C5F; 7173
1DBEE8906BBD859; 7173
1DBEE8A78485659; 7175
1DBEE8A9BFC547C; 7175
1DBEE8C1083C2FC; 7178
1DBEE8C3340FF3A; 7178
1DBEE8DA7C86DBA; 7174
1DBEE8DBD1C2347; 7174
1DBEE8F27819347; 7159
1DBEE8F41BB7147; 7159
1DBEE905D734747; 7161
1DBEE90809DF6C7; 7161
1DBEE91F5256547; 7150
1DBEE92138B60C7; 7150
1DBEE934BDF6EC7; 7138
1DBEE9367E31047; 7138
1DBEE948D244E47; 7121
1DBEE94A3CAA547; 7121
1DBEE9592CE63C7; 7124
1DBEE95B4C7E647; 7124
1DBEE971C3265C7; 7199
1DBEE9732D8BCC7; 7204
1DBEE9757CD2FC7; 7206
1DBEE97DFDED52A; 7217
1DBEE97F8BBEAC7; 7217
1DBEE98B6DB2E81; 7232
1DBEE98C8C11747; 7232
1DBEE9980EEBFC7; 7235
1DBEE99A2E84247; 7235
1DBEE9AFEFF9647; 7240
1DBEE9B20608247; 7240
1DBEE9C790FEAAA; 7209
1DBEE9C915469C7; 7209
1DBEE9D30751B81; 7197
1DBEE9D425B0447; 7197
1DBEE9E06746EC7; 7192
1DBEE9E260B9747; 7192
1DBEE9F6881A3C7; 7179
1DBEE9F82BB81C7; 7179
1DBEEA09FA484C7; 7179
1DBEEA0C367CAC7; 7179
1DBEEA237EF3947; 7172
1DBEEA258B78EC7; 7172
1DBEEA3B00A2EC7; 7161
1DBEEA3CF08C0C7; 7161
1DBEEA503C947C7; 7162
1DBEEA5278C8DC7; 7162
1DBEEA69CAC92C7; 7168
1DBEEA6BD74E847; 7168
1DBEEA8198C3C47; 7163
1DBEEA83C1E5547; 7163
1DBEEA99CFA5D47; 7162
1DBEEA9C0250CC7; 7162
1DBEEAB354511C7; 7174
1DBEEAB531276C7; 7174
1DBEEAC873A6747; 7168
1DBEEACA76A2647; 7168
1DBEEADF9F81247; 7165
1DBEEAE1DBB5847; 7165
1DBEEAF8CE57C47; 7165
1DBEEAFB0A8C247; 7165
1DBEEB1253030C7; 7160
1DBEEB147C249C7; 7160
1DBEEB2AD6305C7; 7158
1DBEEB2D1BEE247; 7158
1DBEEB445ADBA47; 7182
1DBEEB45B22E447; 7182
1DBEEB5331350AA; 7206
1DBEEB546931BC7; 7206
1DBEEB5B4D7DE47; 7207
1DBEEB5D769F747; 7207
1DBEEB747C54847; 7201
1DBEEB76F1C1547; 7201
1DBEEB8CA023C47; 7211
1DBEEB8D17EAFF9; 7211
1DBEEB8E3A383C7; 7211
1DBEEBA0F300879; 7210
1DBEEBA2154DC47; 7210
1DBEEBA33289432; 7210
1DBEEBA338BE4F9; 7210
1DBEEBA45B0B8C7; 7210
1DBEEBBA7B002B2; 7222
1DBEEBBA8135379; 7222
1DBEEBBBA382747; 7222
1DBEEBBC57D67B2; 7222
1DBEEBBD8058C47; 7222
1DBEEBCFA08A8F9; 7289
1DBEEBD0C2D7CC7; 7289
1DBEEBD22D3D3C7; 7294
1DBEEBD3AAB57C7; 7291
1DBEEBD4D7AF6F9; 7291
1DBEEBD5F9FCAC7; 7291
1DBEEBD75AD8B47; 7291
1DBEEBED81025F9; 7305
1DBEEBEEA34F9C7; 7305
1DBEEBF067D3A42; 7305
1DBEEC01A22E1B2; 7380
1DBEEC02C570EC2; 7380
1DBEEC042F7947B; 7386
1DBEEC05997E6C3; 7396
1DBEEC070387BE0; 7394
1DBEEC0FF04A1B2; 7413
1DBEEC110FD27F8; 7413
1DBEEC1311603B2; 7403
1DBEEC143014C01; 7403
1DBEEC15AD21FAA; 7409
1DBEEC171731016; 7408
1DBEEC18B5E3C4D; 7408
1DBEEC29CF413CD; 7481
1DBEEC2B39481FA; 7495
1DBEEC2CB65F31D; 7489
1DBEEC2E337507E; 7495
1DBEEC2FA701AA4; 7505
1DBEEC31240E209; 7502
1DBEEC32A126D5F; 7502
1DBEEC346C5B3AA; 7502
1DBEEC4BBE5B8AA; 7561
1DBEEC4D28C0FAA; 7574
1DBEEC4E93266AA; 7583
1DBEEC50CF5ACAA; 7585
1DBEEC59907D42A; 7580
1DBEEC5B63CA2AA; 7580
1DBEEC6E04294AA; 7576
1DBEEC7049E712A; 7576
1DBEEC869A696AA; 7571
1DBEEC88A6EEC2A; 7571
1DBEEC9EC7C212A; 7572
1DBEECA1170942A; 7572
1DBEECB855F6C2A; 7559
1DBEECBA32CD12A; 7559
1DBEECCCD32C32A; 7550
1DBEECCEB00282A; 7550
1DBEECE2485632A; 7536
1DBEECE408904AA; 7536
1DBEECF518645AA; 7539
1DBEECF74185EAA; 7539
1DBEED0DFAEFBAA; 7552
1DBEED0FCE3CA2A; 7552
1DBEED21F04672C; 7585
1DBEED231A4512A; 7585
1DBEED28DE1C02C; 7594
1DBEED2A415312A; 7594
1DBEED33728B62C; 7610
1DBEED34B9263AA; 7610
1DBEED3B9050932; 7624
1DBEED3CB2032AA; 7624
1DBEED420F4DAAA; 7626
1DBEED4412499AA; 7626
1DBEED58E553B2A; 7650
1DBEED5A200A1AA; 7650
1DBEED66E72472A; 7658
1DBEED68A75E8AA; 7658
1DBEED7AAF272AA; 7665
1DBEED7CB2231AA; 7665
1DBEED912F588AA; 7677
1DBEED930C2EDAA; 7677
1DBEEDA5A30492A; 7688
1DBEEDA76CC812A; 7688
1DBEEDB9C0DBF2A; 7695
1DBEEDB9C2516EE; 7695
1DBEEDBBC78627F; 7695
1DBEEDD03B322FF; 7721
1DBEEDDCD8D488A; 7721
1DBEEDDF17E9D25; 7721
1DBEEDF66060BA5; 7724
1DBEEDF8A8F40CA; 7724
1DBEEE0FE7E18CA; 7724
1DBEEE1226F79BF; 7724
1DBEEE296F6E83F; 7727
1DBEEE2BAE8C09A; 7727
1DBEEE42F702F1A; 7728
1DBEEE45361766F; 7728
1DBEEE5C7E8E4EF; 7728
1DBEEE5EBDA2AAD; 7728
1DBEEE760FA2FAD; 7737
1DBEEE780CBEB5D; 7737
1DBEEE8C89F425D; 7743
1DBEEE8E4F28FAC; 7743
1DBEEEA3BAC992C; 7744
1DBEEEA490752A7; 7744
1DBEEEA4948C5CE; 7744
1DBEEEA5F6FDF2C; 7744
1DBEEEBBD8EC127; 7762
1DBEEEBBDD0344E; 7762
1DBEEEBD3F74DAC; 7762
1DBEEEBD7392B4A; 7762
1DBEEEBD7C89F27; 7762
1DBEEEBD80A124E; 7762
1DBEEEBEE312BAC; 7762
1DBEEECDE146DCA; 7758
1DBEEECDEA3E1A7; 7758
1DBEEECDEE554CE; 7758
1DBEEECF50C6E2C; 7758
1DBEEED000DF04A; 7758
1DBEEED009D6427; 7758
1DBEEED00DED74E; 7758
1DBEEED1705F0AC; 7758
1DBEEEE60E9F84A; 7769
1DBEEEE61796C27; 7769
1DBEEEE61BADF4E; 7769
1DBEEEE77E1F8AC; 7769
1DBEEEE7EB75D4A; 7769
1DBEEEE7F46D127; 7769
1DBEEEE7F88444E; 7769
1DBEEEE95AF5DAC; 7769
1DBEEEFB377E44A; 7798
1DBEEEFB4075827; 7798
1DBEEEFB448CB4E; 7798
1DBEEEFC12D69CA; 7798
1DBEEEFC1BCDDA7; 7798
1DBEEEFC1FE50CE; 7798
1DBEEEFD8256A2C; 7798
1DBEEF05204454A; 7799
1DBEEF05293B927; 7799
1DBEEF052D52C4E; 7799
1DBEEF068FC45AC; 7799
1DBEEF0766021CA; 7799
1DBEEF076EF95A7; 7799
1DBEEF0773108CE; 7799
1DBEEF08D58222C; 7799
1DBEEF1EC18BD4A; 7802
1DBEEF1ECA83127; 7802
1DBEEF1ECE9A44E; 7802
1DBEEF20310BDAC; 7802
1DBEEF20FDC034A; 7802
1DBEEF2106B7727; 7802
1DBEEF226D403AC; 7802
1DBEEF3846371CA; 7808
1DBEEF3853458CE; 7808
1DBEEF39B5B722C; 7808
1DBEEF3BCBC5E2C; 7808
1DBEEF50214024E; 7813
1DBEEF5183B1BAC; 7813
1DBEEF53A349E2C; 7813
1DBEEF68450F64E; 7813
1DBEEF69A780FAC; 7813
1DBEEF6BED3EC2C; 7813
1DBEEF81C9BAACE; 7823
1DBEEF832C2C42C; 7823
1DBEEF851C1562C; 7823
1DBEEF97EA8DFCE; 7827
1DBEEF994CFF92C; 7827
1DBEEF9B6C97BAC; 7827
1DBEEFB06431E4E; 7834
1DBEEFB1C6A37AC; 7834
1DBEEFB3CCF14A6; 7834
1DBEEFC7DC57D4E; 7841
1DBEEFC9324543A; 7841
1DBEEFC93891E26; 7841
1DBEEFCB5204B53; 7841
1DBEEFDF1B4554E; 7857
1DBEEFE0715A0D3; 7857
1DBEEFE1E08DD6A; 7857
1DBEEFF1230DF4E; 7860
1DBEEFF274679EA; 7860
1DBEEFF4A085F79; 7860
1DBEF009F28684E; 7867
1DBEF00B3D538F9; 7867
1DBEF00D43A3DB2; 7867
1DBEF0216AAC74E; 7863
1DBEF022AF44732; 7863
1DBEF03A3A2504E; 7869
1DBEF03C59BD2CE; 7869
1DBEF0521B326CE; 7871
1DBEF0544DDD64E; 7871
1DBEF06B96544CE; 7873
1DBEF06DD288ACE; 7873
1DBEF08511762CE; 7875
1DBEF087442124E; 7875
1DBEF09E8C980CE; 7878
1DBEF0A0C8CC6CE; 7878
1DBEF0B807B9ECE; 7875
1DBEF0BA43EE4CE; 7875
1DBEF0D182DBCCE; 7883
1DBEF0D385D7BCE; 7883
1DBEF0E8A52D14E; 7884
1DBEF0EAD7D80CE; 7884
1DBEF10229D85CE; 7879
1DBEF10452F9ECE; 7879
1DBEF11AA37C44E; 7879
1DBEF11CD6273CE; 7879
1DBEF1341E9E24E; 7881
1DBEF13651491CE; 7881
1DBEF14D99C004E; 7887
1DBEF14FB9582CE; 7887
1DBEF16567BA9CE; 7881
1DBEF1677DC95CE; 7881
1DBEF17D35B534E; 7883
1DBEF17F5ED6C4E; 7883
1DBEF196BA607CE; 7882
1DBEF198F694DCE; 7882
1DBEF1B035825CE; 7885
1DBEF1B2682D54E; 7885
1DBEF1C9B0A43CE; 7885
1DBEF1CBE34F34E; 7885
1DBEF1E32BC61CE; 7887
1DBEF1E567FA7CE; 7887
1DBEF1FCA6E7FCE; 7888
1DBEF1FED992F4E; 7888
1DBEF2162209DCE; 7889
1DBEF21854B4D4E; 7889
1DBEF22F9D2BBCE; 7889
1DBEF231D9601CE; 7889
1DBEF24921D704E; 7891
1DBEF24B4AF894E; 7891
1DBEF2629CF8E4E; 7892
1DBEF264CFA3DCE; 7892
1DBEF27C181AC4E; 7893
1DBEF27E4AC5BCE; 7893
1DBEF295933CA4E; 7893
1DBEF297C5E79CE; 7893
1DBEF2AF17E7ECE; 7894
1DBEF2B14A92E4E; 7894
1DBEF2C89309CCE; 7901
1DBEF2CA9605BCE; 7901
1DBEF2E001A654E; 7898
1DBEF2E2213E7CE; 7898
1DBEF2F91D6A24E; 7900
1DBEF2FB599E84E; 7900
1DBEF312988C04E; 7899
1DBEF314C1AD94E; 7899
1DBEF32C13ADE4E; 7905
1DBEF32E29BCA4E; 7905
1DBEF343D81F14E; 7903
1DBEF3460140A4E; 7903
1DBEF35D49B78CE; 7903
1DBEF35F7C6284E; 7903
1DBEF376BB5004E; 7909
1DBEF378C7D55CE; 7909
1DBEF38E7FC134E; 7911
1DBEF390B26C2CE; 7911
1DBEF3A7F159ACE; 7906
1DBEF3AA07686CE; 7906
1DBEF3C061742CE; 7907
1DBEF3C28A95BCE; 7907
1DBEF3D9EFA8DCE; 7906
1DBEF3DC2253D4E; 7906
1DBEF3F3614154E; 7902
1DBEF3F580D97CE; 7902
1DBEF40C27307CE; 7902
1DBEF40E59DB74E; 7902
1DBEF42598C8F4E; 7910
1DBEF427923B7CE; 7910
1DBEF43CB190D4E; 7907
1DBEF43ED128FCE; 7907
1DBEF455CD54A4E; 7902
1DBEF457ECECCCE; 7902
1DBEF46E3D6F24E; 7909
1DBEF47049F47CE; 7909
1DBEF485B59514E; 7902
1DBEF487A57E34E; 7902
1DBEF49CCE5CF4E; 7901
1DBEF49F0A9154E; 7901
1DBEF4B64EF10A7; 7910
1DBEF4B653083CE; 7910
1DBEF4B835E2ECA; 7910
1DBEF4CCBCA1C4A; 7907
1DBEF733B8E0FE5; 7998
1DBEF735D879265; 7998
1DBEF74ADB32465; 7994
1DBEF74CE7B79E5; 7994
1DBEF7635E5F965; 7992
1DBEF765ADA6C65; 7992
1DBEF77CEC94465; 7992
1DBEF77F32520E5; 7992
1DBEF796A0EE965; 7976
1DBEF7984E15DE5; 7976
1DBEF7A9B3BE965; 7984
1DBEF7ABAD311E5; 7984
1DBEF7BF4584CE5; 7987
1DBEF7C181B92E5; 7987
1DBEF7D844AC665; 8011
1DBEF7D992759E5; 8011
1DBEF7E747FB1E5; 8015
1DBEF7E9711CAE5; 8015
1DBEF7FEDCBD465; 8020
1DBEF801358DDE5; 8020
1DBEF8174CD7C65; 8027
1DBEF81933377E5; 8027
1DBEF82E8BC5465; 8024
1DBEF830BE703E5; 8024
1DBEF847C4254E5; 8033
1DBEF84A3008B65; 8033
1DBEF85E8718865; 8050
1DBEF85FAEBC1E5; 8050
1DBEF86F963E925; 8072
1DBEF870B506C65; 8072
1DBEF87C11BBAE5; 8086
1DBEF886B93DDE5; 8094
1DBEF8887977F65; 8094
1DBEF899468A2E5; 8107
1DBEF89AD7153E5; 8107
1DBEF8AB61659E5; 8114
1DBEF8AD64618E5; 8114
1DBEF8C1954BBE5; 8117
1DBEF8C3DB09865; 8117
1DBEF8DAD7352E5; 8114
1DBEF8DD3005C65; 8114
1DBEF8F46EF3465; 8106
1DBEF8F68502065; 8106
1DBEF90BA4575E5; 8114
1DBEF90DBA661E5; 8114
1DBEF9222E12265; 8121
1DBEF9245733B65; 8121
1DBEF93976890E5; 8121
1DBEF93BBC46D65; 8121
1DBEF9530E47265; 8099
1DBEF9548235FE5; 8099
1DBEF9646A66765; 8077
1DBEF96DBA96065; 8072
1DBEF96F976C565; 8072
1DBEF9828DA01E5; 8061
1DBEF9848712A65; 8061
1DBEF9972771C65; 8074
1DBEF998B7FCD65; 8074
1DBEF9A9EDF6865; 8095
1DBEF9AB1F23865; 8095
1DBEF9B76A43965; 8117
1DBEF9BD39FEF65; 8128
1DBEF9C182B8AE5; 8133
1DBEF9CBF1026E5; 8151
1DBEF9D29C16265; 8158
1DBEF9DE3B8CE65; 8170
1DBEF9DF9C68EE5; 8170
1DBEF9ED9E39AE5; 8182
1DBEF9EF384E265; 8182
1DBEF9FEB797265; 8191
1DBEFA00946D765; 8191
1DBEFA1334CC965; 8234
1DBEFA149F32065; 8244
1DBEFA160997765; 8250
1DBEFA1773FCE65; 8257
1DBEFA18DE62565; 8258
1DBEFA1A8B899E5; 8258
1DBEFA2B4F126E5; 8266
1DBEFA2D5B97C65; 8266
1DBEFA40E0D8A65; 8272
1DBEFA42E3D4965; 8272
1DBEFA5832D8F65; 8274
1DBEFA5A8220265; 8274
1DBEFA71CA970E5; 8278
1DBEFA7419DE3E5; 8278
1DBEFA8AB6ABD65; 8277
1DBEFA8D05F3065; 8277
1DBEFAA44E69EE5; 8277
1DBEFAA69DB11E5; 8277
1DBEFABDE628065; 8287
1DBEFABFDF9A8E5; 8287
1DBEFAD41084BE5; 8279
1DBEFAD61D0A165; 8279
1DBEFAEA9A3F865; 8287
1DBEFAECA6C4DE5; 8287
1DBEFB014096865; 8285
1DBEFB038FDDB65; 8285
1DBEFB1AE1DE065; 8286
1DBEFB1D3125365; 8286
1DBEFB34799C1E5; 8288
1DBEFB36C8E34E5; 8288
1DBEFB4E115A365; 8301
1DBEFB4FEE30865; 8301
1DBEFB630A89EE5; 8337
1DBEFB668298689; 8354
1DBEFB67CF3DEE5; 8354
1DBEFB67F687409; 8356
1DBEFB68DE305FB; 8356
1DBEFB68E4F2689; 8356
1DBEFB6A3197EE5; 8356
1DBEFB728DBDFFB; 8360
1DBEFB729480089; 8360
1DBEFB73E1258E5; 8360
1DBEFB7493EE45A; 8360
1DBEFB749A4357B; 8360
1DBEFB74A105609; 8360
1DBEFB75EDAAE65; 8360
1DBEFB88C4D875A; 8367
1DBEFB88CB2D87B; 8367
1DBEFB88D1EF909; 8367
1DBEFB8A1E95165; 8367
1DBEFB8AADC175D; 8367
1DBEFB8AB4C195A; 8367
1DBEFB8ABB16A7B; 8367
1DBEFB8AC1D8B09; 8367
1DBEFB8C0E7E365; 8367
1DBEFB9F93DE5DD; 8385
1DBEFB9F9ADE7DA; 8385
1DBEFB9FA1338FB; 8385
1DBEFB9FA7F5989; 8385
1DBEFBA0F49B1E5; 8385
1DBEFBA11DB748F; 8385
1DBEFBA124696DD; 8385
1DBEFBA12B698DA; 8385
1DBEFBA131BE9FB; 8385
1DBEFBA285262E5; 8385
1DBEFBB09D0048F; 8393
1DBEFBB0A3B26DD; 8393
1DBEFBB0AAB28DA; 8393
1DBEFBB0B7C9A89; 8393
1DBEFBB2046F2E5; 8393
1DBEFBB279D698F; 8393
1DBEFBB28088BDD; 8393
1DBEFBB3E1457E5; 8393
1DBEFBC5BC55A0F; 8414
1DBEFBC5D71F009; 8414
1DBEFBC713A840F; 8414
1DBEFBC723C4865; 8414
1DBEFBC87B17265; 8414
1DBEFBD48499109; 8418
1DBEFBD5D13E965; 8418
1DBEFBD7E74D565; 8418
1DBEFBEC0648689; 8419
1DBEFBED4E10797; 8419
1DBEFBED52EDEE5; 8419
1DBEFBEF9D64221; 8419
1DBEFC059E06809; 8431
1DBEFC06E5DB0A1; 8431
1DBEFC08B3C1825; 8431
1DBEFC1ABD5BD89; 8434
1DBEFC1BFFC9F25; 8434
1DBEFC33EC32789; 8446
1DBEFC35C908C89; 8446
1DBEFC490B87D09; 8452
1DBEFC4B2B1FF89; 8452
1DBEFC608D37289; 8447
1DBEFC62ACCF509; 8447
1DBEFC78BA8FD09; 8451
1DBEFC7AED3AC89; 8451
1DBEFC919391C89; 8446
1DBEFC93BCB3589; 8446
1DBEFCAA16BF189; 8451
1DBEFCAC5C7CE09; 8451
1DBEFCC2B688A09; 8445
1DBEFCC4CC97609; 8445
1DBEFCDA9796089; 8451
1DBEFCDCADA4C89; 8451
1DBEFCF26F1A089; 8459
1DBEFCF4688C909; 8459
1DBEFD093B96A89; 8455
1DBEFD0AFA73C6F; 8455
1DBEFD0B6E41A09; 8455
1DBEFD221498A09; 8454
1DBEFD23DDECB9E; 8454
1DBEFD245A56689; 8454
1DBEFD3B9943E89; 8462
1DBEFD3D1A0D623; 8462
1DBEFD3D9C3FD89; 8462
1DBEFD52BB95309; 8463
1DBEFD54789B2BB; 8463
1DBEFD550152F89; 8463
1DBEFD6C4040789; 8459
1DBEFD6DE3D37DF; 8459
1DBEFD6E72EB709; 8459
1DBEFD851942709; 8460
1DBEFD86D2D3E74; 8460
1DBEFD876889A09; 8460
1DBEFD9EB100889; 8461
1DBEFDA048386FC; 8461
1DBEFDA0E3AB809; 8461
1DBEFDB835ABD09; 8465
1DBEFDB9C646967; 8465
1DBEFDBA6856C89; 8465
1DBEFDD10EADC89; 8466
1DBEFDD34AE2289; 8466
1DBEFDEA9359109; 8464
1DBEFDECCF8D709; 8464
1DBEFE041804589; 8471
1DBEFE062E13189; 8471
1DBEFE1B902A489; 8474
1DBEFE1DC2D5409; 8474
1DBEFE34BF00E89; 8469
1DBEFE36DE99109; 8469
1DBEFE4D38A4D09; 8470
1DBEFE4F7E62989; 8470
1DBEFE66BD50189; 8476
1DBEFE68D35ED89; 8476
1DBEFE7E8B4AB09; 8473
1DBEFE7FD79730B; 8473
1DBEFE80B46C409; 8473
1DBEFE97B097E89; 8480
1DBEFE98ED1E39F; 8480
1DBEFE99C6A6A89; 8480
1DBEFEAF28BDD89; 8475
1DBEFEB05F3BB13; 8475
1DBEFEB13ECC989; 8475
1DBEFEC74C8D189; 8488
1DBEFEC83A639FA; 8488
1DBEFEC91FDA009; 8488
1DBEFEDB6A64789; 8485
1DBEFEDD89FCA09; 8485
1DBEFEF439DD089; 8485
1DBEFEF66C88009; 8485
1DBEFF0DB4FEE89; 8482
1DBEFF0EF51E865; 8482
1DBEFF0FF133489; 8482
1DBEFF273020C89; 8484
1DBEFF28610C147; 8484
1DBEFF2869658BB; 8484
1DBEFF296C55289; 8484
1DBEFF3F9FF9947; 8483
1DBEFF40AB42A89; 8483
1DBEFF41E883303; 8483
1DBEFF42F100709; 8483
1DBEFF5930FA183; 8485
1DBEFF5A3977589; 8485
1DBEFF5B752ABB4; 8485
1DBEFF5B7B64E71; 8485
1DBEFF5C88BE889; 8485
1DBEFF72C72B0B4; 8483
1DBEFF72CD65371; 8483
1DBEFF73DABED89; 8483
1DBEFF74FDA084F; 8483
1DBEFF74FE12415; 8483
1DBEFF75035F6B4; 8483
1DBEFF7616F3389; 8483
1DBEFF8C6C3D0CF; 8479
1DBEFF8C6CAEC95; 8479
1DBEFF8D858FC09; 8479
1DBEFF8E73387E8; 8479
1DBEFF8E747BDDE; 8479
1DBEFF8E78C264F; 8479
1DBEFF8E7934215; 8479
1DBEFF8F9215189; 8479
1DBEFFA5362BB68; 8481
1DBEFFA5376F15E; 8481
1DBEFFA53BB59CF; 8481
1DBEFFA65508509; 8481
1DBEFFA7619A493; 8481
1DBEFFA768D6AE8; 8481
1DBEFFA76A1A0DE; 8481
1DBEFFA887B3489; 8481
1DBEFFBEAA11313; 8475
1DBEFFBEB14D968; 8475
1DBEFFBEB290F5E; 8475
1DBEFFBFD02A309; 8475
1DBEFFC0CCF4B9F; 8475
1DBEFFC0D332C13; 8475
1DBEFFC0DA6F268; 8475
1DBEFFC0DBB285E; 8475
1DBEFFC1F94BC09; 8475
1DBEFFD67B5729F; 8478
1DBEFFD68195313; 8478
1DBEFFD688D1968; 8478
1DBEFFD68A14F5E; 8478
1DBEFFD7A7AE309; 8478
1DBEFFD89441498; 8478
1DBEFFD89AEF51F; 8478
1DBEFFD8A12D593; 8478
1DBEFFD8A869BE8; 8478
1DBEFFD8A9AD1DE; 8478
1DBEFFD9C746589; 8478
1DBEFFEF99F6598; 8485
1DBEFFEFA0A461F; 8485
1DBEFFEFA6E2693; 8485
1DBEFFEFAE1ECE8; 8485
1DBEFFEFAF622DE; 8485
1DBEFFF0CCFB689; 8485
1DBEFFF1A954055; 8485
1DBEFFF1B005198; 8485
1DBEFFF1B6B321F; 8485
1DBEFFF1BCF1293; 8485
1DBEFFF1C42D8E8; 8485
1DBEFFF1C570EDE; 8485
1DBEFFF2E30A289; 8485
1DBF00070B6B355; 8484
1DBF0007121C498; 8484
1DBF000718CA51F; 8484
1DBF00071F08593; 8484
1DBF00072644BE8; 8484
1DBF000727881DE; 8484
1DBF00084521589; 8484
1DBF00093799C50; 8484
1DBF00093E162D5; 8484
1DBF000944C7418; 8484
1DBF00094B7549F; 8484
1DBF000951B3513; 8484
1DBF000958EFB68; 8484
1DBF00095A3315E; 8484
1DBF000A77CC509; 8484
1DBF00208010AD0; 8480
1DBF0020868D155; 8480
1DBF00208D3E298; 8480
1DBF002093EC31F; 8480
1DBF00209A2A393; 8480
1DBF0020A1669E8; 8480
1DBF0020A2A9FDE; 8480
1DBF0021C043389; 8480
1DBF0022A2D82E7; 8480
1DBF0022A9323D0; 8480
1DBF0022AFAEA55; 8480
1DBF0022B65FB98; 8480
1DBF0022BD0DC1F; 8480
1DBF0022C34BC93; 8480
1DBF0022CA882E8; 8480
1DBF0022CBCB8DE; 8480
1DBF0023E964C89; 8480
1DBF0039492F2E7; 8490
1DBF00394F893D0; 8490
1DBF00395605A55; 8490
1DBF00395CB6B98; 8490
1DBF00396364C1F; 8490
1DBF003969A2C93; 8490
1DBF003970DF2E8; 8490
1DBF003972228DE; 8490
1DBF003A8FBBC89; 8490
1DBF003B1F0E372; 8490
1DBF003B26057E7; 8490
1DBF003B2C5F8D0; 8490
1DBF003B32DBF55; 8490
1DBF003B398D098; 8490
1DBF003B403B11F; 8490
1DBF003B4679193; 8490
1DBF003B4DB57E8; 8490
1DBF003B4EF8DDE; 8490
1DBF003C6C92189; 8490
1DBF004F03AD272; 8483
1DBF004F0AA46E7; 8483
1DBF004F10FE7D0; 8483
1DBF004F177AE55; 8483
1DBF004F1E2BF98; 8483
1DBF004F24DA01F; 8483
1DBF004F2B18093; 8483
1DBF004F32546E8; 8483
1DBF004F3397CDE; 8483
1DBF00505131089; 8483
1DBF0050F0AF3FA; 8483
1DBF0050F66FAEE; 8483
1DBF0050FD1FAF2; 8483
1DBF00510416F67; 8483
1DBF00510A71050; 8483
1DBF005110ED6D5; 8483
1DBF0051179E818; 8483
1DBF00511E4C89F; 8483
1DBF0051248A913; 8483
1DBF00512BC6F68; 8483
1DBF00512D0A55E; 8483
1DBF00524AA3909; 8483
1DBF0065BA2FEFA; 8489
1DBF0065BFF05EE; 8489
1DBF0065C6A05F2; 8489
1DBF0065CD97A67; 8489
1DBF0065D3F1B50; 8489
1DBF0065DA6E1D5; 8489
1DBF0065E11F318; 8489
1DBF0065E7CD39F; 8489
1DBF0065EE0B413; 8489
1DBF0065F547A68; 8489
1DBF00671424409; 8489
1DBF0067D03EAFA; 8489
1DBF0067D5FF1EE; 8489
1DBF0067DCAF1F2; 8489
1DBF0067E3A6667; 8489
1DBF0067EA00750; 8489
1DBF0067F07CDD5; 8489
1DBF0067F72DF18; 8489
1DBF0067FDDBF9F; 8489
1DBF0068041A013; 8489
1DBF00692A33009; 8489
1DBF007D3255DFA; 8484
1DBF007D38164EE; 8484
1DBF007D3EC64F2; 8484
1DBF007D45BD967; 8484
1DBF007D4C17A50; 8484
1DBF007D52940D5; 8484
1DBF007D5945218; 8484
1DBF007D5FF329F; 8484
1DBF007D6D6D968; 8484
1DBF007E8C4A309; 8484
1DBF007F3EDB37A; 8484
1DBF007F449BA6E; 8484
1DBF007F4B4BA72; 8484
1DBF007F5242EE7; 8484
1DBF007F589CFD0; 8484
1DBF007F5F19655; 8484
1DBF007F65CA798; 8484
1DBF007F6C7881F; 8484
1DBF008098CF889; 8484
1DBF009556251FA; 8486
1DBF00955BE58EE; 8486
1DBF009562958F2; 8486
1DBF0095698CD67; 8486
1DBF00956FE6E50; 8486
1DBF009576634D5; 8486
1DBF00957D14618; 8486
1DBF0095913CD68; 8486
1DBF0096B019709; 8486
1DBF009792597FA; 8486
1DBF00979819EEE; 8486
1DBF00979EC9EF2; 8486
1DBF0097A5C1367; 8486
1DBF0097AC1B450; 8486
1DBF0097B297AD5; 8486
1DBF0097B948C18; 8486
1DBF0098EC4DD09; 8486
1DBF00AED146FFA; 8479
1DBF00AED7076EE; 8479
1DBF00AEDDB76F2; 8479
1DBF00AEE4AEB67; 8479
1DBF00AEEB08C50; 8479
1DBF00AEF1852D5; 8479
1DBF00AF0C5EB68; 8479
1DBF00B02B3B509; 8479
1DBF00B0DDCC57A; 8479
1DBF00B0E38CC6E; 8479
1DBF00B0EA3CC72; 8479
1DBF00B0F1340E7; 8479
1DBF00B0F78E1D0; 8479
1DBF00B0FE0A855; 8479
1DBF00B237C0A89; 8479
1DBF00C6496CEFA; 8492
1DBF00C64F2D5EE; 8492
1DBF00C655DD5F2; 8492
1DBF00C65CD4A67; 8492
1DBF00C6632EB50; 8492
1DBF00C68484A68; 8492
1DBF00C7A361409; 8492
1DBF00C809A707A; 8492
1DBF00C80F6776E; 8492
1DBF00C81617772; 8492
1DBF00C81D0EBE7; 8492
1DBF00C82368CD0; 8492
1DBF00C9639B589; 8492
1DBF00DA5DBAE7A; 8485
1DBF00DA637B56E; 8485
1DBF00DA6A2B572; 8485
1DBF00DA71229E7; 8485
1DBF00DA98D29E8; 8485
1DBF00DBB7AF389; 8485
1DBF00DC4DA407A; 8485
1DBF00DC536476E; 8485
1DBF00DC5A14772; 8485
1DBF00DDA798589; 8485
1DBF00F0CAD977A; 8484
1DBF00F0D099E6E; 8484
1DBF00F105F12E8; 8484
1DBF00F224CDC89; 8484
1DBF00F31A20A7A; 8484
1DBF00F355385E8; 8484
1DBF00F47414F89; 8484
1DBF010A9425DE8; 8476
1DBF010BB302789; 8476
1DBF010D9962309; 8476
1DBF012160A27E8; 8478
1DBF01227F7F189; 8478
1DBF0123AFE9AE8; 8478
1DBF0124CEC6489; 8478
1DBF013B1E86368; 8476
1DBF013C3D62D09; 8476
1DBF013E694BBFB; 8476
1DBF01549BF5193; 8479
1DBF0155BB4C0FB; 8479
1DBF0157DE188DA; 8479
1DBF016DC48DB1F; 8478
1DBF016EE3CD9DA; 8478
1DBF01711901DDD; 8478
1DBF0187428AF18; 8479
1DBF01886178C5D; 8479
1DBF018A96FB00F; 8479
1DBF01A0C085255; 8474
1DBF01A1DF71E8F; 8474
1DBF01A3C5AF98D; 8474
1DBF01BA2944C0D; 8484
1DBF01BC0FA478D; 8484
1DBF01CFEABA00D; 8490
1DBF01D1F73F58D; 8490
1DBF01E762DFF0D; 8495
1DBF01E978EEB0D; 8495
1DBF01FF86AF30D; 8497
1DBF0201C2E390D; 8497
1DBF021901D110D; 8497
1DBF021B347C08D; 8497
1DBF02327CF2F0D; 8513
1DBF02342A1A38D; 8513
1DBF0245994C58D; 8520
1DBF0247893578D; 8520
1DBF025C066AE8D; 8525
1DBF025E260310D; 8525
1DBF02742A3A28D; 8541
1DBF0275BF65229; 8541
1DBF0286D8C29A9; 8557
1DBF02883F64E80; 8557
1DBF02972617680; 8577
1DBF02A2B8696D9; 8582
1DBF02A2BB6D083; 8582
1DBF02A2F5AC357; 8582
1DBF02A4942583D; 8582
1DBF02B67AED157; 8584
1DBF02B8196663D; 8584
1DBF02B8A789121; 8584
1DBF02B8AD980D7; 8584
1DBF02BA44AE3E7; 8584
1DBF02CFEFFFFA1; 8586
1DBF02CFF60EF57; 8586
1DBF02D18D25267; 8586
1DBF02D2259A0C7; 8586
1DBF02D22C345A1; 8586
1DBF02D23243557; 8586
1DBF02D3C2B0CFD; 8586
1DBF02E964878C7; 8585
1DBF02E96B21DA1; 8585
1DBF02E97130D57; 8585
1DBF02EB019E4FD; 8585
1DBF02EB905B360; 8585
1DBF02EB9732847; 8585
1DBF02EB9DCCD21; 8585
1DBF02EBA3DBCD7; 8585
1DBF02ED2DA417F; 8585
1DBF0302D8D21E0; 8579
1DBF0302DFA96C7; 8579
1DBF0302E643BA1; 8579
1DBF0302EC52B57; 8579
1DBF0304761AFFF; 8579
1DBF030478842EF; 8579
1DBF0304DAEBBD5; 8579
1DBF0304E557760; 8579
1DBF0304EC2EC47; 8579
1DBF0304F2C9121; 8579
1DBF0304F8D80D7; 8579
1DBF03067C6DB1E; 8579
1DBF031A92D7955; 8570
1DBF031A9D434E0; 8570
1DBF031AA41A9C7; 8570
1DBF031AAAB4EA1; 8570
1DBF031AB0C3E57; 8570
1DBF031C345989E; 8570
1DBF031C7BF1703; 8570
1DBF031C82C0B55; 8570
1DBF031C8D2C6E0; 8570
1DBF031C9403BC7; 8570
1DBF031C9A9E0A1; 8570
1DBF031CA0AD057; 8570
1DBF031E1E79E23; 8570
1DBF0330A352383; 8573
1DBF0330AA217D5; 8573
1DBF0330B48D360; 8573
1DBF0330BB64847; 8573
1DBF0330C1FED21; 8573
1DBF0330C80DCD7; 8573
1DBF033245DAAA3; 8573
1DBF0332C798518; 8573
1DBF0332CC73C83; 8573
1DBF0332D3430D5; 8573
1DBF0332DDAEC60; 8573
1DBF0332E486147; 8573
1DBF0332EB20621; 8573
1DBF0332F12F5D7; 8573
1DBF03346876E3B; 8573
1DBF0349C3C3F98; 8578
1DBF0349C89F703; 8578
1DBF0349CF6EB55; 8578
1DBF0349D9DA6E0; 8578
1DBF0349E0B1BC7; 8578
1DBF0349E74C0A1; 8578
1DBF0349ED5B057; 8578
1DBF034B64A28BB; 8578
1DBF034BE35C218; 8578
1DBF034BE837983; 8578
1DBF034BEF06DD5; 8578
1DBF034BF972960; 8578
1DBF034C0049E47; 8578
1DBF034C06E4321; 8578
1DBF034C0CF32D7; 8578
1DBF034D7DDA8DF; 8578
1DBF03623D67E18; 8577
1DBF03624243583; 8577
1DBF036249129D5; 8577
1DBF0362537E560; 8577
1DBF03625A55A47; 8577
1DBF036260EFF21; 8577
1DBF036266FEED7; 8577
1DBF0363D7E64DF; 8577
1DBF03647012D98; 8577
1DBF036474EE503; 8577
1DBF03647BBD955; 8577
1DBF036486294E0; 8577
1DBF03648D009C7; 8577
1DBF0364939AEA1; 8577
1DBF036499A9E57; 8577
1DBF036603F37F4; 8577
1DBF037BB889C18; 8587
1DBF037BBD65383; 8587
1DBF037BC4347D5; 8587
1DBF037BCEA0360; 8587
1DBF037BD577847; 8587
1DBF037BDC11D21; 8587
1DBF037BE220CD7; 8587
1DBF037D4C6A674; 8587
1DBF037D9EE9798; 8587
1DBF037DA3C4F03; 8587
1DBF037DAA94355; 8587
1DBF037DB4FFEE0; 8587
1DBF037DBBD73C7; 8587
1DBF037DC2718A1; 8587
1DBF037F2D0CC7C; 8587
1DBF0391CFD3A98; 8586
1DBF0391D4AF203; 8586
1DBF0391DB7E655; 8586
1DBF0391E5EA1E0; 8586
1DBF0391ECC16C7; 8586
1DBF0391F35BBA1; 8586
1DBF0391F96AB57; 8586
1DBF03935DF6F7C; 8586
1DBF03940C08098; 8586
1DBF039410E3803; 8586
1DBF039417B2C55; 8586
1DBF0394221E7E0; 8586
1DBF039428F5CC7; 8586
1DBF0395938E367; 8586
1DBF03AB4AF5898; 8597
1DBF03AB4FD1003; 8597
1DBF03AB56A0455; 8597
1DBF03AB610BFE0; 8597
1DBF03AB748C957; 8597
1DBF03ACD27BB67; 8597
1DBF03AD27CBD98; 8597
1DBF03AD2CA7503; 8597
1DBF03AD3376955; 8597
1DBF03AD3DE24E0; 8597
1DBF03AE748D28B; 8597
1DBF03C0B696218; 8601
1DBF03C0BB71983; 8601
1DBF03C0C240DD5; 8601
1DBF03C0E02D2D7; 8601
1DBF03C2035770B; 8601
1DBF03C2D62E498; 8601
1DBF03C2DB09C03; 8601
1DBF03C2E1D9055; 8601
1DBF03C422EF98B; 8601
1DBF03D9303A098; 8600
1DBF03D93515803; 8600
1DBF03D93BE4C55; 8600
1DBF03D959D1157; 8600
1DBF03DA7CFB58B; 8600
1DBF03DB62E5018; 8600
1DBF03DB67C0783; 8600
1DBF03DCAFA650B; 8600
1DBF03F2AB5BE98; 8615
1DBF03F2D4F2F57; 8615
1DBF03F3F81D38B; 8615
1DBF03F44EF9C98; 8615
1DBF03F59BBB18B; 8615
1DBF04061400918; 8615
1DBF04063D979D7; 8615
1DBF040760C1E0B; 8615
1DBF0409936CD8B; 8615
1DBF041FCBCC4D7; 8619
1DBF0420EEF690B; 8619
1DBF04230E8EB8B; 8619
1DBF04389B44DD7; 8625
1DBF0439BE6F20B; 8625
1DBF043BD47DE0B; 8625
1DBF04505FB60D7; 8640
1DBF045182E050B; 8640
1DBF0453267E30B; 8640
1DBF046368FCA57; 8633
1DBF04648C26E8B; 8633
1DBF046675D341F; 8633
1DBF047980468D7; 8640
1DBF047AA6BD71F; 8640
1DBF047C909E193; 8640
1DBF04904339C57; 8640
1DBF049163A8313; 8640
1DBF049386E447A; 8640
1DBF04A9AEC3421; 8635
1DBF04AACF5B2FA; 8635
1DBF04ACD854F65; 8635
1DBF04C207006D5; 8641
1DBF04C328D74E5; 8641
1DBF04C53EE60E5; 8641
1DBF04D9CB719D5; 8642
1DBF04DAED487E5; 8642
1DBF04DD166A0E5; 8642
1DBF04F33D0A155; 8645
1DBF04F45EE0F65; 8645
1DBF04F69DC3E3B; 8645
1DBF050CB60AA18; 8638
1DBF050DD457EC7; 8638
1DBF050DDCB163B; 8638
1DBF050FC70CE03; 8638
1DBF052424A7298; 8654
1DBF052545C0483; 8654
1DBF0526DAF85F1; 8654
1DBF05379847034; 8663
1DBF05379E812F1; 8663
1DBF05395333F15; 8663
1DBF054C5C08CCF; 8661
1DBF054C5C7A895; 8661
1DBF054E8929DE8; 8661
1DBF0565C8175E8; 8665
1DBF0565C95ABDE; 8665
1DBF0567E073213; 8665
1DBF057E86CA213; 8659
1DBF0580969AD9F; 8659
1DBF059644FD49F; 8659
1DBF059870FA398; 8659
1DBF05AFB971218; 8657
1DBF05B1E56B055; 8657
1DBF05C9376B555; 8662
1DBF05CB6399E50; 8662
1DBF05E1C72F0D0; 8665
1DBF05E3C3D0EE7; 8665
1DBF05FADC98CE7; 8667
1DBF05FD11D5E72; 8667
1DBF061450C3672; 8665
1DBF06167CBE5EE; 8665
1DBF062DC8FE3FA; 8661
1DBF062DCEBEAEE; 8661
1DBF062F428B657; 8661
1DBF0645F26BCD7; 8655
1DBF0647FEF1257; 8655
1DBF065DB6DCFD7; 8662
1DBF065FB9D8ED7; 8662
1DBF0674CFA4DD7; 8676
1DBF06767342BD7; 8676
1DBF06882EC01D7; 8669
1DBF068A1EA93D7; 8669
1DBF069E9BDEAD7; 8673
1DBF06A0CE89A57; 8673
1DBF06B76B573D7; 8682
1DBF06B951B6F57; 8682
1DBF06CDA8C6C57; 8674
1DBF06CF8F267D7; 8674
1DBF06E415E5557; 8678
1DBF06E65219B57; 8678
1DBF06FCEEE74D7; 8683
1DBF06FEE859D57; 8683
1DBF0715092D257; 8689
1DBF07171F3BE57; 8689
1DBF072CCD9E557; 8690
1DBF072F00494D7; 8690
1DBF074648C0357; 8686
1DBF074868585D7; 8686
1DBF075F1838C57; 8683
1DBF0761546D257; 8683
1DBF0778935AA57; 8690
1DBF077A9656957; 8690
1DBF079001F72D7; 8690
1DBF079234A2257; 8690
1DBF07A97D190D7; 8701
1DBF07AB59EF5D7; 8701
1DBF07BEE8B9A57; 8716
1DBF07C07944B57; 8716
1DBF07D0FA0BAD7; 8712
1DBF07D186EEE95; 8712
1DBF07D30691057; 8712
1DBF07E794AF695; 8710
1DBF07E91451857; 8710
1DBF07E9CA0535B; 8710
1DBF07E9D0E3C95; 8710
1DBF07EB5085E57; 8710
1DBF080108F2B5B; 8709
1DBF08010FD1495; 8709
1DBF08028F73657; 8709
1DBF080334A9C29; 8709
1DBF08033B9DADB; 8709
1DBF0803427C415; 8709
1DBF0804C21E5D7; 8709
1DBF081A7D20AA9; 8713
1DBF081A841495B; 8713
1DBF081A8AF3295; 8713
1DBF081C0A95457; 8713
1DBF081C9F84F84; 8713
1DBF081CA6423A9; 8713
1DBF081CAD3625B; 8713
1DBF081CB414B95; 8713
1DBF081E33B6D57; 8713
1DBF083345DBF84; 8711
1DBF08334C993A9; 8711
1DBF0833538D25B; 8711
1DBF08335A6BB95; 8711
1DBF0834DA0DD57; 8711
1DBF0835725FEA5; 8711
1DBF08357886F04; 8711
1DBF08357F44329; 8711
1DBF083586381DB; 8711
1DBF08358D16B15; 8711
1DBF08370CB8CD7; 8711
1DBF084CC4603A5; 8720
1DBF084CCA87404; 8720
1DBF084CD144829; 8720
1DBF084CD8386DB; 8720
1DBF084CDF17015; 8720
1DBF084E5EB91D7; 8720
1DBF084EBDD2C25; 8720
1DBF084EC3F9C84; 8720
1DBF084ECAB70A9; 8720
1DBF084ED1AAF5B; 8720
1DBF0850582BA57; 8720
1DBF08633B08325; 8714
1DBF0863412F384; 8714
1DBF086347EC7A9; 8714
1DBF086355BEF95; 8714
1DBF0864D561157; 8714
1DBF0865347ABA5; 8714
1DBF08653AA1C04; 8714
1DBF0866CED39D7; 8714
1DBF087AA9A4BA5; 8722
1DBF087AC45B815; 8722
1DBF087C43FD9D7; 8722
1DBF087C998DDA5; 8722
1DBF087E33E6BD7; 8722
1DBF0891874EB95; 8730
1DBF089306F0D57; 8730
1DBF0894FA54621; 8730
1DBF08A7F46D495; 8734
1DBF08A96E006A1; 8734
1DBF08AB7D74DC7; 8734
1DBF08C06487C95; 8737
1DBF08C1D7809C7; 8737
1DBF08C40CDDAE0; 8737
1DBF08D9DFA9A95; 8736
1DBF08DB4BCB2E0; 8736
1DBF08DD740A6D5; 8736
1DBF08F380F1295; 8739
1DBF08F4E2A6F55; 8739
1DBF08F70E82A83; 8739
1DBF090CFC13095; 8757
1DBF090E56F9903; 8757
1DBF090FEC32918; 8757
1DBF091F0D65115; 8752
1DBF09206370218; 8752
1DBF09367C01995; 8756
1DBF09389B99C15; 8756
1DBF094F5503915; 8766
1DBF09513B63495; 8766
1DBF09651678D15; 8767
1DBF09674923C95; 8767
1DBF097E919AB15; 8760
1DBF09809496A15; 8760
1DBF09960037395; 8765
1DBF09980CBC915; 8765
1DBF09AE1A7D115; 8762
1DBF09B056B1715; 8762
1DBF09C74953B15; 8769
1DBF09C942C6395; 8769
1DBF09DEB7F0395; 8765
1DBF09E0EA9B315; 8765
1DBF09F790F2315; 8769
1DBF09F9A700F15; 8769
1DBF0A1056E1595; 8771
1DBF0A12898C515; 8771
1DBF0A29D203395; 8778
1DBF0A2BD4FF295; 8778
1DBF0A4110F0B95; 8773
1DBF0A4313ECA95; 8773
1DBF0A592B36915; 8774
1DBF0A5B5DE1895; 8774
1DBF0A72AFE1D95; 8783
1DBF0A74A954615; 8783
1DBF0A891D00695; 8782
1DBF0A8B3C98915; 8782
1DBF0AA28E98E15; 8778
1DBF0AA4B7BA715; 8778
1DBF0ABB5488095; 8778
1DBF0ABD8733015; 8778
1DBF0AD4C620815; 8784
1DBF0AD6D2A5D95; 8784
1DBF0AEC8A91B15; 8777
1DBF0AEE8D8DA15; 8777
1DBF0B03A359915; 8784
1DBF0B059CCC195; 8784
1DBF0B1AC5AAD95; 8785
1DBF0B1CE543015; 8785
1DBF0B343743515; 8779
1DBF0B364D52115; 8779
1DBF0B4BFBB4815; 8781
1DBF0B4E24D6115; 8781
1DBF0B656D4CF95; 8780
1DBF0B679FF7F15; 8780
1DBF0B7EF1F8415; 8785
1DBF0B810807015; 8785
1DBF0B976212C15; 8787
1DBF0B998B34515; 8787
1DBF0BB0D3AB395; 8781
1DBF0BB2E9B9F95; 8781
1DBF0BC8981C695; 8792
1DBF0BCA61DFE95; 8792
1DBF0BDDA45EF15; 8786
1DBF0BDFA75AE15; 8786
1DBF0BF512FB795; 8787
1DBF0BF745A6715; 8787
1DBF0C0E8493F15; 8780
1DBF0C10878FE15; 8780
1DBF0C25F330795; 8781
1DBF0C281C52095; 8781
1DBF0C3F64C8F15; 8779
1DBF0C419773E95; 8779
1DBF0C58D661695; 8779
1DBF0C5AFF82F95; 8779
1DBF0C7247F9E15; 8782
1DBF0C747AA4D95; 8782
1DBF0C8BB992595; 8788
1DBF0C8DC617B15; 8788
1DBF0CA37E03895; 8782
1DBF0CA59412495; 8782
1DBF0CBB4274B95; 8786
1DBF0CBD620CE15; 8786
1DBF0CD411ED495; 8785
1DBF0CD63B0ED95; 8785
1DBF0CED8385C15; 8788
1DBF0CEFACA7515; 8788
1DBF0D06F51E395; 8791
1DBF0D0804D3432; 8791
1DBF0D0927C9315; 8791
1DBF0D1F43C0C32; 8796
1DBF0D2066B6B15; 8796
1DBF0D215350663; 8796
1DBF0D2159CF832; 8796
1DBF0D227CC5715; 8796
1DBF0D37AD5C263; 8794
1DBF0D37B3DB432; 8794
1DBF0D38D6D1315; 8794
1DBF0D39D0ED594; 8794
1DBF0D39D1E0209; 8794
1DBF0D39D67DB63; 8794
1DBF0D39DCFCD32; 8794
1DBF0D3AFFF2C15; 8794
1DBF0D511964414; 8793
1DBF0D511A57089; 8793
1DBF0D511EF49E3; 8793
1DBF0D512573BB2; 8793
1DBF0D524869A95; 8793
1DBF0D533FACEA4; 8793
1DBF0D534285D14; 8793
1DBF0D534378989; 8793
1DBF0D5348162E3; 8793
1DBF0D54718B395; 8793
1DBF0D6A8823D24; 8794
1DBF0D6A8AFCB94; 8794
1DBF0D6A8BEF809; 8794
1DBF0D6A970C332; 8794
1DBF0D6BBA02215; 8794
1DBF0D6CB48ECEE; 8794
1DBF0D6CBACECA4; 8794
1DBF0D6CBDA7B14; 8794
1DBF0D6CBE9A789; 8794
1DBF0D6DECAD195; 8794
1DBF0D83F37C4EE; 8797
1DBF0D83F9BC4A4; 8797
1DBF0D83FD87F89; 8797
1DBF0D8408A4AB2; 8797
1DBF0D852B9A995; 8797
1DBF0D86197C455; 8797
1DBF0D861C9DDEE; 8797
1DBF0D8622DDDA4; 8797
1DBF0D8754BC295; 8797
1DBF0D9D61F32D5; 8800
1DBF0D9D6514C6E; 8800
1DBF0D9D7A3D232; 8800
1DBF0D9E9D33115; 8800
1DBF0D9F856ABAE; 8800
1DBF0D9F8B14BD5; 8800
1DBF0D9F8E3656E; 8800
1DBF0DA0C654A15; 8800
1DBF0DB6CDE1A2E; 8802
1DBF0DB6D38BA55; 8802
1DBF0DB6EBD59B2; 8802
1DBF0DB80ECB895; 8802
1DBF0DB8F9F87BF; 8802
1DBF0DB9008C9AE; 8802
1DBF0DB906369D5; 8802
1DBF0DBA4176815; 8802
1DBF0DD0689503F; 8804
1DBF0DD06F2922E; 8804
1DBF0DD08D1D1B2; 8804
1DBF0DD1B013095; 8804
1DBF0DD28DAEA8B; 8804
1DBF0DD291B693F; 8804
1DBF0DD3D934995; 8804
1DBF0DE9D62590B; 8807
1DBF0DE9FEB5932; 8807
1DBF0DEB21AB815; 8807
1DBF0DEBF25B781; 8807
1DBF0DEBF5BDB8B; 8807
1DBF0DED3A6515B; 8807
1DBF0E030B23581; 8809
1DBF0E0330967E3; 8809
1DBF0E04532CF5B; 8809
1DBF0E06755A9A9; 8809
1DBF0E1C9C9E994; 8813
1DBF0E1DBDD1829; 8813
1DBF0E1FD6AC684; 8813
1DBF0E355974DEE; 8821
1DBF0E367D03684; 8821
1DBF0E385D3C1A5; 8821
1DBF0E4C0FBD155; 8814
1DBF0E4D3046325; 8814
1DBF0E4EA948607; 8814
1DBF0E63C89DB87; 8817
1DBF0E65F1BF487; 8817
1DBF0E7CE461887; 8879
1DBF0E7F2095E87; 8879
1DBF0E8077E8887; 8879
1DBF0E97C05F707; 8874
1DBF0E99DFF7987; 8874
1DBF0EB03079F07; 8887
1DBF0EB1F0B4087; 8887
1DBF0EC49113287; 8882
1DBF0EC69D98807; 8882
1DBF0EDC5584587; 8864
1DBF0EDDC973307; 8864
1DBF0EEDC4B6787; 8858
1DBF0EEFAB16307; 8858
1DBF0F0444E7D87; 8850
1DBF0F062B47907; 8850
1DBF0F1AA87D007; 8840
1DBF0F1C8553507; 8840
1DBF0F300A94307; 8817
1DBF0F31454A987; 8817
1DBF0F3DB690487; 8828
1DBF0F3F20F5B87; 8828
1DBF0F4E708FB07; 8820
1DBF0F501DB6F87; 8820
1DBF0F6326FD907; 8804
1DBF0F64A475D07; 8804
1DBF0F747993787; 8849
1DBF0F75F70BB87; 8865
1DBF0F772518517; 8867
1DBF0F785965B87; 8867
1DBF0F8271DAD07; 8878
1DBF0F83A307D07; 8878
1DBF0F90BFF6D07; 8885
1DBF0F928030E87; 8885
1DBF0FA57664B07; 8896
1DBF0FA7533B007; 8896
1DBF0FB99AA5117; 8922
1DBF0FBACEF2787; 8922
1DBF0FC4D454C07; 8957
1DBF0FC66E69387; 8960
1DBF0FC8B427007; 8960
1DBF0FCA3B28A87; 8960
1DBF0FE1839F907; 8954
1DBF0FE60BC2AD0; 8954
1DBF0FFBE9D4250; 8969
1DBF10131C2DD8F; 8975
1DBF10131F383D0; 8975
1DBF1014A9BDD07; 8975
1DBF102A9158B07; 8948
1DBF10375F18DE8; 8943
1DBF103948F248F; 8943
1DBF104D8365E0F; 8953
1DBF104F3634917; 8953
1DBF1062BB75717; 8944
1DBF1064AB5E917; 8944
1DBF10788FFD817; 8944
1DBF107AB91F117; 8944
1DBF1090E8B9516; 8933
1DBF10920B1F617; 8933
1DBF1092C58FA16; 8933
1DBF1093E7F5B17; 8933
1DBF10A64E61881; 8956
1DBF10A65459E96; 8956
1DBF10A776BFF97; 8956
1DBF10A77F8E881; 8956
1DBF10A8A7ECF97; 8956
1DBF10B3EBADDAA; 8946
1DBF10B3F6CC996; 8946
1DBF10B51932A97; 8946
1DBF10B572AF82A; 8946
1DBF10B6A034517; 8946
1DBF10C59DA1D2A; 8908
1DBF10C5A8C0916; 8908
1DBF10C6CB26A17; 8908
1DBF10C802306FA; 8908
1DBF10C923F7397; 8908
1DBF10CA71C0717; 8908
1DBF10E097D1496; 8908
1DBF10E1BA37597; 8908
1DBF10E3F66BB97; 8908
1DBF10FA1C7C916; 8922
1DBF10FB3EE2A17; 8922
1DBF10FD2ECBC17; 8922
1DBF110E6079916; 8917
1DBF110F82DFA17; 8917
1DBF11116EF61B4; 8917
1DBF1125E228E96; 8943
1DBF112700BC534; 8943
1DBF112824EF8B5; 8943
1DBF113302A8F01; 8947
1DBF113423C45B5; 8947
1DBF113543405AA; 8947
1DBF11366354595; 8947
1DBF114A75A882A; 8933
1DBF114B95BC815; 8933
1DBF114CFB2010E; 8933
1DBF115EA38AA0E; 8928
1DBF1160BCE64F4; 8928
1DBF117674D2274; 8947
1DBF1177F764B33; 8947
1DBF118780371B3; 8952
1DBF118986B824B; 8952
1DBF119EA60D7CB; 8969
1DBF11A03205BFD; 8969
1DBF11B05CF80FD; 8973
1DBF11B28960192; 8973
1DBF11C88D97312; 8985
1DBF11CA51F75FA; 8985
1DBF11DD5B3DF7A; 9007
1DBF11DE9BDFB79; 9007
1DBF11EB5970A79; 9014
1DBF11ED275B999; 9014
1DBF12001D8F619; 9023
1DBF12021AFA6B2; 9023
1DBF1215A03B4B2; 9020
1DBF1217C2DDBE3; 9020
1DBF122ED21C363; 9031
1DBF1230B2EB914; 9031
1DBF124441B5D94; 9033
1DBF124442A8A09; 9033
1DBF1246A136F24; 9033
1DBF125DE024724; 9023
1DBF125FB6BAC6E; 9023
1DBF1273B7F5EEE; 9000
1DBF12815747055; 8993
1DBF12834B0F8AE; 8993
1DBF1295E1E542E; 8993
1DBF12980472B3F; 8993
1DBF12AF6985D3F; 9016
1DBF12B0C659F0B; 9016
1DBF12BF1475F0B; 9033
1DBF12C038B7481; 9033
1DBF12CC5DB1B81; 9046
1DBF12DA66C2252; 9052
1DBF12DC56AB452; 9052
1DBF12F044D39D2; 9056
1DBF12F25AE25D2; 9056
1DBF1308C800ED2; 9061
1DBF130AFAABE52; 9061
1DBF13214B2E3D2; 9060
1DBF13239A756D2; 9060
1DBF133AD962ED2; 9064
1DBF133D15974D2; 9064
1DBF1353BBEE4D2; 9080
1DBF13555F8C2D2; 9080
1DBF136682730D2; 9083
1DBF1368BEA76D2; 9083
1DBF137F5B75052; 9090
1DBF13818496952; 9090
1DBF1396F0372D2; 9098
1DBF1398F3331D2; 9098
1DBF13AD837B5D2; 9106
1DBF13AF69DB152; 9106
1DBF13C3FA23552; 9116
1DBF13C5EA0C752; 9116
1DBF13D96F4D552; 9123
1DBF13DB7BD2AD2; 9123
1DBF13F04EDCC52; 9130
1DBF13F23EC5E52; 9130
1DBF140724E2CD2; 9136
1DBF14093AF18D2; 9136
1DBF141E9D08BD2; 9142
1DBF1420B3177D2; 9142
1DBF14366B03552; 9151
1DBF14386475DD2; 9151
1DBF144D41095D2; 9184
1DBF145513C0AD2; 9229
1DBF14574FF50D2; 9231
1DBF14601117852; 9235
1DBF1461F7773D2; 9235
1DBF1475DC162D2; 9242
1DBF1477F224ED2; 9242
1DBF148CCEB86D2; 9251
1DBF148D3390D92; 9251
1DBF148D347C1C1; 9251
1DBF148E8EF2852; 9251
1DBF14A134CC012; 9284
1DBF14A135B7441; 9284
1DBF14A1E347955; 9284
1DBF14A1E9FEB92; 9284
1DBF14A1EAE9FC1; 9284
1DBF14A34560652; 9284
1DBF14A9602A3D5; 9295
1DBF14A966E1612; 9295
1DBF14A967CCA41; 9295
1DBF14AA3E66FAE; 9295
1DBF14AA450BFD5; 9295
1DBF14AA4BC3212; 9295
1DBF14AA4CAE641; 9295
1DBF14ABA724CD2; 9295
1DBF14B3981FF2E; 9304
1DBF14B39EC4F55; 9304
1DBF14B3A57C192; 9304
1DBF14B3A6675C1; 9304
1DBF14B4E88919E; 9304
1DBF14B4EF7292E; 9304
1DBF14B4F617955; 9304
1DBF14B4FCCEB92; 9304
1DBF14B4FDB9FC1; 9304
1DBF14B500DDC52; 9304
1DBF14B65830652; 9304
1DBF14C38C79C1E; 9305
1DBF14C393633AE; 9305
1DBF14C39A083D5; 9305
1DBF14C3A0BF612; 9305
1DBF14C3A1AAA41; 9305
1DBF14C4FC210D2; 9305
1DBF14C5BBEFC55; 9305
1DBF14C5C1CDE24; 9305
1DBF14C5C8AE21E; 9305
1DBF14C5CF979AE; 9305
1DBF14C5D63C9D5; 9305
1DBF14C5DCF3C12; 9305
1DBF14C5DDDF041; 9305
1DBF14C738556D2; 9305
1DBF14DCFADD455; 9313
1DBF14DD00BB624; 9313
1DBF14DD079BA1E; 9313
1DBF14DD0E851AE; 9313
1DBF14DD152A1D5; 9313
1DBF14DD1BE1412; 9313
1DBF14DD1CCC841; 9313
1DBF14DE7742ED2; 9313
1DBF14DEFDD9355; 9313
1DBF14DEFE02B3F; 9313
1DBF14DF03B7524; 9313
1DBF14DF0A9791E; 9313
1DBF14DF11810AE; 9313
1DBF14DF18260D5; 9313
1DBF14DF1FC8741; 9313
1DBF14E07A3EDD2; 9313
1DBF14F413A5255; 9325
1DBF14F413CEA3F; 9325
1DBF14F41983424; 9325
1DBF14F4206381E; 9325
1DBF14F4274CFAE; 9325
1DBF14F42DF1FD5; 9325
1DBF14F434A9212; 9325
1DBF14F5900ACD2; 9325
1DBF14F5DD68A55; 9325
1DBF14F5DD9223F; 9325
1DBF14F5E346C24; 9325
1DBF14F5EA2701E; 9325
1DBF14F5F1107AE; 9325
1DBF14F759CE4D2; 9325
1DBF15087DC7C55; 9334
1DBF15087DF143F; 9334
1DBF150883A5E24; 9334
1DBF15088A8621E; 9334
1DBF15089ECBC12; 9334
1DBF1509FA2D6D2; 9334
1DBF150A5A9E155; 9334
1DBF150A5AC793F; 9334
1DBF150A607C324; 9334
1DBF150A675C71E; 9334
1DBF150BD703BD2; 9334
1DBF151DB9B9555; 9338
1DBF151DB9E2D3F; 9338
1DBF151DBF97724; 9338
1DBF151DDABD512; 9338
1DBF151F361EFD2; 9338
1DBF151FCFC8155; 9338
1DBF151FCFF193F; 9338
1DBF15214C2DBD2; 9338
1DBF15363386BBF; 9338
1DBF15365461392; 9338
1DBF1537AFC2E52; 9338
1DBF1539E26DDD2; 9338
1DBF154FCF83192; 9338
1DBF15512AE4C52; 9338
1DBF15535D8FBD2; 9338
1DBF15696741312; 9352
1DBF156AC2A2DD2; 9352
1DBF156C8C665D2; 9352
1DBF157D8518912; 9355
1DBF157EE07A3D2; 9355
1DBF15810307996; 9355
1DBF15965E1A892; 9364
1DBF1597B2E8016; 9364
1DBF1599A662281; 9364
1DBF15ACE7D5512; 9377
1DBF15AE36AA681; 9377
1DBF15AFC20F1AA; 9377
1DBF15C0638CC92; 9401
1DBF15C1AD3B82A; 9401
1DBF15CBF97A212; 9408
1DBF15CD9D18012; 9408
1DBF15DF5895612; 9406
1DBF15E18B40592; 9406
1DBF15F8D3B7412; 9414
1DBF15FACD29C92; 9414
1DBF160FA9BD492; 9407
1DBF161199A6692; 9407
1DBF1626C285292; 9418
1DBF16288C48A92; 9418
1DBF163BCEC7B12; 9416
1DBF163DF7E9412; 9416
1DBF16554060292; 9419
1DBF1657730B212; 9419
1DBF166EB1F8A12; 9416
1DBF1670F7B6692; 9416
1DBF168836A3E92; 9422
1DBF168A3016712; 9422
1DBF169FFB15192; 9424
1DBF16A22436A92; 9424
1DBF16B96CAD912; 9425
1DBF16BBB26B592; 9425
1DBF16D2F158D92; 9425
1DBF16D50767992; 9425
1DBF16EC62F1512; 9429
1DBF16EE8C12E12; 9429
1DBF170528E0792; 9429
1DBF17075202092; 9429
1DBF171E9A78F12; 9431
1DBF1720CD23E92; 9431
1DBF17380C11692; 9428
1DBF173A3532F92; 9428
1DBF17517DA9E12; 9441
1DBF17533DE3F92; 9441
1DBF1765DE43192; 9443
1DBF17680764A92; 9443
1DBF177F4FDB912; 9445
1DBF17818286892; 9445
1DBF1798C174092; 9445
1DBF179AEA95992; 9445
1DBF17B2330C812; 9450
1DBF17B4491B412; 9450
1DBF17CAA327012; 9448
1DBF17CCCC48912; 9448
1DBF17E414BF792; 9451
1DBF17E63DE1092; 9451
1DBF17FD8657F12; 9449
1DBF17FFAF79812; 9449
1DBF1816F7F0692; 9443
1DBF1818FAEC592; 9443
1DBF182EB2D8312; 9447
1DBF1830DBF9C12; 9447
1DBF184778C7592; 9439
1DBF18495F27112; 9439
1DBF185E3231292; 9447
1DBF1860483FE92; 9447
1DBF1874C575592; 9448
1DBF1876D1FAB12; 9448
1DBF188E4097392; 9449
1DBF1890602F612; 9449
1DBF18A7B22FB12; 9456
1DBF18A9ABA2392; 9456
1DBF18BF1742D12; 9453
1DBF18C14064612; 9453
1DBF18D83306A12; 9454
1DBF18DA529EC92; 9454
1DBF18F1A49F192; 9453
1DBF18F3CDC0A92; 9453
1DBF190B1637912; 9448
1DBF190D22BCE92; 9448
1DBF19237CC8A92; 9446
1DBF1925AF73A12; 9446
1DBF193CEE61212; 9454
1DBF193EDE4A412; 9454
1DBF1953FD9F992; 9449
1DBF19560A24F12; 9449
1DBF196C0E5C092; 9454
1DBF196E1157F92; 9454
1DBF19841F18792; 9453
1DBF19865B4CD92; 9453
1DBF199D9A3A592; 9453
1DBF199FB9D2812; 9453
1DBF19B70BD2D12; 9453
1DBF19B934F4612; 9453
1DBF19D07D6B492; 9452
1DBF19D2A68CD92; 9452
1DBF19E9EF03C12; 9444
1DBF19EBDEECE12; 9444
1DBF1A00FE42392; 9447
1DBF1A032763C92; 9447
1DBF1A1A1A06092; 9444
1DBF1A1C4327992; 9444
1DBF1A338B9E812; 9437
1DBF1A359823D92; 9437
1DBF1A4B2060A92; 9433
1DBF1A4D366F692; 9433
1DBF1A63E64FD12; 9437
1DBF1A63E73B141; 9437
1DBF1A65FF30D55; 9437
1DBF1A7CA587D55; 9432
1DBF1A7EC80462E; 9432
1DBF1A95221022E; 9431
1DBF1A97313569E; 9431
1DBF1AAE7022E9E; 9432
1DBF1AB092643A4; 9432
1DBF1AC7D4FD055; 9432
1DBF1AC7DADB224; 9432
1DBF1ACA07D17BF; 9432
1DBF1AE146BEFBF; 9429
1DBF1AE2C45A573; 9429
1DBF1AFA0CD13F3; 9414
1DBF1AFBA6E5B73; 9414
1DBF1B0D8888B73; 9408
1DBF1B0F81FB3F3; 9408
1DBF1B24A150973; 9403
1DBF1B26ADD5EF3; 9403
1DBF1B3CBB966F3; 9399
1DBF1B3EDB2E973; 9399
1DBF1B558185973; 9384
1DBF1B573836473; 9384
1DBF1B68EA2A3F3; 9379
1DBF1B6AE39CC73; 9379
1DBF1B8058C6C73; 9379
1DBF1B829E848F3; 9379
1DBF1B99DD720F3; 9385
1DBF1B9BF380CF3; 9385
1DBF1BB1B4F60F3; 9382
1DBF1BB3CB04CF3; 9382
1DBF1BCB85EC973; 9344
1DBF1BD37EC9873; 9330
1DBF1BD9B76C5F3; 9338
1DBF1BE2BB50AF3; 9336
1DBF1BE4E4723F3; 9336
1DBF1BFB34F4973; 9326
1DBF1BFD11CAE73; 9326
1DBF1C10F669D73; 9319
1DBF1C12E652F73; 9319
1DBF1C27B95D0F3; 9304
1DBF1C295CFAEF3; 9304
1DBF1C3A6CCEFF3; 9299
1DBF1C3C7954573; 9299
1DBF1C51E4F4EF3; 9288
1DBF1C53B841D73; 9288
1DBF1C66FAC0DF3; 9278
1DBF1C68D7972F3; 9278
1DBF1C7C108CCF3; 9271
1DBF1C7E09FF573; 9271
1DBF1C92DD096F3; 9260
1DBF1C94A6CCEF3; 9260
1DBF1CA79D00B73; 9255
1DBF1CA9BC98DF3; 9255
1DBF1CBF6AFB4F3; 9252
1DBF1CC19DA6473; 9252
1DBF1CD899D1EF3; 9235
1DBF1CDA33E6673; 9235
1DBF1CEB00F89F3; 9243
1DBF1CECE758573; 9243
1DBF1D0092BED73; 9242
1DBF1D02CEF3373; 9242
1DBF1D1A176A1F3; 9239
1DBF1D1C539E7F3; 9239
1DBF1D325D39DD5; 9231
1DBF1D339C15673; 9231
1DBF1D35A89ABF3; 9231
1DBF1D497F8B255; 9227
1DBF1D4ABE66AF3; 9227
1DBF1D4CE7883F3; 9227
1DBF1D6215CB455; 9228
1DBF1D6354A6CF3; 9228
1DBF1D6590DB2F3; 9228
1DBF1D7C2983A55; 9271
1DBF1D7D685F2F3; 9271
1DBF1D81C98FFD5; 9245
1DBF1D83086B873; 9245
1DBF1D8472D0F73; 9246
1DBF1D860CE56F3; 9246
1DBF1D959B1C1D5; 9243
1DBF1D96D9F7A73; 9243
1DBF1D99162C073; 9243
1DBF1DAE741E155; 9244
1DBF1DAFB2F99F3; 9244
1DBF1DB1E878778; 9244
1DBF1DC7F8C95D5; 9258
1DBF1DC930EF5F8; 9258
1DBF1DDC0D17555; 9277
1DBF1DDD6DF35D5; 9277
1DBF1DEB663AB55; 9286
1DBF1DED1CEB655; 9286
1DBF1DFF24B4055; 9296
1DBF1E01018A555; 9296
1DBF1E13F7BE1D5; 9307
1DBF1E15CB0B055; 9307
1DBF1E286B6A255; 9320
1DBF1E2A18916D5; 9320
1DBF1E3C8941855; 9344
1DBF1E46C7DC3D5; 9354
1DBF1E484EDDE55; 9354
1DBF1E56F2CE8D5; 9366
1DBF1E5853AA955; 9366
1DBF1E686200AD5; 9374
1DBF1E6A4860655; 9374
1DBF1E7D8156055; 9370
1DBF1E7FAA77955; 9370
1DBF1E960483555; 9370
1DBF1E9853CA855; 9370
1DBF1EAF92B8055; 9365
1DBF1EB1BBD9955; 9365
1DBF1EC815E5555; 9368
1DBF1ECA652C855; 9368
1DBF1EE1A41A055; 9371
1DBF1EE41986D55; 9371
1DBF1EFB61FDBD5; 9358
1DBF1EFCFC12355; 9358
1DBF1F10A778B55; 9330
1DBF1F19B4E66D5; 9324
1DBF1F1B4EFAE55; 9324
1DBF1F2CDAC93D5; 9312
1DBF1F2E7E671D5; 9312
1DBF1F3FF722A55; 9304
1DBF1F41DD825D5; 9304
1DBF1F557F5F755; 9315
1DBF1F575C35C55; 9315
1DBF1F69F30B7D5; 9359
1DBF1F6B5D70ED5; 9356
1DBF1F6D1DAB055; 9367
1DBF1F6E8810755; 9362
1DBF1F6FF275E55; 9373
1DBF1F7241BD155; 9375
1DBF1F7BB812455; 9393
1DBF1F7FD11CF55; 9401
1DBF1F8571294D5; 9408
1DBF1F8DDC771D5; 9410
1DBF1F8FFC0F455; 9410
1DBF1FA714D7255; 9439
1DBF1FB2BDD74D5; 9457
1DBF1FBA3AB9F55; 9459
1DBF1FBC76EE555; 9459
1DBF1FD23863955; 9474
1DBF1FD3C8EEA55; 9474
1DBF1FE54B33955; 9478
1DBF1FE77455255; 9478
1DBF1FFD788C3D5; 9491
1DBF1FFF424FBD5; 9491
1DBF201196639D5; 9488
1DBF2013C90E955; 9488
1DBF202A78EEFD5; 9500
1DBF202C55C54D5; 9500
1DBF203F5F0BE55; 9500
1DBF20419B40455; 9500
1DBF2058E3B72D5; 9499
1DBF205B1FEB8D5; 9499
1DBF20726862755; 9507
1DBF207474E7CD5; 9507
1DBF20898AB3BD5; 9511
1DBF208BBD5EB55; 9511
1DBF20A263B5B55; 9511
1DBF20A49FEA155; 9511
1DBF20BBE860FD5; 9518
1DBF20BDFE6FBD5; 9518
1DBF20D36086ED5; 9514
1DBF20D59CBB4D5; 9514
1DBF20EC43124D5; 9522
1DBF20EE32FB6D5; 9522
1DBF21030F8EED5; 9523
1DBF21055ED61D5; 9523
1DBF211C9DC39D5; 9527
1DBF211EC6E52D5; 9527
1DBF213576C5955; 9547
1DBF2136F43DD55; 9547
1DBF21467D103D5; 9557
1DBF214833C0ED5; 9557
1DBF215A3B898D5; 9560
1DBF215C64AB1D5; 9560
1DBF21730B021D5; 9564
1DBF217550BFE55; 9564
1DBF218BED8D7D5; 9574
1DBF218DB750FD5; 9574
1DBF21A1AF02BD5; 9594
1DBF21A30FDEC55; 9594
1DBF21B154715D5; 9588
1DBF21B360F6B55; 9588
1DBF21C788577D5; 9599
1DBF21C9357EC55; 9599
1DBF21DBF27A1D5; 9608
1DBF21DDCF506D5; 9608
1DBF21F242FC755; 9636
1DBF21FBF28A155; 9641
1DBF21FDD53D999; 9641
1DBF221117BCA19; 9635
1DBF22130AF12C6; 9635
1DBF2228801B2C6; 9641
1DBF222A8FDA9CA; 9641
1DBF22403E3D0CA; 9644
1DBF22426A3A62C; 9644
1DBF22595B52D5C; 9650
1DBF22595CDCA2C; 9650
1DBF25BD862A968; 9686
1DBF25BD8A8604E; 9686
1DBF25BD8DFC613; 9686
1DBF25BD9226805; 9686
1DBF25BD96363D8; 9686
1DBF25BD9B5AF02; 9686
1DBF25BDA196BDA; 9686
1DBF25BDA78033D; 9686
1DBF25BDAB60505; 9686
1DBF25BDB257749; 9686
1DBF25BDB82B641; 9686
1DBF25BDBEEE8DD; 9686
1DBF25BDC5AF7A6; 9686
1DBF25BDC9EE2F6; 9686
1DBF25BDDC42470; 9686
1DBF25D3516C470; 9691
1DBF25E95F2CC70; 9686
1DBF25FF6CED470; 9694
1DBF26144980C70; 9695
1DBF262B9B81170; 9683
1DBF263EDE001F0; 9694
1DBF265174D5D70; 9686
1DBF2665A5C0070; 9691
1DBF267BB380870; 9686
1DBF2691C141070; 9681
1DBF26A7C5781F0; 9676
1DBF26BDD3389F0; 9681
1DBF26D3E0F91F0; 9673
1DBF26E8B403370; 9667
1DBF26FE0D4FB76; 9673
1DBF26FE1FA3CF0; 9673
1DBF270015965A6; 9673
1DBF271447C5665; 9672
1DBF27158AC05A6; 9672
1DBF2717B6AA65D; 9672
1DBF272DC2E7465; 9670
1DBF272EFF214DD; 9670
1DBF27312B091C1; 9670
1DBF274747928E5; 9666
1DBF27487D096C1; 9666
1DBF274A96CDA49; 9666
1DBF27600D81B65; 9660
1DBF27613D24A49; 9660
1DBF276342B2D85; 9660
1DBF2777D1F2E65; 9637
1DBF2778FA9EB05; 9637
1DBF277A4487CBD; 9637
1DBF2786CBB8365; 9642
1DBF2787F083E3D; 9642
1DBF2789DA838DA; 9642
1DBF279D8EAB6E5; 9637
1DBF279EAD8DA5A; 9637
1DBF27A0B3D7302; 9637
1DBF27B6C197B02; 9650
1DBF27B87CAD158; 9650
1DBF27CAC7378D8; 9632
1DBF27CC3716A85; 9632
1DBF27DA7BA9405; 9619
1DBF27DBC548593; 9619
1DBF27EAC897113; 9602
1DBF27EBF64DB4E; 9602
1DBF27F8D07ADCE; 9591
1DBF27FA4997AE8; 9591
1DBF2809D26A168; 9578
1DBF281A349CBE5; 9628
1DBF281B9F022E5; 9633
1DBF281D09679E5; 9628
1DBF281E73CD0E5; 9636
1DBF281FF1454E5; 9628
1DBF28222D79AE5; 9628
1DBF28238E55B65; 9628
1DBF283AD6CC9E5; 9621
1DBF283CE351F65; 9621
1DBF28524EF28E5; 9616
1DBF285465014E5; 9616
1DBF286A8F5E065; 9610
1DBF286CA56CC65; 9610
1DBF28825D589E5; 9628
1DBF2883DAD0DE5; 9628
1DBF2893B977EE5; 9626
1DBF2895FF35B65; 9626
1DBF28AD3E23365; 9625
1DBF28AF70CE2E5; 9625
1DBF28C6E8F41E5; 9618
1DBF28C8F579765; 9618
1DBF28DE611A0E5; 9607
1DBF28E04779C65; 9607
1DBF28F3806F665; 9593
1DBF28F52D96AE5; 9593
1DBF2906507D8E5; 9580
1DBF2907E1089E5; 9580
1DBF291874E2665; 9580
1DBF291AB116C65; 9580
1DBF2931F98DAE5; 9572
1DBF29340F9C6E5; 9572
1DBF294925685E5; 9564
1DBF294B1EDAE65; 9564
1DBF295FC235F65; 9544
1DBF29613624CE5; 9544
1DBF296FDA15765; 9530
1DBF29713AF17E5; 9530
1DBF297FE86B8E5; 9521
1DBF2981A8A5A65; 9521
1DBF2993B9F7AE5; 9522
1DBF2995FFB5765; 9522
1DBF29AD482C5E5; 9517
1DBF29AF8460BE5; 9517
1DBF29C5D4E3165; 9532
1DBF29C78B93C65; 9532
1DBF29D94711265; 9526
1DBF29DB53967E5; 9526
1DBF29F072EBD65; 9518
1DBF29F27F712E5; 9518
1DBF2A06F31D365; 9529
1DBF2A08CFF3865; 9529
1DBF2A1BC6274E5; 9543
1DBF2A1D734E965; 9543
1DBF2A2E36D7665; 9584
1DBF2A30861E965; 9582
1DBF2A39B028865; 9593
1DBF2A3AE155865; 9593
1DBF2A46337E128; 9614
1DBF2A47B1F9465; 9614
1DBF2A4E4070C65; 9629
1DBF2A4F7B272E5; 9634
1DBF2A51CA6E5E5; 9632
1DBF2A5A8B90D65; 9633
1DBF2A5CD14E9E5; 9633
1DBF2A74234EEE5; 9660
1DBF2A75547BEE5; 9660
1DBF2A81CF4B065; 9673
1DBF2A83269DA65; 9673
1DBF2A900951428; 9691
1DBF2A91E72A865; 9691
1DBF2A9CDAF7F65; 9693
1DBF2A9F33C88E5; 9693
1DBF2AB5D096265; 9717
1DBF2AB70B4C8E5; 9717
1DBF2AC3B4C7BA8; 9737
1DBF2AC57F8E2E5; 9737
1DBF2ACECFBDBE5; 9736
1DBF2AD1157B865; 9736
1DBF2AE8677BD65; 9736
1DBF2AEAAD399E5; 9736
1DBF2B01F5B0865; 9751
1DBF2B03BF74065; 9751
1DBF2B15BDB33E5; 9746
1DBF2B17F05E365; 9746
1DBF2B2DA84A0E5; 9745
1DBF2B2FE47E6E5; 9745
1DBF2B47367EBE5; 9759
1DBF2B4900423E5; 9759
1DBF2B5B54561E5; 9741
1DBF2B5CB532265; 9741
1DBF2B6B034E265; 9735
1DBF2B6D064A165; 9735
1DBF2B812DAADE5; 9733
1DBF2B837368A65; 9733
1DBF2B9ABBDF8E5; 9732
1DBF2B9D0B26BE5; 9732
1DBF2BB44A143E5; 9732
1DBF2BB68FD2065; 9732
1DBF2BCDD848EE5; 9726
1DBF2BD00D9D7D7; 9726
1DBF2BE5BBFFED7; 9738
1DBF2BF963B9E28; 9730
1DBF2BFB5D2C6A8; 9730
1DBF2C0F8E169A8; 9740
1DBF2C117DFFBA8; 9740
1DBF2C250CCA028; 9757
1DBF2C26A6DE7A8; 9757
1DBF2C362FB0E28; 9758
1DBF2C387EF8128; 9758
1DBF2C4FED949A8; 9770
1DBF2C51B7581A8; 9770
1DBF2C6516735A8; 9785
1DBF2C66CD240A8; 9785
1DBF2C773AD8328; 9791
1DBF2C792AC1528; 9791
1DBF2C8E10DE3A8; 9791
1DBF2C90569C028; 9791
1DBF2CA79F12EA8; 9810
1DBF2CA93927628; 9810
1DBF2CB95A904A8; 9805
1DBF2CBB8D3B428; 9805
1DBF2CD0F8DBDA8; 9809
1DBF2CD30561328; 9809
1DBF2CE97C092A8; 9814
1DBF2CEBD4D9C28; 9814
1DBF2D02255C1A8; 9807
1DBF2D040BBBD28; 9807
1DBF2D196DD3028; 9817
1DBF2D1B70CEF28; 9817
1DBF2D2EF60FD28; 9814
1DBF2D3128BACA8; 9814
1DBF2D4837F9428; 9813
1DBF2D4A90C9DA8; 9813
1DBF2D61E2CA2A8; 9827
1DBF2D638FF1728; 9827
1DBF2D7600A18A8; 9844
1DBF2D776B06FA8; 9844
1DBF2D865B42E28; 9848
1DBF2D888464728; 9848
1DBF2D9E32C6E28; 9855
1DBF2D9EFFCD142; 9855
1DBF2DA048D5A28; 9855
1DBF2DB41F226C2; 9872
1DBF2DB5682AFA8; 9872
1DBF2DB5A24AD36; 9872
1DBF2DB5A624142; 9872
1DBF2DB6EF2CA28; 9872
1DBF2DC5D6C68B6; 9896
1DBF2DC5DA9FCC2; 9896
1DBF2DC6B537B11; 9896
1DBF2DC6BBA84B6; 9896
1DBF2DC6BF818C2; 9896
1DBF2DC8088A1A8; 9896
1DBF2DD00EF0A91; 9903
1DBF2DD01561436; 9903
1DBF2DD0193A842; 9903
1DBF2DD16243128; 9903
1DBF2DD1A24E542; 9903
1DBF2DD1A905211; 9903
1DBF2DD1AF75BB6; 9903
1DBF2DD1B34EFC2; 9903
1DBF2DD2FC578A8; 9903
1DBF2DE26F608C2; 9922
1DBF2DE27617591; 9922
1DBF2DE27C87F36; 9922
1DBF2DE28061342; 9922
1DBF2DE3BA7A6A1; 9922
1DBF2DE3BD29C42; 9922
1DBF2DE3C3E0911; 9922
1DBF2DE3C969C28; 9922
1DBF2DE3CA512B6; 9922
1DBF2DE3CE2A6C2; 9922
1DBF2DE51732FA8; 9922
1DBF2DF08133AD0; 9930
1DBF2DF08194C21; 9930
1DBF2DF084441C2; 9930
1DBF2DF08AFAE91; 9930
1DBF2DF0916B836; 9930
1DBF2DF09544C42; 9930
1DBF2DF1DE4D528; 9930
1DBF2DF2246EDAF; 9930
1DBF2DF224D18D0; 9930
1DBF2DF22532A21; 9930
1DBF2DF227E1FC2; 9930
1DBF2DF22E98C91; 9930
1DBF2DF23509636; 9930
1DBF2DF238E2A42; 9930
1DBF2DF381EB328; 9930
1DBF2E043EEB54B; 9934
1DBF2E043F4A4AF; 9934
1DBF2E043FACFD0; 9934
1DBF2E04400E121; 9934
1DBF2E0442BD6C2; 9934
1DBF2E044974391; 9934
1DBF2E044FE4D36; 9934
1DBF2E0453BE142; 9934
1DBF2E059CC6A28; 9934
1DBF2E06680CE4B; 9934
1DBF2E06686BDAF; 9934
1DBF2E0668CE8D0; 9934
1DBF2E06692FA21; 9934
1DBF2E066BDEFC2; 9934
1DBF2E067295C91; 9934
1DBF2E07C5E8328; 9934
1DBF2E1CC218A4B; 9941
1DBF2E1CC2779AF; 9941
1DBF2E1CC2DA4D0; 9941
1DBF2E1CC33B621; 9941
1DBF2E1CC5EABC2; 9941
1DBF2E1CD6EB642; 9941
1DBF2E1E1FF3F28; 9941
1DBF2E1EC51494B; 9941
1DBF2E1EC5738AF; 9941
1DBF2E1EC5D63D0; 9941
1DBF2E1EC637521; 9941
1DBF2E1EC8E6AC2; 9941
1DBF2E2022EFE28; 9941
1DBF2E33E469ECB; 9945
1DBF2E33E4C8E2F; 9945
1DBF2E33E52B950; 9945
1DBF2E33F93CAC2; 9945
1DBF2E3542453A8; 9945
1DBF2E362A27B4B; 9945
1DBF2E362A86AAF; 9945
1DBF2E378803028; 9945
1DBF2E4CDBC80C2; 9951
1DBF2E4E24D09A8; 9951
1DBF2E501E43228; 9951
1DBF2E648D266C2; 9952
1DBF2E65D62EFA8; 9952
1DBF2E6825762A8; 9952
1DBF2E7E1B5B1C2; 9970
1DBF2E7F6463AA8; 9970
1DBF2E80EB65528; 9970
1DBF2E90FE7C142; 9995
1DBF2E924784A28; 9995
1DBF2E9A0BE9CC2; 9991
1DBF2E9B54F25A8; 9991
1DBF2E9D44DB7A8; 9991
1DBF2EAFE071DC2; 9992
1DBF2EB1297A6A8; 9992
1DBF2EB365AECA8; 9992
1DBF2EC96EA68C2; 9995
1DBF2ECAB7AF1A8; 9995
1DBF2ECCD747428; 9995
1DBF2EE293F3C42; 10015
1DBF2EE3DCFC528; 10015
1DBF2EE5695BE30; 10015
1DBF2EF3A3C7D42; 10015
1DBF2EF4E8A4E30; 10015
1DBF2F0D1EE9B42; 10021
1DBF2F0F480B442; 10021
1DBF2F24FFF71C2; 10026
1DBF2F270C7C742; 10026
1DBF2F3D4062942; 10035
1DBF2F3F304BB42; 10035
1DBF2F53AD81242; 10036
1DBF2F55E9B5842; 10036
1DBF2F6D28A3042; 10037
1DBF2F6F5B4DFC2; 10037
1DBF2F86A3C4E42; 10037
1DBF2F88D66FDC2; 10037
1DBF2FA01EE6C42; 10043
1DBF2FA23E7EEC2; 10043
1DBF2FB7ECE15C2; 10046
1DBF2FBA1602EC2; 10046
1DBF2FD11BB7FC2; 10045
1DBF2FD34E62F42; 10045
1DBF2FEA96D9DC2; 10048
1DBF2FECC984D42; 10048
1DBF300411FBBC2; 10048
1DBF30064E301C2; 10048
1DBF301D8D1D9C2; 10051
1DBF301FBFC8942; 10051
1DBF3037083F7C2; 10056
1DBF303927D7A42; 10056
1DBF304F81E3642; 10050
1DBF30518E68BC2; 10050
1DBF30674654942; 10051
1DBF30698288F42; 10051
1DBF3080C176742; 10055
1DBF3082EA98042; 10055
1DBF309990EF042; 10052
1DBF309BBA10942; 10052
1DBF30B2B63C3C2; 10055
1DBF30B4E8E7342; 10055
1DBF30CC315E1C2; 10058
1DBF30CE6409142; 10058
1DBF30E5AC7FFC2; 10065
1DBF30E7AF7BEC2; 10065
1DBF30FD1B1C842; 10057
1DBF30FF148F0C2; 10057
1DBF3113DE0FBC2; 10060
1DBF311607314C2; 10060
1DBF312D035CF42; 10059
1DBF312F3607EC2; 10059
1DBF31467E7ED42; 10063
1DBF3148A7A0642; 10063
1DBF315F4DF7642; 10061
1DBF316180A25C2; 10061
1DBF3178D2A2AC2; 10060
1DBF317B054DA42; 10060
1DBF31924DC48C2; 10058
1DBF319489F8EC2; 10058
1DBF31ABD26FD42; 10057
1DBF31ADFB91642; 10057
1DBF31C54D91B42; 10062
1DBF31C763A0742; 10062
1DBF31DDBDAC342; 10053
1DBF31DFAD95542; 10053
1DBF31F42ACAC42; 10051
1DBF31F666FF242; 10051
1DBF320DA5ECA42; 10051
1DBF320FD8979C2; 10051
1DBF32272A97EC2; 10052
1DBF32295D42E42; 10052
1DBF3240A5B9CC2; 10052
1DBF3242D864C42; 10052
1DBF325A20DBAC2; 10053
1DBF325C5386A42; 10053
1DBF32739BFD8C2; 10058
1DBF3275BB95B42; 10058
1DBF328C15A1742; 10059
1DBF328E484C6C2; 10059
1DBF32A59A4CBC2; 10061
1DBF32A7CCF7B42; 10061
1DBF32BF156E9C2; 10059
1DBF32C14819942; 10059
1DBF32D890907C2; 10059
1DBF32DAC33B742; 10059
1DBF32F20BB25C2; 10057
1DBF32F43E5D542; 10057
1DBF330B86D43C2; 10058
1DBF330DB97F342; 10058
1DBF332501F61C2; 10064
1DBF33270E7B742; 10064
1DBF333CC6674C2; 10074
1DBF333EA33D9C2; 10074
1DBF335287DC8C2; 10074
1DBF3354BA87842; 10074
1DBF336C02FE6C2; 10083
1DBF336DF2E78C2; 10083
1DBF3382701CFC2; 10075
1DBF338465B6436; 10075
1DBF3398F5FE836; 10079
1DBF339B0F26111; 10079
1DBF33B172BB391; 10078
1DBF33B39EAF642; 10078
1DBF33CAE7264C2; 10112
1DBF33D52311AA1; 10147
1DBF33D6A028D50; 10152
1DBF33D81D3E62F; 10158
1DBF33D98744DCB; 10157
1DBF33EB332E273; 10154
1DBF33ED5C4FB73; 10154
1DBF340402A6B73; 10137
1DBF34059331C73; 10137
1DBF34163A1E5F3; 10129
1DBF341816F4AF3; 10129
1DBF342BA5BEF73; 10127
1DBF342DE1F3573; 10127
1DBF344520E0D73; 10135
1DBF344723DCC73; 10135
1DBF345C43321F3; 10116
1DBF345DB720F73; 10116
1DBF346D1044573; 10097
1DBF346E2E5E873; 10097
1DBF347A070DB73; 10085
1DBF347B4B4D873; 10085
1DBF348956A7AF3; 10120
1DBF348B92DC0F3; 10122
1DBF34946711573; 10153
1DBF3496B658873; 10155
1DBF349FBA3CD73; 10196
1DBF34A12E2BAF3; 10207
1DBF34A2B52D573; 10204
1DBF34A41F92C73; 10203
1DBF34A5DFCCDF3; 10203
1DBF34B73BEC2F3; 10258
1DBF34B8A6519F3; 10255
1DBF34BAEC0F673; 10247
1DBF34BC5674D73; 10253
1DBF34BEA5BC073; 10253
1DBF34BFFD0EA73; 10253
1DBF34D745858F3; 10318
1DBF34D9A7DF8F3; 10320
1DBF34E34DE3C73; 10317
1DBF34E550DFB73; 10317
1DBF34FA8347DF3; 10301
1DBF34FC4381F73; 10301
1DBF350D10942F3; 10292
1DBF350EC744DF3; 10292
1DBF3521E39E473; 10289
1DBF35240CBFD73; 10289
1DBF353B1274E73; 10273
1DBF353CBF9C2F3; 10273
1DBF354E2544E73; 10262
1DBF354FEF08673; 10262
1DBF3561F6D1073; 10258
1DBF35640CDFC73; 10258
1DBF357A2429AF3; 10249
1DBF357C1412CF3; 10249
1DBF359044FCFF3; 10244
1DBF35926E1E8F3; 10244
1DBF35A87255A73; 10236
1DBF35AA91EDCF3; 10236
1DBF35BF64F7E73; 10228
1DBF35C141CE373; 10228
1DBF35D5C88D0F3; 10214
1DBF35D788C7273; 10214
1DBF35E91E1EE73; 10201
1DBF35EAAEA9F73; 10201
1DBF35FB8545973; 10198
1DBF35FDC179F73; 10198
1DBF361467D0F73; 10185
1DBF36163B1DDF3; 10185
1DBF3628DB7CFF3; 10200
1DBF362A7591773; 10200
1DBF363B7BDC1F3; 10175
1DBF36443CFE973; 10168
1DBF36462CE7B73; 10168
1DBF36564E509F3; 10163
1DBF36580E8AB73; 10163
1DBF366D5405AF3; 10158
1DBF366F903A0F3; 10158
1DBF3685C4202F3; 10155
1DBF3687E3B8573; 10155
1DBF369EFC80373; 10149
1DBF36A1423DFF3; 10149
1DBF36B6F0A06F3; 10162
1DBF36B89DC7B73; 10162
1DBF36CAD53F5F3; 10144
1DBF36CC492E373; 10144
1DBF36DA974A373; 10159
1DBF36DBE5136F3; 10159
1DBF36E9A422573; 10164
1DBF36EBB0A7AF3; 10164
1DBF37008D3B2F3; 10143
1DBF3701EE17373; 10143
1DBF370FEFE7F73; 10171
1DBF37141C05773; 10152
1DBF3715AC90873; 10149
1DBF37178966D73; 10151
1DBF371EB074D73; 10159
1DBF371FF4B4A73; 10159
1DBF372D081A3F3; 10175
1DBF372E2FBDD73; 10175
1DBF373AA103873; 10196
1DBF3740E32FC73; 10204
1DBF37420149F73; 10204
1DBF374D37D93F3; 10210
1DBF374F14AF8F3; 10210
1DBF37620AE3573; 10233
1DBF37639B6E673; 10233
1DBF3770AED3FF3; 10246
1DBF377E180E3F3; 10264
1DBF377F3FB1D73; 10264
1DBF3789DDAA9F3; 10268
1DBF378BCD93BF3; 10268
1DBF37A06765673; 10269
1DBF37A2B6AC973; 10269
1DBF37B9FF237F3; 10264
1DBF37BC31CE773; 10264
1DBF37D28302ED7; 10256
1DBF37D28BDA373; 10256
1DBF37D49E22FC5; 10256
1DBF37E967A3AC5; 10255
1DBF37EBB07FF68; 10255
1DBF3802F8F6DE8; 10250
1DBF38053881764; 10250
1DBF381B9C169E4; 10234
1DBF381D448EDE8; 10234
1DBF382E5DEC568; 10218
1DBF382FCDCD677; 10218
1DBF383EBE094F7; 10198
1DBF384A5B46406; 10192
